timestamp,price_pnl,long_price_pnl,short_price_pnl,funding_pnl,long_funding_pnl,short_funding_pnl,forced_exit_boundary_funding_pnl,fees,slippage,net_return,turnover,gross_exposure,net_exposure,long_exposure,short_exposure,requested_notional,unfilled_notional,forced_exit_requested_notional,forced_exit_unfilled_notional,forced_exit_turnover,conservative_settlement_notional,conservative_settlement_loss,terminal_unresolved_notional,risk_reduction_turnover,risk_cap_breach,risk_cap_required_scale,equity,risk_policy_id,risk_policy_turnover,risk_policy_gross_scale,risk_policy_drawdown,risk_policy_annualized_volatility,risk_policy_reasons
2020-02-03T00:00:00Z,0,0,0,0,0,0,-0,0,0,0,0,0,0,0,-0,0,0,0,0,0,0,0,0,0,False,1,100000,team-10-v3-controlled,0,0.25,0,,volatility_target
2020-02-03T08:00:00Z,0,0,0,0,0,0,-0,0,0,0,0,0,0,0,-0,0,0,0,0,0,0,0,0,0,False,1,100000,team-10-v3-controlled,0,0.25,0,,volatility_target
2020-02-03T16:00:00Z,0,0,0,0,0,0,-0,0,0,0,0,0,0,0,-0,0,0,0,0,0,0,0,0,0,False,1,100000,team-10-v3-controlled,0,0.25,0,,volatility_target
2020-02-04T00:00:00Z,0,0,0,0,0,0,-0,0,0,0,0,0,0,0,-0,0,0,0,0,0,0,0,0,0,False,1,100000,team-10-v3-controlled,0,0.25,0,,volatility_target
2020-02-04T08:00:00Z,0,0,0,0,0,0,-0,0,0,0,0,0,0,0,-0,0,0,0,0,0,0,0,0,0,False,1,100000,team-10-v3-controlled,0,0.25,0,,volatility_target
2020-02-04T16:00:00Z,0,0,0,0,0,0,-0,0,0,0,0,0,0,0,-0,0,0,0,0,0,0,0,0,0,False,1,100000,team-10-v3-controlled,0,0.25,0,,volatility_target
2020-02-05T00:00:00Z,0,0,0,0,0,0,-0,0,0,0,0,0,0,0,-0,0,0,0,0,0,0,0,0,0,False,1,100000,team-10-v3-controlled,0,0.25,0,,volatility_target
2020-02-05T08:00:00Z,0,0,0,0,0,0,-0,0,0,0,0,0,0,0,-0,0,0,0,0,0,0,0,0,0,False,1,100000,team-10-v3-controlled,0,0.25,0,,volatility_target
2020-02-05T16:00:00Z,0,0,0,0,0,0,-0,0,0,0,0,0,0,0,-0,0,0,0,0,0,0,0,0,0,False,1,100000,team-10-v3-controlled,0,0.25,0,,volatility_target
2020-02-06T00:00:00Z,0,0,0,0,0,0,-0,0,0,0,0,0,0,0,-0,0,0,0,0,0,0,0,0,0,False,1,100000,team-10-v3-controlled,0,0.25,0,,volatility_target
2020-02-06T08:00:00Z,0,0,0,0,0,0,-0,0,0,0,0,0,0,0,-0,0,0,0,0,0,0,0,0,0,False,1,100000,team-10-v3-controlled,0,0.25,0,,volatility_target
2020-02-06T16:00:00Z,0,0,0,0,0,0,-0,0,0,0,0,0,0,0,-0,0,0,0,0,0,0,0,0,0,False,1,100000,team-10-v3-controlled,0,0.25,0,,volatility_target
2020-02-07T00:00:00Z,0,0,0,0,0,0,-0,0,0,0,0,0,0,0,-0,0,0,0,0,0,0,0,0,0,False,1,100000,team-10-v3-controlled,0,0.25,0,,volatility_target
2020-02-07T08:00:00Z,0,0,0,0,0,0,-0,0,0,0,0,0,0,0,-0,0,0,0,0,0,0,0,0,0,False,1,100000,team-10-v3-controlled,0,0.25,0,,volatility_target
2020-02-07T16:00:00Z,0,0,0,0,0,0,-0,0,0,0,0,0,0,0,-0,0,0,0,0,0,0,0,0,0,False,1,100000,team-10-v3-controlled,0,0.25,0,,volatility_target
2020-02-08T00:00:00Z,0,0,0,0,0,0,-0,0,0,0,0,0,0,0,-0,0,0,0,0,0,0,0,0,0,False,1,100000,team-10-v3-controlled,0,0.25,0,,volatility_target
2020-02-08T08:00:00Z,0,0,0,0,0,0,-0,0,0,0,0,0,0,0,-0,0,0,0,0,0,0,0,0,0,False,1,100000,team-10-v3-controlled,0,0.25,0,,volatility_target
2020-02-08T16:00:00Z,0,0,0,0,0,0,-0,0,0,0,0,0,0,0,-0,0,0,0,0,0,0,0,0,0,False,1,100000,team-10-v3-controlled,0,0.25,0,,volatility_target
2020-02-09T00:00:00Z,0,0,0,0,0,0,-0,0,0,0,0,0,0,0,-0,0,0,0,0,0,0,0,0,0,False,1,100000,team-10-v3-controlled,0,0.25,0,,volatility_target
2020-02-09T08:00:00Z,0,0,0,0,0,0,-0,0,0,0,0,0,0,0,-0,0,0,0,0,0,0,0,0,0,False,1,100000,team-10-v3-controlled,0,0.25,0,,volatility_target
2020-02-09T16:00:00Z,0,0,0,0,0,0,-0,0,0,0,0,0,0,0,-0,0,0,0,0,0,0,0,0,0,False,1,100000,team-10-v3-controlled,0,0.25,0,,volatility_target
2020-02-10T00:00:00Z,0,0,0,0,0,0,-0,0,0,0,0,0,0,0,-0,0,0,0,0,0,0,0,0,0,False,1,100000,team-10-v3-controlled,0,0.25,0,,volatility_target
2020-02-10T08:00:00Z,0,0,0,0,0,0,-0,0,0,0,0,0,0,0,-0,0,0,0,0,0,0,0,0,0,False,1,100000,team-10-v3-controlled,0,0.25,0,,volatility_target
2020-02-10T16:00:00Z,0,0,0,0,0,0,-0,0,0,0,0,0,0,0,-0,0,0,0,0,0,0,0,0,0,False,1,100000,team-10-v3-controlled,0,0.25,0,,volatility_target
2020-02-11T00:00:00Z,0,0,0,0,0,0,-0,0,0,0,0,0,0,0,-0,0,0,0,0,0,0,0,0,0,False,1,100000,team-10-v3-controlled,0,0.25,0,,volatility_target
2020-02-11T08:00:00Z,0,0,0,0,0,0,-0,0,0,0,0,0,0,0,-0,0,0,0,0,0,0,0,0,0,False,1,100000,team-10-v3-controlled,0,0.25,0,,volatility_target
2020-02-11T16:00:00Z,0,0,0,0,0,0,-0,0,0,0,0,0,0,0,-0,0,0,0,0,0,0,0,0,0,False,1,100000,team-10-v3-controlled,0,0.25,0,,volatility_target
2020-02-12T00:00:00Z,0,0,0,0,0,0,-0,0,0,0,0,0,0,0,-0,0,0,0,0,0,0,0,0,0,False,1,100000,team-10-v3-controlled,0,0.25,0,,volatility_target
2020-02-12T08:00:00Z,0,0,0,0,0,0,-0,0,0,0,0,0,0,0,-0,0,0,0,0,0,0,0,0,0,False,1,100000,team-10-v3-controlled,0,0.25,0,,volatility_target
2020-02-12T16:00:00Z,0,0,0,0,0,0,-0,0,0,0,0,0,0,0,-0,0,0,0,0,0,0,0,0,0,False,1,100000,team-10-v3-controlled,0,0.25,0,,volatility_target
2020-02-13T00:00:00Z,0,0,0,0,0,0,-0,0,0,0,0,0,0,0,-0,0,0,0,0,0,0,0,0,0,False,1,100000,team-10-v3-controlled,0,0.25,0,,volatility_target
2020-02-13T08:00:00Z,0,0,0,0,0,0,-0,0,0,0,0,0,0,0,-0,0,0,0,0,0,0,0,0,0,False,1,100000,team-10-v3-controlled,0,0.25,0,,volatility_target
2020-02-13T16:00:00Z,0,0,0,0,0,0,-0,0,0,0,0,0,0,0,-0,0,0,0,0,0,0,0,0,0,False,1,100000,team-10-v3-controlled,0,0.25,0,,volatility_target
2020-02-14T00:00:00Z,0,0,0,0,0,0,-0,0,0,0,0,0,0,0,-0,0,0,0,0,0,0,0,0,0,False,1,100000,team-10-v3-controlled,0,0.25,0,,volatility_target
2020-02-14T08:00:00Z,0,0,0,0,0,0,-0,0,0,0,0,0,0,0,-0,0,0,0,0,0,0,0,0,0,False,1,100000,team-10-v3-controlled,0,0.25,0,,volatility_target
2020-02-14T16:00:00Z,0,0,0,0,0,0,-0,0,0,0,0,0,0,0,-0,0,0,0,0,0,0,0,0,0,False,1,100000,team-10-v3-controlled,0,0.25,0,,volatility_target
2020-02-15T00:00:00Z,0,0,0,0,0,0,-0,0,0,0,0,0,0,0,-0,0,0,0,0,0,0,0,0,0,False,1,100000,team-10-v3-controlled,0,0.25,0,,volatility_target
2020-02-15T08:00:00Z,0,0,0,0,0,0,-0,0,0,0,0,0,0,0,-0,0,0,0,0,0,0,0,0,0,False,1,100000,team-10-v3-controlled,0,0.25,0,,volatility_target
2020-02-15T16:00:00Z,0,0,0,0,0,0,-0,0,0,0,0,0,0,0,-0,0,0,0,0,0,0,0,0,0,False,1,100000,team-10-v3-controlled,0,0.25,0,,volatility_target
2020-02-16T00:00:00Z,0,0,0,0,0,0,-0,0,0,0,0,0,0,0,-0,0,0,0,0,0,0,0,0,0,False,1,100000,team-10-v3-controlled,0,0.25,0,,volatility_target
2020-02-16T08:00:00Z,0,0,0,0,0,0,-0,0,0,0,0,0,0,0,-0,0,0,0,0,0,0,0,0,0,False,1,100000,team-10-v3-controlled,0,0.25,0,,volatility_target
2020-02-16T16:00:00Z,0,0,0,0,0,0,-0,0,0,0,0,0,0,0,-0,0,0,0,0,0,0,0,0,0,False,1,100000,team-10-v3-controlled,0,0.25,0,,volatility_target
2020-02-17T00:00:00Z,0,0,0,0,0,0,-0,0,0,0,0,0,0,0,-0,0,0,0,0,0,0,0,0,0,False,1,100000,team-10-v3-controlled,0,0.25,0,,volatility_target
2020-02-17T08:00:00Z,0,0,0,0,0,0,-0,0,0,0,0,0,0,0,-0,0,0,0,0,0,0,0,0,0,False,1,100000,team-10-v3-controlled,0,0.25,0,,volatility_target
2020-02-17T16:00:00Z,0,0,0,0,0,0,-0,0,0,0,0,0,0,0,-0,0,0,0,0,0,0,0,0,0,False,1,100000,team-10-v3-controlled,0,0.25,0,,volatility_target
2020-02-18T00:00:00Z,0,0,0,0,0,0,-0,0,0,0,0,0,0,0,-0,0,0,0,0,0,0,0,0,0,False,1,100000,team-10-v3-controlled,0,0.25,0,,volatility_target
2020-02-18T08:00:00Z,0,0,0,0,0,0,-0,0,0,0,0,0,0,0,-0,0,0,0,0,0,0,0,0,0,False,1,100000,team-10-v3-controlled,0,0.25,0,,volatility_target
2020-02-18T16:00:00Z,0,0,0,0,0,0,-0,0,0,0,0,0,0,0,-0,0,0,0,0,0,0,0,0,0,False,1,100000,team-10-v3-controlled,0,0.25,0,,volatility_target
2020-02-19T00:00:00Z,0,0,0,0,0,0,-0,0,0,0,0,0,0,0,-0,0,0,0,0,0,0,0,0,0,False,1,100000,team-10-v3-controlled,0,0.25,0,,volatility_target
2020-02-19T08:00:00Z,0,0,0,0,0,0,-0,0,0,0,0,0,0,0,-0,0,0,0,0,0,0,0,0,0,False,1,100000,team-10-v3-controlled,0,0.25,0,,volatility_target
2020-02-19T16:00:00Z,0,0,0,0,0,0,-0,0,0,0,0,0,0,0,-0,0,0,0,0,0,0,0,0,0,False,1,100000,team-10-v3-controlled,0,0.25,0,,volatility_target
2020-02-20T00:00:00Z,0,0,0,0,0,0,-0,0,0,0,0,0,0,0,-0,0,0,0,0,0,0,0,0,0,False,1,100000,team-10-v3-controlled,0,0.25,0,,volatility_target
2020-02-20T08:00:00Z,0,0,0,0,0,0,-0,0,0,0,0,0,0,0,-0,0,0,0,0,0,0,0,0,0,False,1,100000,team-10-v3-controlled,0,0.25,0,,volatility_target
2020-02-20T16:00:00Z,0,0,0,0,0,0,-0,0,0,0,0,0,0,0,-0,0,0,0,0,0,0,0,0,0,False,1,100000,team-10-v3-controlled,0,0.25,0,,volatility_target
2020-02-21T00:00:00Z,0,0,0,0,0,0,-0,0,0,0,0,0,0,0,-0,0,0,0,0,0,0,0,0,0,False,1,100000,team-10-v3-controlled,0,0.25,0,,volatility_target
2020-02-21T08:00:00Z,0,0,0,0,0,0,-0,0,0,0,0,0,0,0,-0,0,0,0,0,0,0,0,0,0,False,1,100000,team-10-v3-controlled,0,0.25,0,,volatility_target
2020-02-21T16:00:00Z,0,0,0,0,0,0,-0,0,0,0,0,0,0,0,-0,0,0,0,0,0,0,0,0,0,False,1,100000,team-10-v3-controlled,0,0.25,0,,volatility_target
2020-02-22T00:00:00Z,0,0,0,0,0,0,-0,0,0,0,0,0,0,0,-0,0,0,0,0,0,0,0,0,0,False,1,100000,team-10-v3-controlled,0,0.25,0,,volatility_target
2020-02-22T08:00:00Z,0,0,0,0,0,0,-0,0,0,0,0,0,0,0,-0,0,0,0,0,0,0,0,0,0,False,1,100000,team-10-v3-controlled,0,0.25,0,,volatility_target
2020-02-22T16:00:00Z,0,0,0,0,0,0,-0,0,0,0,0,0,0,0,-0,0,0,0,0,0,0,0,0,0,False,1,100000,team-10-v3-controlled,0,0.25,0,,volatility_target
2020-02-23T00:00:00Z,0,0,0,0,0,0,-0,0,0,0,0,0,0,0,-0,0,0,0,0,0,0,0,0,0,False,1,100000,team-10-v3-controlled,0,0.25,0,,volatility_target
2020-02-23T08:00:00Z,0,0,0,0,0,0,-0,0,0,0,0,0,0,0,-0,0,0,0,0,0,0,0,0,0,False,1,100000,team-10-v3-controlled,0,0.25,0,,volatility_target
2020-02-23T16:00:00Z,0,0,0,0,0,0,-0,0,0,0,0,0,0,0,-0,0,0,0,0,0,0,0,0,0,False,1,100000,team-10-v3-controlled,0,0.25,0,,volatility_target
2020-02-24T00:00:00Z,0,0,0,0,0,0,-0,0,0,0,0,0,0,0,-0,0,0,0,0,0,0,0,0,0,False,1,100000,team-10-v3-controlled,0,0.25,0,,volatility_target
2020-02-24T08:00:00Z,0,0,0,0,0,0,-0,0,0,0,0,0,0,0,-0,0,0,0,0,0,0,0,0,0,False,1,100000,team-10-v3-controlled,0,0.25,0,,volatility_target
2020-02-24T16:00:00Z,0,0,0,0,0,0,-0,0,0,0,0,0,0,0,-0,0,0,0,0,0,0,0,0,0,False,1,100000,team-10-v3-controlled,0,0.25,0,,volatility_target
2020-02-25T00:00:00Z,0,0,0,0,0,0,-0,0,0,0,0,0,0,0,-0,0,0,0,0,0,0,0,0,0,False,1,100000,team-10-v3-controlled,0,0.25,0,,volatility_target
2020-02-25T08:00:00Z,0,0,0,0,0,0,-0,0,0,0,0,0,0,0,-0,0,0,0,0,0,0,0,0,0,False,1,100000,team-10-v3-controlled,0,0.25,0,,volatility_target
2020-02-25T16:00:00Z,0,0,0,0,0,0,-0,0,0,0,0,0,0,0,-0,0,0,0,0,0,0,0,0,0,False,1,100000,team-10-v3-controlled,0,0.25,0,,volatility_target
2020-02-26T00:00:00Z,0,0,0,0,0,0,-0,0,0,0,0,0,0,0,-0,0,0,0,0,0,0,0,0,0,False,1,100000,team-10-v3-controlled,0,0.25,0,,volatility_target
2020-02-26T08:00:00Z,0,0,0,0,0,0,-0,0,0,0,0,0,0,0,-0,0,0,0,0,0,0,0,0,0,False,1,100000,team-10-v3-controlled,0,0.25,0,,volatility_target
2020-02-26T16:00:00Z,0,0,0,0,0,0,-0,0,0,0,0,0,0,0,-0,0,0,0,0,0,0,0,0,0,False,1,100000,team-10-v3-controlled,0,0.25,0,,volatility_target
2020-02-27T00:00:00Z,0,0,0,0,0,0,-0,0,0,0,0,0,0,0,-0,0,0,0,0,0,0,0,0,0,False,1,100000,team-10-v3-controlled,0,0.25,0,,volatility_target
2020-02-27T08:00:00Z,0,0,0,0,0,0,-0,0,0,0,0,0,0,0,-0,0,0,0,0,0,0,0,0,0,False,1,100000,team-10-v3-controlled,0,0.25,0,,volatility_target
2020-02-27T16:00:00Z,0,0,0,0,0,0,-0,0,0,0,0,0,0,0,-0,0,0,0,0,0,0,0,0,0,False,1,100000,team-10-v3-controlled,0,0.25,0,,volatility_target
2020-02-28T00:00:00Z,0,0,0,0,0,0,-0,0,0,0,0,0,0,0,-0,0,0,0,0,0,0,0,0,0,False,1,100000,team-10-v3-controlled,0,0.25,0,,volatility_target
2020-02-28T08:00:00Z,0,0,0,0,0,0,-0,0,0,0,0,0,0,0,-0,0,0,0,0,0,0,0,0,0,False,1,100000,team-10-v3-controlled,0,0.25,0,,volatility_target
2020-02-28T16:00:00Z,0,0,0,0,0,0,-0,0,0,0,0,0,0,0,-0,0,0,0,0,0,0,0,0,0,False,1,100000,team-10-v3-controlled,0,0.25,0,,volatility_target
2020-02-29T00:00:00Z,0,0,0,0,0,0,-0,0,0,0,0,0,0,0,-0,0,0,0,0,0,0,0,0,0,False,1,100000,team-10-v3-controlled,0,0.25,0,,volatility_target
2020-02-29T08:00:00Z,0,0,0,0,0,0,-0,0,0,0,0,0,0,0,-0,0,0,0,0,0,0,0,0,0,False,1,100000,team-10-v3-controlled,0,0.25,0,,volatility_target
2020-02-29T16:00:00Z,0,0,0,0,0,0,-0,0,0,0,0,0,0,0,-0,0,0,0,0,0,0,0,0,0,False,1,100000,team-10-v3-controlled,0,0.25,0,,volatility_target
2020-03-01T00:00:00Z,0,0,0,0,0,0,-0,0,0,0,0,0,0,0,-0,0,0,0,0,0,0,0,0,0,False,1,100000,team-10-v3-controlled,0,0.25,0,,volatility_target
2020-03-01T08:00:00Z,0,0,0,0,0,0,-0,0,0,0,0,0,0,0,-0,0,0,0,0,0,0,0,0,0,False,1,100000,team-10-v3-controlled,0,0.25,0,,volatility_target
2020-03-01T16:00:00Z,0,0,0,0,0,0,-0,0,0,0,0,0,0,0,-0,0,0,0,0,0,0,0,0,0,False,1,100000,team-10-v3-controlled,0,0.25,0,,volatility_target
2020-03-02T00:00:00Z,0,0,0,0,0,0,-0,0,0,0,0,0,0,0,-0,0,0,0,0,0,0,0,0,0,False,1,100000,team-10-v3-controlled,0,0.25,0,,volatility_target
2020-03-02T08:00:00Z,0,0,0,0,0,0,-0,0,0,0,0,0,0,0,-0,0,0,0,0,0,0,0,0,0,False,1,100000,team-10-v3-controlled,0,0.25,0,,volatility_target
2020-03-02T16:00:00Z,0,0,0,0,0,0,-0,0,0,0,0,0,0,0,-0,0,0,0,0,0,0,0,0,0,False,1,100000,team-10-v3-controlled,0,0.25,0,,volatility_target
2020-03-03T00:00:00Z,0,0,0,0,0,0,-0,0,0,0,0,0,0,0,-0,0,0,0,0,0,0,0,0,0,False,1,100000,team-10-v3-controlled,0,0.25,0,,volatility_target
2020-03-03T08:00:00Z,0,0,0,0,0,0,-0,0,0,0,0,0,0,0,-0,0,0,0,0,0,0,0,0,0,False,1,100000,team-10-v3-controlled,0,0.25,0,,volatility_target
2020-03-03T16:00:00Z,0,0,0,0,0,0,-0,0,0,0,0,0,0,0,-0,0,0,0,0,0,0,0,0,0,False,1,100000,team-10-v3-controlled,0,0.25,0,,volatility_target
2020-03-04T00:00:00Z,0,0,0,0,0,0,-0,0,0,0,0,0,0,0,-0,0,0,0,0,0,0,0,0,0,False,1,100000,team-10-v3-controlled,0,1,0,0,
2020-03-04T08:00:00Z,0,0,0,0,0,0,-0,0,0,0,0,0,0,0,-0,0,0,0,0,0,0,0,0,0,False,1,100000,team-10-v3-controlled,0,1,0,0,
2020-03-04T16:00:00Z,0,0,0,0,0,0,-0,0,0,0,0,0,0,0,-0,0,0,0,0,0,0,0,0,0,False,1,100000,team-10-v3-controlled,0,1,0,0,
2020-03-05T00:00:00Z,0,0,0,0,0,0,-0,0,0,0,0,0,0,0,-0,0,0,0,0,0,0,0,0,0,False,1,100000,team-10-v3-controlled,0,1,0,0,
2020-03-05T08:00:00Z,0,0,0,0,0,0,-0,0,0,0,0,0,0,0,-0,0,0,0,0,0,0,0,0,0,False,1,100000,team-10-v3-controlled,0,1,0,0,
2020-03-05T16:00:00Z,0,0,0,0,0,0,-0,0,0,0,0,0,0,0,-0,0,0,0,0,0,0,0,0,0,False,1,100000,team-10-v3-controlled,0,1,0,0,
2020-03-06T00:00:00Z,0,0,0,0,0,0,-0,0,0,0,0,0,0,0,-0,0,0,0,0,0,0,0,0,0,False,1,100000,team-10-v3-controlled,0,1,0,0,
2020-03-06T08:00:00Z,0,0,0,0,0,0,-0,0,0,0,0,0,0,0,-0,0,0,0,0,0,0,0,0,0,False,1,100000,team-10-v3-controlled,0,1,0,0,
2020-03-06T16:00:00Z,0,0,0,0,0,0,-0,0,0,0,0,0,0,0,-0,0,0,0,0,0,0,0,0,0,False,1,100000,team-10-v3-controlled,0,1,0,0,
2020-03-07T00:00:00Z,0,0,0,0,0,0,-0,0,0,0,0,0,0,0,-0,0,0,0,0,0,0,0,0,0,False,1,100000,team-10-v3-controlled,0,1,0,0,
2020-03-07T08:00:00Z,0,0,0,0,0,0,-0,0,0,0,0,0,0,0,-0,0,0,0,0,0,0,0,0,0,False,1,100000,team-10-v3-controlled,0,1,0,0,
2020-03-07T16:00:00Z,0,0,0,0,0,0,-0,0,0,0,0,0,0,0,-0,0,0,0,0,0,0,0,0,0,False,1,100000,team-10-v3-controlled,0,1,0,0,
2020-03-08T00:00:00Z,0,0,0,0,0,0,-0,0,0,0,0,0,0,0,-0,0,0,0,0,0,0,0,0,0,False,1,100000,team-10-v3-controlled,0,1,0,0,
2020-03-08T08:00:00Z,0,0,0,0,0,0,-0,0,0,0,0,0,0,0,-0,0,0,0,0,0,0,0,0,0,False,1,100000,team-10-v3-controlled,0,1,0,0,
2020-03-08T16:00:00Z,0,0,0,0,0,0,-0,0,0,0,0,0,0,0,-0,0,0,0,0,0,0,0,0,0,False,1,100000,team-10-v3-controlled,0,1,0,0,
2020-03-09T00:00:00Z,0,0,0,0,0,0,-0,0,0,0,0,0,0,0,-0,0,0,0,0,0,0,0,0,0,False,1,100000,team-10-v3-controlled,0,1,0,0,
2020-03-09T08:00:00Z,0,0,0,0,0,0,-0,0,0,0,0,0,0,0,-0,0,0,0,0,0,0,0,0,0,False,1,100000,team-10-v3-controlled,0,1,0,0,
2020-03-09T16:00:00Z,0,0,0,0,0,0,-0,0,0,0,0,0,0,0,-0,0,0,0,0,0,0,0,0,0,False,1,100000,team-10-v3-controlled,0,1,0,0,
2020-03-10T00:00:00Z,0,0,0,0,0,0,-0,0,0,0,0,0,0,0,-0,0,0,0,0,0,0,0,0,0,False,1,100000,team-10-v3-controlled,0,1,0,0,
2020-03-10T08:00:00Z,0,0,0,0,0,0,-0,0,0,0,0,0,0,0,-0,0,0,0,0,0,0,0,0,0,False,1,100000,team-10-v3-controlled,0,1,0,0,
2020-03-10T16:00:00Z,0,0,0,0,0,0,-0,0,0,0,0,0,0,0,-0,0,0,0,0,0,0,0,0,0,False,1,100000,team-10-v3-controlled,0,1,0,0,
2020-03-11T00:00:00Z,0,0,0,0,0,0,-0,0,0,0,0,0,0,0,-0,0,0,0,0,0,0,0,0,0,False,1,100000,team-10-v3-controlled,0,1,0,0,
2020-03-11T08:00:00Z,0,0,0,0,0,0,-0,0,0,0,0,0,0,0,-0,0,0,0,0,0,0,0,0,0,False,1,100000,team-10-v3-controlled,0,1,0,0,
2020-03-11T16:00:00Z,0,0,0,0,0,0,-0,0,0,0,0,0,0,0,-0,0,0,0,0,0,0,0,0,0,False,1,100000,team-10-v3-controlled,0,1,0,0,
2020-03-12T00:00:00Z,0,0,0,0,0,0,-0,0,0,0,0,0,0,0,-0,0,0,0,0,0,0,0,0,0,False,1,100000,team-10-v3-controlled,0,1,0,0,
2020-03-12T08:00:00Z,0,0,0,0,0,0,-0,0,0,0,0,0,0,0,-0,0,0,0,0,0,0,0,0,0,False,1,100000,team-10-v3-controlled,0,1,0,0,
2020-03-12T16:00:00Z,0,0,0,0,0,0,-0,0,0,0,0,0,0,0,-0,0,0,0,0,0,0,0,0,0,False,1,100000,team-10-v3-controlled,0,1,0,0,
2020-03-13T00:00:00Z,0,0,0,0,0,0,-0,0,0,0,0,0,0,0,-0,0,0,0,0,0,0,0,0,0,False,1,100000,team-10-v3-controlled,0,1,0,0,
2020-03-13T08:00:00Z,0,0,0,0,0,0,-0,0,0,0,0,0,0,0,-0,0,0,0,0,0,0,0,0,0,False,1,100000,team-10-v3-controlled,0,1,0,0,
2020-03-13T16:00:00Z,0,0,0,0,0,0,-0,0,0,0,0,0,0,0,-0,0,0,0,0,0,0,0,0,0,False,1,100000,team-10-v3-controlled,0,1,0,0,
2020-03-14T00:00:00Z,0,0,0,0,0,0,-0,0,0,0,0,0,0,0,-0,0,0,0,0,0,0,0,0,0,False,1,100000,team-10-v3-controlled,0,1,0,0,
2020-03-14T08:00:00Z,0,0,0,0,0,0,-0,0,0,0,0,0,0,0,-0,0,0,0,0,0,0,0,0,0,False,1,100000,team-10-v3-controlled,0,1,0,0,
2020-03-14T16:00:00Z,0,0,0,0,0,0,-0,0,0,0,0,0,0,0,-0,0,0,0,0,0,0,0,0,0,False,1,100000,team-10-v3-controlled,0,1,0,0,
2020-03-15T00:00:00Z,0,0,0,0,0,0,-0,0,0,0,0,0,0,0,-0,0,0,0,0,0,0,0,0,0,False,1,100000,team-10-v3-controlled,0,1,0,0,
2020-03-15T08:00:00Z,0,0,0,0,0,0,-0,0,0,0,0,0,0,0,-0,0,0,0,0,0,0,0,0,0,False,1,100000,team-10-v3-controlled,0,1,0,0,
2020-03-15T16:00:00Z,0,0,0,0,0,0,-0,0,0,0,0,0,0,0,-0,0,0,0,0,0,0,0,0,0,False,1,100000,team-10-v3-controlled,0,1,0,0,
2020-03-16T00:00:00Z,0,0,0,0,0,0,-0,0,0,0,0,0,0,0,-0,0,0,0,0,0,0,0,0,0,False,1,100000,team-10-v3-controlled,0,1,0,0,
2020-03-16T08:00:00Z,0,0,0,0,0,0,-0,0,0,0,0,0,0,0,-0,0,0,0,0,0,0,0,0,0,False,1,100000,team-10-v3-controlled,0,1,0,0,
2020-03-16T16:00:00Z,0,0,0,0,0,0,-0,0,0,0,0,0,0,0,-0,0,0,0,0,0,0,0,0,0,False,1,100000,team-10-v3-controlled,0,1,0,0,
2020-03-17T00:00:00Z,0,0,0,0,0,0,-0,0,0,0,0,0,0,0,-0,0,0,0,0,0,0,0,0,0,False,1,100000,team-10-v3-controlled,0,1,0,0,
2020-03-17T08:00:00Z,0,0,0,0,0,0,-0,0,0,0,0,0,0,0,-0,0,0,0,0,0,0,0,0,0,False,1,100000,team-10-v3-controlled,0,1,0,0,
2020-03-17T16:00:00Z,0,0,0,0,0,0,-0,0,0,0,0,0,0,0,-0,0,0,0,0,0,0,0,0,0,False,1,100000,team-10-v3-controlled,0,1,0,0,
2020-03-18T00:00:00Z,0,0,0,0,0,0,-0,0,0,0,0,0,0,0,-0,0,0,0,0,0,0,0,0,0,False,1,100000,team-10-v3-controlled,0,1,0,0,
2020-03-18T08:00:00Z,0,0,0,0,0,0,-0,0,0,0,0,0,0,0,-0,0,0,0,0,0,0,0,0,0,False,1,100000,team-10-v3-controlled,0,1,0,0,
2020-03-18T16:00:00Z,0,0,0,0,0,0,-0,0,0,0,0,0,0,0,-0,0,0,0,0,0,0,0,0,0,False,1,100000,team-10-v3-controlled,0,1,0,0,
2020-03-19T00:00:00Z,0,0,0,0,0,0,-0,0,0,0,0,0,0,0,-0,0,0,0,0,0,0,0,0,0,False,1,100000,team-10-v3-controlled,0,1,0,0,
2020-03-19T08:00:00Z,0,0,0,0,0,0,-0,0,0,0,0,0,0,0,-0,0,0,0,0,0,0,0,0,0,False,1,100000,team-10-v3-controlled,0,1,0,0,
2020-03-19T16:00:00Z,0,0,0,0,0,0,-0,0,0,0,0,0,0,0,-0,0,0,0,0,0,0,0,0,0,False,1,100000,team-10-v3-controlled,0,1,0,0,
2020-03-20T00:00:00Z,0,0,0,0,0,0,-0,0,0,0,0,0,0,0,-0,0,0,0,0,0,0,0,0,0,False,1,100000,team-10-v3-controlled,0,1,0,0,
2020-03-20T08:00:00Z,0,0,0,0,0,0,-0,0,0,0,0,0,0,0,-0,0,0,0,0,0,0,0,0,0,False,1,100000,team-10-v3-controlled,0,1,0,0,
2020-03-20T16:00:00Z,0,0,0,0,0,0,-0,0,0,0,0,0,0,0,-0,0,0,0,0,0,0,0,0,0,False,1,100000,team-10-v3-controlled,0,1,0,0,
2020-03-21T00:00:00Z,0,0,0,0,0,0,-0,0,0,0,0,0,0,0,-0,0,0,0,0,0,0,0,0,0,False,1,100000,team-10-v3-controlled,0,1,0,0,
2020-03-21T08:00:00Z,0,0,0,0,0,0,-0,0,0,0,0,0,0,0,-0,0,0,0,0,0,0,0,0,0,False,1,100000,team-10-v3-controlled,0,1,0,0,
2020-03-21T16:00:00Z,0,0,0,0,0,0,-0,0,0,0,0,0,0,0,-0,0,0,0,0,0,0,0,0,0,False,1,100000,team-10-v3-controlled,0,1,0,0,
2020-03-22T00:00:00Z,0,0,0,0,0,0,-0,0,0,0,0,0,0,0,-0,0,0,0,0,0,0,0,0,0,False,1,100000,team-10-v3-controlled,0,1,0,0,
2020-03-22T08:00:00Z,0,0,0,0,0,0,-0,0,0,0,0,0,0,0,-0,0,0,0,0,0,0,0,0,0,False,1,100000,team-10-v3-controlled,0,1,0,0,
2020-03-22T16:00:00Z,0,0,0,0,0,0,-0,0,0,0,0,0,0,0,-0,0,0,0,0,0,0,0,0,0,False,1,100000,team-10-v3-controlled,0,1,0,0,
2020-03-23T00:00:00Z,0,0,0,0,0,0,-0,0,0,0,0,0,0,0,-0,0,0,0,0,0,0,0,0,0,False,1,100000,team-10-v3-controlled,0,1,0,0,
2020-03-23T08:00:00Z,0,0,0,0,0,0,-0,0,0,0,0,0,0,0,-0,0,0,0,0,0,0,0,0,0,False,1,100000,team-10-v3-controlled,0,1,0,0,
2020-03-23T16:00:00Z,0,0,0,0,0,0,-0,0,0,0,0,0,0,0,-0,0,0,0,0,0,0,0,0,0,False,1,100000,team-10-v3-controlled,0,1,0,0,
2020-03-24T00:00:00Z,0,0,0,0,0,0,-0,0,0,0,0,0,0,0,-0,0,0,0,0,0,0,0,0,0,False,1,100000,team-10-v3-controlled,0,1,0,0,
2020-03-24T08:00:00Z,0,0,0,0,0,0,-0,0,0,0,0,0,0,0,-0,0,0,0,0,0,0,0,0,0,False,1,100000,team-10-v3-controlled,0,1,0,0,
2020-03-24T16:00:00Z,0,0,0,0,0,0,-0,0,0,0,0,0,0,0,-0,0,0,0,0,0,0,0,0,0,False,1,100000,team-10-v3-controlled,0,1,0,0,
2020-03-25T00:00:00Z,0,0,0,0,0,0,-0,0,0,0,0,0,0,0,-0,0,0,0,0,0,0,0,0,0,False,1,100000,team-10-v3-controlled,0,1,0,0,
2020-03-25T08:00:00Z,0,0,0,0,0,0,-0,0,0,0,0,0,0,0,-0,0,0,0,0,0,0,0,0,0,False,1,100000,team-10-v3-controlled,0,1,0,0,
2020-03-25T16:00:00Z,0,0,0,0,0,0,-0,0,0,0,0,0,0,0,-0,0,0,0,0,0,0,0,0,0,False,1,100000,team-10-v3-controlled,0,1,0,0,
2020-03-26T00:00:00Z,0,0,0,0,0,0,-0,0,0,0,0,0,0,0,-0,0,0,0,0,0,0,0,0,0,False,1,100000,team-10-v3-controlled,0,1,0,0,
2020-03-26T08:00:00Z,0,0,0,0,0,0,-0,0,0,0,0,0,0,0,-0,0,0,0,0,0,0,0,0,0,False,1,100000,team-10-v3-controlled,0,1,0,0,
2020-03-26T16:00:00Z,0,0,0,0,0,0,-0,0,0,0,0,0,0,0,-0,0,0,0,0,0,0,0,0,0,False,1,100000,team-10-v3-controlled,0,1,0,0,
2020-03-27T00:00:00Z,0,0,0,0,0,0,-0,0,0,0,0,0,0,0,-0,0,0,0,0,0,0,0,0,0,False,1,100000,team-10-v3-controlled,0,1,0,0,
2020-03-27T08:00:00Z,0,0,0,0,0,0,-0,0,0,0,0,0,0,0,-0,0,0,0,0,0,0,0,0,0,False,1,100000,team-10-v3-controlled,0,1,0,0,
2020-03-27T16:00:00Z,0,0,0,0,0,0,-0,0,0,0,0,0,0,0,-0,0,0,0,0,0,0,0,0,0,False,1,100000,team-10-v3-controlled,0,1,0,0,
2020-03-28T00:00:00Z,0,0,0,0,0,0,-0,0,0,0,0,0,0,0,-0,0,0,0,0,0,0,0,0,0,False,1,100000,team-10-v3-controlled,0,1,0,0,
2020-03-28T08:00:00Z,0,0,0,0,0,0,-0,0,0,0,0,0,0,0,-0,0,0,0,0,0,0,0,0,0,False,1,100000,team-10-v3-controlled,0,1,0,0,
2020-03-28T16:00:00Z,0,0,0,0,0,0,-0,0,0,0,0,0,0,0,-0,0,0,0,0,0,0,0,0,0,False,1,100000,team-10-v3-controlled,0,1,0,0,
2020-03-29T00:00:00Z,0,0,0,0,0,0,-0,0,0,0,0,0,0,0,-0,0,0,0,0,0,0,0,0,0,False,1,100000,team-10-v3-controlled,0,1,0,0,
2020-03-29T08:00:00Z,0,0,0,0,0,0,-0,0,0,0,0,0,0,0,-0,0,0,0,0,0,0,0,0,0,False,1,100000,team-10-v3-controlled,0,1,0,0,
2020-03-29T16:00:00Z,0,0,0,0,0,0,-0,0,0,0,0,0,0,0,-0,0,0,0,0,0,0,0,0,0,False,1,100000,team-10-v3-controlled,0,1,0,0,
2020-03-30T00:00:00Z,0,0,0,0,0,0,-0,0,0,0,0,0,0,0,-0,0,0,0,0,0,0,0,0,0,False,1,100000,team-10-v3-controlled,0,1,0,0,
2020-03-30T08:00:00Z,0,0,0,0,0,0,-0,0,0,0,0,0,0,0,-0,0,0,0,0,0,0,0,0,0,False,1,100000,team-10-v3-controlled,0,1,0,0,
2020-03-30T16:00:00Z,0,0,0,0,0,0,-0,0,0,0,0,0,0,0,-0,0,0,0,0,0,0,0,0,0,False,1,100000,team-10-v3-controlled,0,1,0,0,
2020-03-31T00:00:00Z,0,0,0,0,0,0,-0,0,0,0,0,0,0,0,-0,0,0,0,0,0,0,0,0,0,False,1,100000,team-10-v3-controlled,0,1,0,0,
2020-03-31T08:00:00Z,0,0,0,0,0,0,-0,0,0,0,0,0,0,0,-0,0,0,0,0,0,0,0,0,0,False,1,100000,team-10-v3-controlled,0,1,0,0,
2020-03-31T16:00:00Z,0,0,0,0,0,0,-0,0,0,0,0,0,0,0,-0,0,0,0,0,0,0,0,0,0,False,1,100000,team-10-v3-controlled,0,1,0,0,
2020-04-01T00:00:00Z,0,0,0,0,0,0,-0,0,0,0,0,0,0,0,-0,0,0,0,0,0,0,0,0,0,False,1,100000,team-10-v3-controlled,0,1,0,0,
2020-04-01T08:00:00Z,0,0,0,0,0,0,-0,0,0,0,0,0,0,0,-0,0,0,0,0,0,0,0,0,0,False,1,100000,team-10-v3-controlled,0,1,0,0,
2020-04-01T16:00:00Z,0,0,0,0,0,0,-0,0,0,0,0,0,0,0,-0,0,0,0,0,0,0,0,0,0,False,1,100000,team-10-v3-controlled,0,1,0,0,
2020-04-02T00:00:00Z,0,0,0,0,0,0,-0,0,0,0,0,0,0,0,-0,0,0,0,0,0,0,0,0,0,False,1,100000,team-10-v3-controlled,0,1,0,0,
2020-04-02T08:00:00Z,0,0,0,0,0,0,-0,0,0,0,0,0,0,0,-0,0,0,0,0,0,0,0,0,0,False,1,100000,team-10-v3-controlled,0,1,0,0,
2020-04-02T16:00:00Z,0,0,0,0,0,0,-0,0,0,0,0,0,0,0,-0,0,0,0,0,0,0,0,0,0,False,1,100000,team-10-v3-controlled,0,1,0,0,
2020-04-03T00:00:00Z,0,0,0,0,0,0,-0,0,0,0,0,0,0,0,-0,0,0,0,0,0,0,0,0,0,False,1,100000,team-10-v3-controlled,0,1,0,0,
2020-04-03T08:00:00Z,0,0,0,0,0,0,-0,0,0,0,0,0,0,0,-0,0,0,0,0,0,0,0,0,0,False,1,100000,team-10-v3-controlled,0,1,0,0,
2020-04-03T16:00:00Z,0,0,0,0,0,0,-0,0,0,0,0,0,0,0,-0,0,0,0,0,0,0,0,0,0,False,1,100000,team-10-v3-controlled,0,1,0,0,
2020-04-04T00:00:00Z,0,0,0,0,0,0,-0,0,0,0,0,0,0,0,-0,0,0,0,0,0,0,0,0,0,False,1,100000,team-10-v3-controlled,0,1,0,0,
2020-04-04T08:00:00Z,0,0,0,0,0,0,-0,0,0,0,0,0,0,0,-0,0,0,0,0,0,0,0,0,0,False,1,100000,team-10-v3-controlled,0,1,0,0,
2020-04-04T16:00:00Z,0,0,0,0,0,0,-0,0,0,0,0,0,0,0,-0,0,0,0,0,0,0,0,0,0,False,1,100000,team-10-v3-controlled,0,1,0,0,
2020-04-05T00:00:00Z,0,0,0,0,0,0,-0,0,0,0,0,0,0,0,-0,0,0,0,0,0,0,0,0,0,False,1,100000,team-10-v3-controlled,0,1,0,0,
2020-04-05T08:00:00Z,0,0,0,0,0,0,-0,0,0,0,0,0,0,0,-0,0,0,0,0,0,0,0,0,0,False,1,100000,team-10-v3-controlled,0,1,0,0,
2020-04-05T16:00:00Z,0,0,0,0,0,0,-0,0,0,0,0,0,0,0,-0,0,0,0,0,0,0,0,0,0,False,1,100000,team-10-v3-controlled,0,1,0,0,
2020-04-06T00:00:00Z,0,0,0,0,0,0,-0,0,0,0,0,0,0,0,-0,0,0,0,0,0,0,0,0,0,False,1,100000,team-10-v3-controlled,0,1,0,0,
2020-04-06T08:00:00Z,0,0,0,0,0,0,-0,0,0,0,0,0,0,0,-0,0,0,0,0,0,0,0,0,0,False,1,100000,team-10-v3-controlled,0,1,0,0,
2020-04-06T16:00:00Z,0,0,0,0,0,0,-0,0,0,0,0,0,0,0,-0,0,0,0,0,0,0,0,0,0,False,1,100000,team-10-v3-controlled,0,1,0,0,
2020-04-07T00:00:00Z,0,0,0,0,0,0,-0,0,0,0,0,0,0,0,-0,0,0,0,0,0,0,0,0,0,False,1,100000,team-10-v3-controlled,0,1,0,0,
2020-04-07T08:00:00Z,0,0,0,0,0,0,-0,0,0,0,0,0,0,0,-0,0,0,0,0,0,0,0,0,0,False,1,100000,team-10-v3-controlled,0,1,0,0,
2020-04-07T16:00:00Z,0,0,0,0,0,0,-0,0,0,0,0,0,0,0,-0,0,0,0,0,0,0,0,0,0,False,1,100000,team-10-v3-controlled,0,1,0,0,
2020-04-08T00:00:00Z,0,0,0,0,0,0,-0,0,0,0,0,0,0,0,-0,0,0,0,0,0,0,0,0,0,False,1,100000,team-10-v3-controlled,0,1,0,0,
2020-04-08T08:00:00Z,0,0,0,0,0,0,-0,0,0,0,0,0,0,0,-0,0,0,0,0,0,0,0,0,0,False,1,100000,team-10-v3-controlled,0,1,0,0,
2020-04-08T16:00:00Z,0,0,0,0,0,0,-0,0,0,0,0,0,0,0,-0,0,0,0,0,0,0,0,0,0,False,1,100000,team-10-v3-controlled,0,1,0,0,
2020-04-09T00:00:00Z,0,0,0,0,0,0,-0,0,0,0,0,0,0,0,-0,0,0,0,0,0,0,0,0,0,False,1,100000,team-10-v3-controlled,0,1,0,0,
2020-04-09T08:00:00Z,0,0,0,0,0,0,-0,0,0,0,0,0,0,0,-0,0,0,0,0,0,0,0,0,0,False,1,100000,team-10-v3-controlled,0,1,0,0,
2020-04-09T16:00:00Z,0,0,0,0,0,0,-0,0,0,0,0,0,0,0,-0,0,0,0,0,0,0,0,0,0,False,1,100000,team-10-v3-controlled,0,1,0,0,
2020-04-10T00:00:00Z,0,0,0,0,0,0,-0,0,0,0,0,0,0,0,-0,0,0,0,0,0,0,0,0,0,False,1,100000,team-10-v3-controlled,0,1,0,0,
2020-04-10T08:00:00Z,0,0,0,0,0,0,-0,0,0,0,0,0,0,0,-0,0,0,0,0,0,0,0,0,0,False,1,100000,team-10-v3-controlled,0,1,0,0,
2020-04-10T16:00:00Z,0,0,0,0,0,0,-0,0,0,0,0,0,0,0,-0,0,0,0,0,0,0,0,0,0,False,1,100000,team-10-v3-controlled,0,1,0,0,
2020-04-11T00:00:00Z,0,0,0,0,0,0,-0,0,0,0,0,0,0,0,-0,0,0,0,0,0,0,0,0,0,False,1,100000,team-10-v3-controlled,0,1,0,0,
2020-04-11T08:00:00Z,0,0,0,0,0,0,-0,0,0,0,0,0,0,0,-0,0,0,0,0,0,0,0,0,0,False,1,100000,team-10-v3-controlled,0,1,0,0,
2020-04-11T16:00:00Z,0,0,0,0,0,0,-0,0,0,0,0,0,0,0,-0,0,0,0,0,0,0,0,0,0,False,1,100000,team-10-v3-controlled,0,1,0,0,
2020-04-12T00:00:00Z,0,0,0,0,0,0,-0,0,0,0,0,0,0,0,-0,0,0,0,0,0,0,0,0,0,False,1,100000,team-10-v3-controlled,0,1,0,0,
2020-04-12T08:00:00Z,0,0,0,0,0,0,-0,0,0,0,0,0,0,0,-0,0,0,0,0,0,0,0,0,0,False,1,100000,team-10-v3-controlled,0,1,0,0,
2020-04-12T16:00:00Z,0,0,0,0,0,0,-0,0,0,0,0,0,0,0,-0,0,0,0,0,0,0,0,0,0,False,1,100000,team-10-v3-controlled,0,1,0,0,
2020-04-13T00:00:00Z,0,0,0,0,0,0,-0,0,0,0,0,0,0,0,-0,0,0,0,0,0,0,0,0,0,False,1,100000,team-10-v3-controlled,0,1,0,0,
2020-04-13T08:00:00Z,0,0,0,0,0,0,-0,0,0,0,0,0,0,0,-0,0,0,0,0,0,0,0,0,0,False,1,100000,team-10-v3-controlled,0,1,0,0,
2020-04-13T16:00:00Z,0,0,0,0,0,0,-0,0,0,0,0,0,0,0,-0,0,0,0,0,0,0,0,0,0,False,1,100000,team-10-v3-controlled,0,1,0,0,
2020-04-14T00:00:00Z,0,0,0,0,0,0,-0,0,0,0,0,0,0,0,-0,0,0,0,0,0,0,0,0,0,False,1,100000,team-10-v3-controlled,0,1,0,0,
2020-04-14T08:00:00Z,0,0,0,0,0,0,-0,0,0,0,0,0,0,0,-0,0,0,0,0,0,0,0,0,0,False,1,100000,team-10-v3-controlled,0,1,0,0,
2020-04-14T16:00:00Z,0,0,0,0,0,0,-0,0,0,0,0,0,0,0,-0,0,0,0,0,0,0,0,0,0,False,1,100000,team-10-v3-controlled,0,1,0,0,
2020-04-15T00:00:00Z,0,0,0,0,0,0,-0,0,0,0,0,0,0,0,-0,0,0,0,0,0,0,0,0,0,False,1,100000,team-10-v3-controlled,0,1,0,0,
2020-04-15T08:00:00Z,0,0,0,0,0,0,-0,0,0,0,0,0,0,0,-0,0,0,0,0,0,0,0,0,0,False,1,100000,team-10-v3-controlled,0,1,0,0,
2020-04-15T16:00:00Z,0,0,0,0,0,0,-0,0,0,0,0,0,0,0,-0,0,0,0,0,0,0,0,0,0,False,1,100000,team-10-v3-controlled,0,1,0,0,
2020-04-16T00:00:00Z,0,0,0,0,0,0,-0,0,0,0,0,0,0,0,-0,0,0,0,0,0,0,0,0,0,False,1,100000,team-10-v3-controlled,0,1,0,0,
2020-04-16T08:00:00Z,0,0,0,0,0,0,-0,0,0,0,0,0,0,0,-0,0,0,0,0,0,0,0,0,0,False,1,100000,team-10-v3-controlled,0,1,0,0,
2020-04-16T16:00:00Z,0,0,0,0,0,0,-0,0,0,0,0,0,0,0,-0,0,0,0,0,0,0,0,0,0,False,1,100000,team-10-v3-controlled,0,1,0,0,
2020-04-17T00:00:00Z,0,0,0,0,0,0,-0,0,0,0,0,0,0,0,-0,0,0,0,0,0,0,0,0,0,False,1,100000,team-10-v3-controlled,0,1,0,0,
2020-04-17T08:00:00Z,0,0,0,0,0,0,-0,0,0,0,0,0,0,0,-0,0,0,0,0,0,0,0,0,0,False,1,100000,team-10-v3-controlled,0,1,0,0,
2020-04-17T16:00:00Z,0,0,0,0,0,0,-0,0,0,0,0,0,0,0,-0,0,0,0,0,0,0,0,0,0,False,1,100000,team-10-v3-controlled,0,1,0,0,
2020-04-18T00:00:00Z,0,0,0,0,0,0,-0,0,0,0,0,0,0,0,-0,0,0,0,0,0,0,0,0,0,False,1,100000,team-10-v3-controlled,0,1,0,0,
2020-04-18T08:00:00Z,0,0,0,0,0,0,-0,0,0,0,0,0,0,0,-0,0,0,0,0,0,0,0,0,0,False,1,100000,team-10-v3-controlled,0,1,0,0,
2020-04-18T16:00:00Z,0,0,0,0,0,0,-0,0,0,0,0,0,0,0,-0,0,0,0,0,0,0,0,0,0,False,1,100000,team-10-v3-controlled,0,1,0,0,
2020-04-19T00:00:00Z,0,0,0,0,0,0,-0,0,0,0,0,0,0,0,-0,0,0,0,0,0,0,0,0,0,False,1,100000,team-10-v3-controlled,0,1,0,0,
2020-04-19T08:00:00Z,0,0,0,0,0,0,-0,0,0,0,0,0,0,0,-0,0,0,0,0,0,0,0,0,0,False,1,100000,team-10-v3-controlled,0,1,0,0,
2020-04-19T16:00:00Z,0,0,0,0,0,0,-0,0,0,0,0,0,0,0,-0,0,0,0,0,0,0,0,0,0,False,1,100000,team-10-v3-controlled,0,1,0,0,
2020-04-20T00:00:00Z,0,0,0,0,0,0,-0,0,0,0,0,0,0,0,-0,0,0,0,0,0,0,0,0,0,False,1,100000,team-10-v3-controlled,0,1,0,0,
2020-04-20T08:00:00Z,0,0,0,0,0,0,-0,0,0,0,0,0,0,0,-0,0,0,0,0,0,0,0,0,0,False,1,100000,team-10-v3-controlled,0,1,0,0,
2020-04-20T16:00:00Z,0,0,0,0,0,0,-0,0,0,0,0,0,0,0,-0,0,0,0,0,0,0,0,0,0,False,1,100000,team-10-v3-controlled,0,1,0,0,
2020-04-21T00:00:00Z,0,0,0,0,0,0,-0,0,0,0,0,0,0,0,-0,0,0,0,0,0,0,0,0,0,False,1,100000,team-10-v3-controlled,0,1,0,0,
2020-04-21T08:00:00Z,0,0,0,0,0,0,-0,0,0,0,0,0,0,0,-0,0,0,0,0,0,0,0,0,0,False,1,100000,team-10-v3-controlled,0,1,0,0,
2020-04-21T16:00:00Z,0,0,0,0,0,0,-0,0,0,0,0,0,0,0,-0,0,0,0,0,0,0,0,0,0,False,1,100000,team-10-v3-controlled,0,1,0,0,
2020-04-22T00:00:00Z,0,0,0,0,0,0,-0,0,0,0,0,0,0,0,-0,0,0,0,0,0,0,0,0,0,False,1,100000,team-10-v3-controlled,0,1,0,0,
2020-04-22T08:00:00Z,0,0,0,0,0,0,-0,0,0,0,0,0,0,0,-0,0,0,0,0,0,0,0,0,0,False,1,100000,team-10-v3-controlled,0,1,0,0,
2020-04-22T16:00:00Z,0,0,0,0,0,0,-0,0,0,0,0,0,0,0,-0,0,0,0,0,0,0,0,0,0,False,1,100000,team-10-v3-controlled,0,1,0,0,
2020-04-23T00:00:00Z,0,0,0,0,0,0,-0,0,0,0,0,0,0,0,-0,0,0,0,0,0,0,0,0,0,False,1,100000,team-10-v3-controlled,0,1,0,0,
2020-04-23T08:00:00Z,0,0,0,0,0,0,-0,0,0,0,0,0,0,0,-0,0,0,0,0,0,0,0,0,0,False,1,100000,team-10-v3-controlled,0,1,0,0,
2020-04-23T16:00:00Z,0,0,0,0,0,0,-0,0,0,0,0,0,0,0,-0,0,0,0,0,0,0,0,0,0,False,1,100000,team-10-v3-controlled,0,1,0,0,
2020-04-24T00:00:00Z,0,0,0,0,0,0,-0,0,0,0,0,0,0,0,-0,0,0,0,0,0,0,0,0,0,False,1,100000,team-10-v3-controlled,0,1,0,0,
2020-04-24T08:00:00Z,0,0,0,0,0,0,-0,0,0,0,0,0,0,0,-0,0,0,0,0,0,0,0,0,0,False,1,100000,team-10-v3-controlled,0,1,0,0,
2020-04-24T16:00:00Z,0,0,0,0,0,0,-0,0,0,0,0,0,0,0,-0,0,0,0,0,0,0,0,0,0,False,1,100000,team-10-v3-controlled,0,1,0,0,
2020-04-25T00:00:00Z,0,0,0,0,0,0,-0,0,0,0,0,0,0,0,-0,0,0,0,0,0,0,0,0,0,False,1,100000,team-10-v3-controlled,0,1,0,0,
2020-04-25T08:00:00Z,0,0,0,0,0,0,-0,0,0,0,0,0,0,0,-0,0,0,0,0,0,0,0,0,0,False,1,100000,team-10-v3-controlled,0,1,0,0,
2020-04-25T16:00:00Z,0,0,0,0,0,0,-0,0,0,0,0,0,0,0,-0,0,0,0,0,0,0,0,0,0,False,1,100000,team-10-v3-controlled,0,1,0,0,
2020-04-26T00:00:00Z,0,0,0,0,0,0,-0,0,0,0,0,0,0,0,-0,0,0,0,0,0,0,0,0,0,False,1,100000,team-10-v3-controlled,0,1,0,0,
2020-04-26T08:00:00Z,0,0,0,0,0,0,-0,0,0,0,0,0,0,0,-0,0,0,0,0,0,0,0,0,0,False,1,100000,team-10-v3-controlled,0,1,0,0,
2020-04-26T16:00:00Z,0,0,0,0,0,0,-0,0,0,0,0,0,0,0,-0,0,0,0,0,0,0,0,0,0,False,1,100000,team-10-v3-controlled,0,1,0,0,
2020-04-27T00:00:00Z,0,0,0,0,0,0,-0,0,0,0,0,0,0,0,-0,0,0,0,0,0,0,0,0,0,False,1,100000,team-10-v3-controlled,0,1,0,0,
2020-04-27T08:00:00Z,0,0,0,0,0,0,-0,0,0,0,0,0,0,0,-0,0,0,0,0,0,0,0,0,0,False,1,100000,team-10-v3-controlled,0,1,0,0,
2020-04-27T16:00:00Z,0,0,0,0,0,0,-0,0,0,0,0,0,0,0,-0,0,0,0,0,0,0,0,0,0,False,1,100000,team-10-v3-controlled,0,1,0,0,
2020-04-28T00:00:00Z,0,0,0,0,0,0,-0,0,0,0,0,0,0,0,-0,0,0,0,0,0,0,0,0,0,False,1,100000,team-10-v3-controlled,0,1,0,0,
2020-04-28T08:00:00Z,0,0,0,0,0,0,-0,0,0,0,0,0,0,0,-0,0,0,0,0,0,0,0,0,0,False,1,100000,team-10-v3-controlled,0,1,0,0,
2020-04-28T16:00:00Z,0,0,0,0,0,0,-0,0,0,0,0,0,0,0,-0,0,0,0,0,0,0,0,0,0,False,1,100000,team-10-v3-controlled,0,1,0,0,
2020-04-29T00:00:00Z,0,0,0,0,0,0,-0,0,0,0,0,0,0,0,-0,0,0,0,0,0,0,0,0,0,False,1,100000,team-10-v3-controlled,0,1,0,0,
2020-04-29T08:00:00Z,0,0,0,0,0,0,-0,0,0,0,0,0,0,0,-0,0,0,0,0,0,0,0,0,0,False,1,100000,team-10-v3-controlled,0,1,0,0,
2020-04-29T16:00:00Z,0,0,0,0,0,0,-0,0,0,0,0,0,0,0,-0,0,0,0,0,0,0,0,0,0,False,1,100000,team-10-v3-controlled,0,1,0,0,
2020-04-30T00:00:00Z,0,0,0,0,0,0,-0,0,0,0,0,0,0,0,-0,0,0,0,0,0,0,0,0,0,False,1,100000,team-10-v3-controlled,0,1,0,0,
2020-04-30T08:00:00Z,0,0,0,0,0,0,-0,0,0,0,0,0,0,0,-0,0,0,0,0,0,0,0,0,0,False,1,100000,team-10-v3-controlled,0,1,0,0,
2020-04-30T16:00:00Z,0,0,0,0,0,0,-0,0,0,0,0,0,0,0,-0,0,0,0,0,0,0,0,0,0,False,1,100000,team-10-v3-controlled,0,1,0,0,
2020-05-01T00:00:00Z,0,0,0,0,0,0,-0,0,0,0,0,0,0,0,-0,0,0,0,0,0,0,0,0,0,False,1,100000,team-10-v3-controlled,0,1,0,0,
2020-05-01T08:00:00Z,0,0,0,0,0,0,-0,0,0,0,0,0,0,0,-0,0,0,0,0,0,0,0,0,0,False,1,100000,team-10-v3-controlled,0,1,0,0,
2020-05-01T16:00:00Z,0,0,0,0,0,0,-0,0,0,0,0,0,0,0,-0,0,0,0,0,0,0,0,0,0,False,1,100000,team-10-v3-controlled,0,1,0,0,
2020-05-02T00:00:00Z,0,0,0,0,0,0,-0,0,0,0,0,0,0,0,-0,0,0,0,0,0,0,0,0,0,False,1,100000,team-10-v3-controlled,0,1,0,0,
2020-05-02T08:00:00Z,0,0,0,0,0,0,-0,0,0,0,0,0,0,0,-0,0,0,0,0,0,0,0,0,0,False,1,100000,team-10-v3-controlled,0,1,0,0,
2020-05-02T16:00:00Z,0,0,0,0,0,0,-0,0,0,0,0,0,0,0,-0,0,0,0,0,0,0,0,0,0,False,1,100000,team-10-v3-controlled,0,1,0,0,
2020-05-03T00:00:00Z,0,0,0,0,0,0,-0,0,0,0,0,0,0,0,-0,0,0,0,0,0,0,0,0,0,False,1,100000,team-10-v3-controlled,0,1,0,0,
2020-05-03T08:00:00Z,0,0,0,0,0,0,-0,0,0,0,0,0,0,0,-0,0,0,0,0,0,0,0,0,0,False,1,100000,team-10-v3-controlled,0,1,0,0,
2020-05-03T16:00:00Z,0,0,0,0,0,0,-0,0,0,0,0,0,0,0,-0,0,0,0,0,0,0,0,0,0,False,1,100000,team-10-v3-controlled,0,1,0,0,
2020-05-04T00:00:00Z,0,0,0,0,0,0,-0,0,0,0,0,0,0,0,-0,0,0,0,0,0,0,0,0,0,False,1,100000,team-10-v3-controlled,0,1,0,0,
2020-05-04T08:00:00Z,0,0,0,0,0,0,-0,0,0,0,0,0,0,0,-0,0,0,0,0,0,0,0,0,0,False,1,100000,team-10-v3-controlled,0,1,0,0,
2020-05-04T16:00:00Z,0,0,0,0,0,0,-0,0,0,0,0,0,0,0,-0,0,0,0,0,0,0,0,0,0,False,1,100000,team-10-v3-controlled,0,1,0,0,
2020-05-05T00:00:00Z,0,0,0,0,0,0,-0,0,0,0,0,0,0,0,-0,0,0,0,0,0,0,0,0,0,False,1,100000,team-10-v3-controlled,0,1,0,0,
2020-05-05T08:00:00Z,0,0,0,0,0,0,-0,0,0,0,0,0,0,0,-0,0,0,0,0,0,0,0,0,0,False,1,100000,team-10-v3-controlled,0,1,0,0,
2020-05-05T16:00:00Z,0,0,0,0,0,0,-0,0,0,0,0,0,0,0,-0,0,0,0,0,0,0,0,0,0,False,1,100000,team-10-v3-controlled,0,1,0,0,
2020-05-06T00:00:00Z,0,0,0,0,0,0,-0,0,0,0,0,0,0,0,-0,0,0,0,0,0,0,0,0,0,False,1,100000,team-10-v3-controlled,0,1,0,0,
2020-05-06T08:00:00Z,0,0,0,0,0,0,-0,0,0,0,0,0,0,0,-0,0,0,0,0,0,0,0,0,0,False,1,100000,team-10-v3-controlled,0,1,0,0,
2020-05-06T16:00:00Z,0,0,0,0,0,0,-0,0,0,0,0,0,0,0,-0,0,0,0,0,0,0,0,0,0,False,1,100000,team-10-v3-controlled,0,1,0,0,
2020-05-07T00:00:00Z,0,0,0,0,0,0,-0,0,0,0,0,0,0,0,-0,0,0,0,0,0,0,0,0,0,False,1,100000,team-10-v3-controlled,0,1,0,0,
2020-05-07T08:00:00Z,0,0,0,0,0,0,-0,0,0,0,0,0,0,0,-0,0,0,0,0,0,0,0,0,0,False,1,100000,team-10-v3-controlled,0,1,0,0,
2020-05-07T16:00:00Z,0,0,0,0,0,0,-0,0,0,0,0,0,0,0,-0,0,0,0,0,0,0,0,0,0,False,1,100000,team-10-v3-controlled,0,1,0,0,
2020-05-08T00:00:00Z,0,0,0,0,0,0,-0,0,0,0,0,0,0,0,-0,0,0,0,0,0,0,0,0,0,False,1,100000,team-10-v3-controlled,0,1,0,0,
2020-05-08T08:00:00Z,0,0,0,0,0,0,-0,0,0,0,0,0,0,0,-0,0,0,0,0,0,0,0,0,0,False,1,100000,team-10-v3-controlled,0,1,0,0,
2020-05-08T16:00:00Z,0,0,0,0,0,0,-0,0,0,0,0,0,0,0,-0,0,0,0,0,0,0,0,0,0,False,1,100000,team-10-v3-controlled,0,1,0,0,
2020-05-09T00:00:00Z,0,0,0,0,0,0,-0,0,0,0,0,0,0,0,-0,0,0,0,0,0,0,0,0,0,False,1,100000,team-10-v3-controlled,0,1,0,0,
2020-05-09T08:00:00Z,0,0,0,0,0,0,-0,0,0,0,0,0,0,0,-0,0,0,0,0,0,0,0,0,0,False,1,100000,team-10-v3-controlled,0,1,0,0,
2020-05-09T16:00:00Z,0,0,0,0,0,0,-0,0,0,0,0,0,0,0,-0,0,0,0,0,0,0,0,0,0,False,1,100000,team-10-v3-controlled,0,1,0,0,
2020-05-10T00:00:00Z,0,0,0,0,0,0,-0,0,0,0,0,0,0,0,-0,0,0,0,0,0,0,0,0,0,False,1,100000,team-10-v3-controlled,0,1,0,0,
2020-05-10T08:00:00Z,0,0,0,0,0,0,-0,0,0,0,0,0,0,0,-0,0,0,0,0,0,0,0,0,0,False,1,100000,team-10-v3-controlled,0,1,0,0,
2020-05-10T16:00:00Z,0,0,0,0,0,0,-0,0,0,0,0,0,0,0,-0,0,0,0,0,0,0,0,0,0,False,1,100000,team-10-v3-controlled,0,1,0,0,
2020-05-11T00:00:00Z,0,0,0,0,0,0,-0,0,0,0,0,0,0,0,-0,0,0,0,0,0,0,0,0,0,False,1,100000,team-10-v3-controlled,0,1,0,0,
2020-05-11T08:00:00Z,0,0,0,0,0,0,-0,0,0,0,0,0,0,0,-0,0,0,0,0,0,0,0,0,0,False,1,100000,team-10-v3-controlled,0,1,0,0,
2020-05-11T16:00:00Z,0,0,0,0,0,0,-0,0,0,0,0,0,0,0,-0,0,0,0,0,0,0,0,0,0,False,1,100000,team-10-v3-controlled,0,1,0,0,
2020-05-12T00:00:00Z,0,0,0,0,0,0,-0,0,0,0,0,0,0,0,-0,0,0,0,0,0,0,0,0,0,False,1,100000,team-10-v3-controlled,0,1,0,0,
2020-05-12T08:00:00Z,0,0,0,0,0,0,-0,0,0,0,0,0,0,0,-0,0,0,0,0,0,0,0,0,0,False,1,100000,team-10-v3-controlled,0,1,0,0,
2020-05-12T16:00:00Z,0,0,0,0,0,0,-0,0,0,0,0,0,0,0,-0,0,0,0,0,0,0,0,0,0,False,1,100000,team-10-v3-controlled,0,1,0,0,
2020-05-13T00:00:00Z,0,0,0,0,0,0,-0,0,0,0,0,0,0,0,-0,0,0,0,0,0,0,0,0,0,False,1,100000,team-10-v3-controlled,0,1,0,0,
2020-05-13T08:00:00Z,0,0,0,0,0,0,-0,0,0,0,0,0,0,0,-0,0,0,0,0,0,0,0,0,0,False,1,100000,team-10-v3-controlled,0,1,0,0,
2020-05-13T16:00:00Z,0,0,0,0,0,0,-0,0,0,0,0,0,0,0,-0,0,0,0,0,0,0,0,0,0,False,1,100000,team-10-v3-controlled,0,1,0,0,
2020-05-14T00:00:00Z,0,0,0,0,0,0,-0,0,0,0,0,0,0,0,-0,0,0,0,0,0,0,0,0,0,False,1,100000,team-10-v3-controlled,0,1,0,0,
2020-05-14T08:00:00Z,0,0,0,0,0,0,-0,0,0,0,0,0,0,0,-0,0,0,0,0,0,0,0,0,0,False,1,100000,team-10-v3-controlled,0,1,0,0,
2020-05-14T16:00:00Z,0,0,0,0,0,0,-0,0,0,0,0,0,0,0,-0,0,0,0,0,0,0,0,0,0,False,1,100000,team-10-v3-controlled,0,1,0,0,
2020-05-15T00:00:00Z,0,0,0,0,0,0,-0,0,0,0,0,0,0,0,-0,0,0,0,0,0,0,0,0,0,False,1,100000,team-10-v3-controlled,0,1,0,0,
2020-05-15T08:00:00Z,0,0,0,0,0,0,-0,0,0,0,0,0,0,0,-0,0,0,0,0,0,0,0,0,0,False,1,100000,team-10-v3-controlled,0,1,0,0,
2020-05-15T16:00:00Z,0,0,0,0,0,0,-0,0,0,0,0,0,0,0,-0,0,0,0,0,0,0,0,0,0,False,1,100000,team-10-v3-controlled,0,1,0,0,
2020-05-16T00:00:00Z,0,0,0,0,0,0,-0,0,0,0,0,0,0,0,-0,0,0,0,0,0,0,0,0,0,False,1,100000,team-10-v3-controlled,0,1,0,0,
2020-05-16T08:00:00Z,0,0,0,0,0,0,-0,0,0,0,0,0,0,0,-0,0,0,0,0,0,0,0,0,0,False,1,100000,team-10-v3-controlled,0,1,0,0,
2020-05-16T16:00:00Z,0,0,0,0,0,0,-0,0,0,0,0,0,0,0,-0,0,0,0,0,0,0,0,0,0,False,1,100000,team-10-v3-controlled,0,1,0,0,
2020-05-17T00:00:00Z,0,0,0,0,0,0,-0,0,0,0,0,0,0,0,-0,0,0,0,0,0,0,0,0,0,False,1,100000,team-10-v3-controlled,0,1,0,0,
2020-05-17T08:00:00Z,0,0,0,0,0,0,-0,0,0,0,0,0,0,0,-0,0,0,0,0,0,0,0,0,0,False,1,100000,team-10-v3-controlled,0,1,0,0,
2020-05-17T16:00:00Z,0,0,0,0,0,0,-0,0,0,0,0,0,0,0,-0,0,0,0,0,0,0,0,0,0,False,1,100000,team-10-v3-controlled,0,1,0,0,
2020-05-18T00:00:00Z,0,0,0,0,0,0,-0,0,0,0,0,0,0,0,-0,0,0,0,0,0,0,0,0,0,False,1,100000,team-10-v3-controlled,0,1,0,0,
2020-05-18T08:00:00Z,0,0,0,0,0,0,-0,0,0,0,0,0,0,0,-0,0,0,0,0,0,0,0,0,0,False,1,100000,team-10-v3-controlled,0,1,0,0,
2020-05-18T16:00:00Z,0,0,0,0,0,0,-0,0,0,0,0,0,0,0,-0,0,0,0,0,0,0,0,0,0,False,1,100000,team-10-v3-controlled,0,1,0,0,
2020-05-19T00:00:00Z,0,0,0,0,0,0,-0,0,0,0,0,0,0,0,-0,0,0,0,0,0,0,0,0,0,False,1,100000,team-10-v3-controlled,0,1,0,0,
2020-05-19T08:00:00Z,0,0,0,0,0,0,-0,0,0,0,0,0,0,0,-0,0,0,0,0,0,0,0,0,0,False,1,100000,team-10-v3-controlled,0,1,0,0,
2020-05-19T16:00:00Z,0,0,0,0,0,0,-0,0,0,0,0,0,0,0,-0,0,0,0,0,0,0,0,0,0,False,1,100000,team-10-v3-controlled,0,1,0,0,
2020-05-20T00:00:00Z,0,0,0,0,0,0,-0,0,0,0,0,0,0,0,-0,0,0,0,0,0,0,0,0,0,False,1,100000,team-10-v3-controlled,0,1,0,0,
2020-05-20T08:00:00Z,0,0,0,0,0,0,-0,0,0,0,0,0,0,0,-0,0,0,0,0,0,0,0,0,0,False,1,100000,team-10-v3-controlled,0,1,0,0,
2020-05-20T16:00:00Z,0,0,0,0,0,0,-0,0,0,0,0,0,0,0,-0,0,0,0,0,0,0,0,0,0,False,1,100000,team-10-v3-controlled,0,1,0,0,
2020-05-21T00:00:00Z,0,0,0,0,0,0,-0,0,0,0,0,0,0,0,-0,0,0,0,0,0,0,0,0,0,False,1,100000,team-10-v3-controlled,0,1,0,0,
2020-05-21T08:00:00Z,0,0,0,0,0,0,-0,0,0,0,0,0,0,0,-0,0,0,0,0,0,0,0,0,0,False,1,100000,team-10-v3-controlled,0,1,0,0,
2020-05-21T16:00:00Z,0,0,0,0,0,0,-0,0,0,0,0,0,0,0,-0,0,0,0,0,0,0,0,0,0,False,1,100000,team-10-v3-controlled,0,1,0,0,
2020-05-22T00:00:00Z,0,0,0,0,0,0,-0,0,0,0,0,0,0,0,-0,0,0,0,0,0,0,0,0,0,False,1,100000,team-10-v3-controlled,0,1,0,0,
2020-05-22T08:00:00Z,0,0,0,0,0,0,-0,0,0,0,0,0,0,0,-0,0,0,0,0,0,0,0,0,0,False,1,100000,team-10-v3-controlled,0,1,0,0,
2020-05-22T16:00:00Z,0,0,0,0,0,0,-0,0,0,0,0,0,0,0,-0,0,0,0,0,0,0,0,0,0,False,1,100000,team-10-v3-controlled,0,1,0,0,
2020-05-23T00:00:00Z,0,0,0,0,0,0,-0,0,0,0,0,0,0,0,-0,0,0,0,0,0,0,0,0,0,False,1,100000,team-10-v3-controlled,0,1,0,0,
2020-05-23T08:00:00Z,0,0,0,0,0,0,-0,0,0,0,0,0,0,0,-0,0,0,0,0,0,0,0,0,0,False,1,100000,team-10-v3-controlled,0,1,0,0,
2020-05-23T16:00:00Z,0,0,0,0,0,0,-0,0,0,0,0,0,0,0,-0,0,0,0,0,0,0,0,0,0,False,1,100000,team-10-v3-controlled,0,1,0,0,
2020-05-24T00:00:00Z,0,0,0,0,0,0,-0,0,0,0,0,0,0,0,-0,0,0,0,0,0,0,0,0,0,False,1,100000,team-10-v3-controlled,0,1,0,0,
2020-05-24T08:00:00Z,0,0,0,0,0,0,-0,0,0,0,0,0,0,0,-0,0,0,0,0,0,0,0,0,0,False,1,100000,team-10-v3-controlled,0,1,0,0,
2020-05-24T16:00:00Z,0,0,0,0,0,0,-0,0,0,0,0,0,0,0,-0,0,0,0,0,0,0,0,0,0,False,1,100000,team-10-v3-controlled,0,1,0,0,
2020-05-25T00:00:00Z,0,0,0,0,0,0,-0,0,0,0,0,0,0,0,-0,0,0,0,0,0,0,0,0,0,False,1,100000,team-10-v3-controlled,0,1,0,0,
2020-05-25T08:00:00Z,0,0,0,0,0,0,-0,0,0,0,0,0,0,0,-0,0,0,0,0,0,0,0,0,0,False,1,100000,team-10-v3-controlled,0,1,0,0,
2020-05-25T16:00:00Z,0,0,0,0,0,0,-0,0,0,0,0,0,0,0,-0,0,0,0,0,0,0,0,0,0,False,1,100000,team-10-v3-controlled,0,1,0,0,
2020-05-26T00:00:00Z,0,0,0,0,0,0,-0,0,0,0,0,0,0,0,-0,0,0,0,0,0,0,0,0,0,False,1,100000,team-10-v3-controlled,0,1,0,0,
2020-05-26T08:00:00Z,0,0,0,0,0,0,-0,0,0,0,0,0,0,0,-0,0,0,0,0,0,0,0,0,0,False,1,100000,team-10-v3-controlled,0,1,0,0,
2020-05-26T16:00:00Z,0,0,0,0,0,0,-0,0,0,0,0,0,0,0,-0,0,0,0,0,0,0,0,0,0,False,1,100000,team-10-v3-controlled,0,1,0,0,
2020-05-27T00:00:00Z,0,0,0,0,0,0,-0,0,0,0,0,0,0,0,-0,0,0,0,0,0,0,0,0,0,False,1,100000,team-10-v3-controlled,0,1,0,0,
2020-05-27T08:00:00Z,0,0,0,0,0,0,-0,0,0,0,0,0,0,0,-0,0,0,0,0,0,0,0,0,0,False,1,100000,team-10-v3-controlled,0,1,0,0,
2020-05-27T16:00:00Z,0,0,0,0,0,0,-0,0,0,0,0,0,0,0,-0,0,0,0,0,0,0,0,0,0,False,1,100000,team-10-v3-controlled,0,1,0,0,
2020-05-28T00:00:00Z,0,0,0,0,0,0,-0,0,0,0,0,0,0,0,-0,0,0,0,0,0,0,0,0,0,False,1,100000,team-10-v3-controlled,0,1,0,0,
2020-05-28T08:00:00Z,0,0,0,0,0,0,-0,0,0,0,0,0,0,0,-0,0,0,0,0,0,0,0,0,0,False,1,100000,team-10-v3-controlled,0,1,0,0,
2020-05-28T16:00:00Z,0,0,0,0,0,0,-0,0,0,0,0,0,0,0,-0,0,0,0,0,0,0,0,0,0,False,1,100000,team-10-v3-controlled,0,1,0,0,
2020-05-29T00:00:00Z,0,0,0,0,0,0,-0,0,0,0,0,0,0,0,-0,0,0,0,0,0,0,0,0,0,False,1,100000,team-10-v3-controlled,0,1,0,0,
2020-05-29T08:00:00Z,0,0,0,0,0,0,-0,0,0,0,0,0,0,0,-0,0,0,0,0,0,0,0,0,0,False,1,100000,team-10-v3-controlled,0,1,0,0,
2020-05-29T16:00:00Z,0,0,0,0,0,0,-0,0,0,0,0,0,0,0,-0,0,0,0,0,0,0,0,0,0,False,1,100000,team-10-v3-controlled,0,1,0,0,
2020-05-30T00:00:00Z,0,0,0,0,0,0,-0,0,0,0,0,0,0,0,-0,0,0,0,0,0,0,0,0,0,False,1,100000,team-10-v3-controlled,0,1,0,0,
2020-05-30T08:00:00Z,0,0,0,0,0,0,-0,0,0,0,0,0,0,0,-0,0,0,0,0,0,0,0,0,0,False,1,100000,team-10-v3-controlled,0,1,0,0,
2020-05-30T16:00:00Z,0,0,0,0,0,0,-0,0,0,0,0,0,0,0,-0,0,0,0,0,0,0,0,0,0,False,1,100000,team-10-v3-controlled,0,1,0,0,
2020-05-31T00:00:00Z,0,0,0,0,0,0,-0,0,0,0,0,0,0,0,-0,0,0,0,0,0,0,0,0,0,False,1,100000,team-10-v3-controlled,0,1,0,0,
2020-05-31T08:00:00Z,0,0,0,0,0,0,-0,0,0,0,0,0,0,0,-0,0,0,0,0,0,0,0,0,0,False,1,100000,team-10-v3-controlled,0,1,0,0,
2020-05-31T16:00:00Z,0,0,0,0,0,0,-0,0,0,0,0,0,0,0,-0,0,0,0,0,0,0,0,0,0,False,1,100000,team-10-v3-controlled,0,1,0,0,
2020-06-01T00:00:00Z,0,0,0,0,0,0,-0,0,0,0,0,0,0,0,-0,0,0,0,0,0,0,0,0,0,False,1,100000,team-10-v3-controlled,0,1,0,0,
2020-06-01T08:00:00Z,0,0,0,0,0,0,-0,0,0,0,0,0,0,0,-0,0,0,0,0,0,0,0,0,0,False,1,100000,team-10-v3-controlled,0,1,0,0,
2020-06-01T16:00:00Z,0,0,0,0,0,0,-0,0,0,0,0,0,0,0,-0,0,0,0,0,0,0,0,0,0,False,1,100000,team-10-v3-controlled,0,1,0,0,
2020-06-02T00:00:00Z,0,0,0,0,0,0,-0,0,0,0,0,0,0,0,-0,0,0,0,0,0,0,0,0,0,False,1,100000,team-10-v3-controlled,0,1,0,0,
2020-06-02T08:00:00Z,0,0,0,0,0,0,-0,0,0,0,0,0,0,0,-0,0,0,0,0,0,0,0,0,0,False,1,100000,team-10-v3-controlled,0,1,0,0,
2020-06-02T16:00:00Z,0,0,0,0,0,0,-0,0,0,0,0,0,0,0,-0,0,0,0,0,0,0,0,0,0,False,1,100000,team-10-v3-controlled,0,1,0,0,
2020-06-03T00:00:00Z,0,0,0,0,0,0,-0,0,0,0,0,0,0,0,-0,0,0,0,0,0,0,0,0,0,False,1,100000,team-10-v3-controlled,0,1,0,0,
2020-06-03T08:00:00Z,0,0,0,0,0,0,-0,0,0,0,0,0,0,0,-0,0,0,0,0,0,0,0,0,0,False,1,100000,team-10-v3-controlled,0,1,0,0,
2020-06-03T16:00:00Z,0,0,0,0,0,0,-0,0,0,0,0,0,0,0,-0,0,0,0,0,0,0,0,0,0,False,1,100000,team-10-v3-controlled,0,1,0,0,
2020-06-04T00:00:00Z,0,0,0,0,0,0,-0,0,0,0,0,0,0,0,-0,0,0,0,0,0,0,0,0,0,False,1,100000,team-10-v3-controlled,0,1,0,0,
2020-06-04T08:00:00Z,0,0,0,0,0,0,-0,0,0,0,0,0,0,0,-0,0,0,0,0,0,0,0,0,0,False,1,100000,team-10-v3-controlled,0,1,0,0,
2020-06-04T16:00:00Z,0,0,0,0,0,0,-0,0,0,0,0,0,0,0,-0,0,0,0,0,0,0,0,0,0,False,1,100000,team-10-v3-controlled,0,1,0,0,
2020-06-05T00:00:00Z,0,0,0,0,0,0,-0,0,0,0,0,0,0,0,-0,0,0,0,0,0,0,0,0,0,False,1,100000,team-10-v3-controlled,0,1,0,0,
2020-06-05T08:00:00Z,0,0,0,0,0,0,-0,0,0,0,0,0,0,0,-0,0,0,0,0,0,0,0,0,0,False,1,100000,team-10-v3-controlled,0,1,0,0,
2020-06-05T16:00:00Z,0,0,0,0,0,0,-0,0,0,0,0,0,0,0,-0,0,0,0,0,0,0,0,0,0,False,1,100000,team-10-v3-controlled,0,1,0,0,
2020-06-06T00:00:00Z,0,0,0,0,0,0,-0,0,0,0,0,0,0,0,-0,0,0,0,0,0,0,0,0,0,False,1,100000,team-10-v3-controlled,0,1,0,0,
2020-06-06T08:00:00Z,0,0,0,0,0,0,-0,0,0,0,0,0,0,0,-0,0,0,0,0,0,0,0,0,0,False,1,100000,team-10-v3-controlled,0,1,0,0,
2020-06-06T16:00:00Z,0,0,0,0,0,0,-0,0,0,0,0,0,0,0,-0,0,0,0,0,0,0,0,0,0,False,1,100000,team-10-v3-controlled,0,1,0,0,
2020-06-07T00:00:00Z,0,0,0,0,0,0,-0,0,0,0,0,0,0,0,-0,0,0,0,0,0,0,0,0,0,False,1,100000,team-10-v3-controlled,0,1,0,0,
2020-06-07T08:00:00Z,0,0,0,0,0,0,-0,0,0,0,0,0,0,0,-0,0,0,0,0,0,0,0,0,0,False,1,100000,team-10-v3-controlled,0,1,0,0,
2020-06-07T16:00:00Z,0,0,0,0,0,0,-0,0,0,0,0,0,0,0,-0,0,0,0,0,0,0,0,0,0,False,1,100000,team-10-v3-controlled,0,1,0,0,
2020-06-08T00:00:00Z,0,0,0,0,0,0,-0,0,0,0,0,0,0,0,-0,0,0,0,0,0,0,0,0,0,False,1,100000,team-10-v3-controlled,0,1,0,0,
2020-06-08T08:00:00Z,0,0,0,0,0,0,-0,0,0,0,0,0,0,0,-0,0,0,0,0,0,0,0,0,0,False,1,100000,team-10-v3-controlled,0,1,0,0,
2020-06-08T16:00:00Z,0,0,0,0,0,0,-0,0,0,0,0,0,0,0,-0,0,0,0,0,0,0,0,0,0,False,1,100000,team-10-v3-controlled,0,1,0,0,
2020-06-09T00:00:00Z,0,0,0,0,0,0,-0,0,0,0,0,0,0,0,-0,0,0,0,0,0,0,0,0,0,False,1,100000,team-10-v3-controlled,0,1,0,0,
2020-06-09T08:00:00Z,0,0,0,0,0,0,-0,0,0,0,0,0,0,0,-0,0,0,0,0,0,0,0,0,0,False,1,100000,team-10-v3-controlled,0,1,0,0,
2020-06-09T16:00:00Z,0,0,0,0,0,0,-0,0,0,0,0,0,0,0,-0,0,0,0,0,0,0,0,0,0,False,1,100000,team-10-v3-controlled,0,1,0,0,
2020-06-10T00:00:00Z,0,0,0,0,0,0,-0,0,0,0,0,0,0,0,-0,0,0,0,0,0,0,0,0,0,False,1,100000,team-10-v3-controlled,0,1,0,0,
2020-06-10T08:00:00Z,0,0,0,0,0,0,-0,0,0,0,0,0,0,0,-0,0,0,0,0,0,0,0,0,0,False,1,100000,team-10-v3-controlled,0,1,0,0,
2020-06-10T16:00:00Z,0,0,0,0,0,0,-0,0,0,0,0,0,0,0,-0,0,0,0,0,0,0,0,0,0,False,1,100000,team-10-v3-controlled,0,1,0,0,
2020-06-11T00:00:00Z,0,0,0,0,0,0,-0,0,0,0,0,0,0,0,-0,0,0,0,0,0,0,0,0,0,False,1,100000,team-10-v3-controlled,0,1,0,0,
2020-06-11T08:00:00Z,0,0,0,0,0,0,-0,0,0,0,0,0,0,0,-0,0,0,0,0,0,0,0,0,0,False,1,100000,team-10-v3-controlled,0,1,0,0,
2020-06-11T16:00:00Z,0,0,0,0,0,0,-0,0,0,0,0,0,0,0,-0,0,0,0,0,0,0,0,0,0,False,1,100000,team-10-v3-controlled,0,1,0,0,
2020-06-12T00:00:00Z,0,0,0,0,0,0,-0,0,0,0,0,0,0,0,-0,0,0,0,0,0,0,0,0,0,False,1,100000,team-10-v3-controlled,0,1,0,0,
2020-06-12T08:00:00Z,0,0,0,0,0,0,-0,0,0,0,0,0,0,0,-0,0,0,0,0,0,0,0,0,0,False,1,100000,team-10-v3-controlled,0,1,0,0,
2020-06-12T16:00:00Z,0,0,0,0,0,0,-0,0,0,0,0,0,0,0,-0,0,0,0,0,0,0,0,0,0,False,1,100000,team-10-v3-controlled,0,1,0,0,
2020-06-13T00:00:00Z,0,0,0,0,0,0,-0,0,0,0,0,0,0,0,-0,0,0,0,0,0,0,0,0,0,False,1,100000,team-10-v3-controlled,0,1,0,0,
2020-06-13T08:00:00Z,0,0,0,0,0,0,-0,0,0,0,0,0,0,0,-0,0,0,0,0,0,0,0,0,0,False,1,100000,team-10-v3-controlled,0,1,0,0,
2020-06-13T16:00:00Z,0,0,0,0,0,0,-0,0,0,0,0,0,0,0,-0,0,0,0,0,0,0,0,0,0,False,1,100000,team-10-v3-controlled,0,1,0,0,
2020-06-14T00:00:00Z,0,0,0,0,0,0,-0,0,0,0,0,0,0,0,-0,0,0,0,0,0,0,0,0,0,False,1,100000,team-10-v3-controlled,0,1,0,0,
2020-06-14T08:00:00Z,0,0,0,0,0,0,-0,0,0,0,0,0,0,0,-0,0,0,0,0,0,0,0,0,0,False,1,100000,team-10-v3-controlled,0,1,0,0,
2020-06-14T16:00:00Z,0,0,0,0,0,0,-0,0,0,0,0,0,0,0,-0,0,0,0,0,0,0,0,0,0,False,1,100000,team-10-v3-controlled,0,1,0,0,
2020-06-15T00:00:00Z,0,0,0,0,0,0,-0,0,0,0,0,0,0,0,-0,0,0,0,0,0,0,0,0,0,False,1,100000,team-10-v3-controlled,0,1,0,0,
2020-06-15T08:00:00Z,0,0,0,0,0,0,-0,0,0,0,0,0,0,0,-0,0,0,0,0,0,0,0,0,0,False,1,100000,team-10-v3-controlled,0,1,0,0,
2020-06-15T16:00:00Z,0,0,0,0,0,0,-0,0,0,0,0,0,0,0,-0,0,0,0,0,0,0,0,0,0,False,1,100000,team-10-v3-controlled,0,1,0,0,
2020-06-16T00:00:00Z,0,0,0,0,0,0,-0,0,0,0,0,0,0,0,-0,0,0,0,0,0,0,0,0,0,False,1,100000,team-10-v3-controlled,0,1,0,0,
2020-06-16T08:00:00Z,0,0,0,0,0,0,-0,0,0,0,0,0,0,0,-0,0,0,0,0,0,0,0,0,0,False,1,100000,team-10-v3-controlled,0,1,0,0,
2020-06-16T16:00:00Z,0,0,0,0,0,0,-0,0,0,0,0,0,0,0,-0,0,0,0,0,0,0,0,0,0,False,1,100000,team-10-v3-controlled,0,1,0,0,
2020-06-17T00:00:00Z,0,0,0,0,0,0,-0,0,0,0,0,0,0,0,-0,0,0,0,0,0,0,0,0,0,False,1,100000,team-10-v3-controlled,0,1,0,0,
2020-06-17T08:00:00Z,0,0,0,0,0,0,-0,0,0,0,0,0,0,0,-0,0,0,0,0,0,0,0,0,0,False,1,100000,team-10-v3-controlled,0,1,0,0,
2020-06-17T16:00:00Z,0,0,0,0,0,0,-0,0,0,0,0,0,0,0,-0,0,0,0,0,0,0,0,0,0,False,1,100000,team-10-v3-controlled,0,1,0,0,
2020-06-18T00:00:00Z,0,0,0,0,0,0,-0,0,0,0,0,0,0,0,-0,0,0,0,0,0,0,0,0,0,False,1,100000,team-10-v3-controlled,0,1,0,0,
2020-06-18T08:00:00Z,0,0,0,0,0,0,-0,0,0,0,0,0,0,0,-0,0,0,0,0,0,0,0,0,0,False,1,100000,team-10-v3-controlled,0,1,0,0,
2020-06-18T16:00:00Z,0,0,0,0,0,0,-0,0,0,0,0,0,0,0,-0,0,0,0,0,0,0,0,0,0,False,1,100000,team-10-v3-controlled,0,1,0,0,
2020-06-19T00:00:00Z,0,0,0,0,0,0,-0,0,0,0,0,0,0,0,-0,0,0,0,0,0,0,0,0,0,False,1,100000,team-10-v3-controlled,0,1,0,0,
2020-06-19T08:00:00Z,0,0,0,0,0,0,-0,0,0,0,0,0,0,0,-0,0,0,0,0,0,0,0,0,0,False,1,100000,team-10-v3-controlled,0,1,0,0,
2020-06-19T16:00:00Z,0,0,0,0,0,0,-0,0,0,0,0,0,0,0,-0,0,0,0,0,0,0,0,0,0,False,1,100000,team-10-v3-controlled,0,1,0,0,
2020-06-20T00:00:00Z,0,0,0,0,0,0,-0,0,0,0,0,0,0,0,-0,0,0,0,0,0,0,0,0,0,False,1,100000,team-10-v3-controlled,0,1,0,0,
2020-06-20T08:00:00Z,0,0,0,0,0,0,-0,0,0,0,0,0,0,0,-0,0,0,0,0,0,0,0,0,0,False,1,100000,team-10-v3-controlled,0,1,0,0,
2020-06-20T16:00:00Z,0,0,0,0,0,0,-0,0,0,0,0,0,0,0,-0,0,0,0,0,0,0,0,0,0,False,1,100000,team-10-v3-controlled,0,1,0,0,
2020-06-21T00:00:00Z,0,0,0,0,0,0,-0,0,0,0,0,0,0,0,-0,0,0,0,0,0,0,0,0,0,False,1,100000,team-10-v3-controlled,0,1,0,0,
2020-06-21T08:00:00Z,0,0,0,0,0,0,-0,0,0,0,0,0,0,0,-0,0,0,0,0,0,0,0,0,0,False,1,100000,team-10-v3-controlled,0,1,0,0,
2020-06-21T16:00:00Z,0,0,0,0,0,0,-0,0,0,0,0,0,0,0,-0,0,0,0,0,0,0,0,0,0,False,1,100000,team-10-v3-controlled,0,1,0,0,
2020-06-22T00:00:00Z,0,0,0,0,0,0,-0,0,0,0,0,0,0,0,-0,0,0,0,0,0,0,0,0,0,False,1,100000,team-10-v3-controlled,0,1,0,0,
2020-06-22T08:00:00Z,0,0,0,0,0,0,-0,0,0,0,0,0,0,0,-0,0,0,0,0,0,0,0,0,0,False,1,100000,team-10-v3-controlled,0,1,0,0,
2020-06-22T16:00:00Z,0,0,0,0,0,0,-0,0,0,0,0,0,0,0,-0,0,0,0,0,0,0,0,0,0,False,1,100000,team-10-v3-controlled,0,1,0,0,
2020-06-23T00:00:00Z,0,0,0,0,0,0,-0,0,0,0,0,0,0,0,-0,0,0,0,0,0,0,0,0,0,False,1,100000,team-10-v3-controlled,0,1,0,0,
2020-06-23T08:00:00Z,0,0,0,0,0,0,-0,0,0,0,0,0,0,0,-0,0,0,0,0,0,0,0,0,0,False,1,100000,team-10-v3-controlled,0,1,0,0,
2020-06-23T16:00:00Z,0,0,0,0,0,0,-0,0,0,0,0,0,0,0,-0,0,0,0,0,0,0,0,0,0,False,1,100000,team-10-v3-controlled,0,1,0,0,
2020-06-24T00:00:00Z,0,0,0,0,0,0,-0,0,0,0,0,0,0,0,-0,0,0,0,0,0,0,0,0,0,False,1,100000,team-10-v3-controlled,0,1,0,0,
2020-06-24T08:00:00Z,0,0,0,0,0,0,-0,0,0,0,0,0,0,0,-0,0,0,0,0,0,0,0,0,0,False,1,100000,team-10-v3-controlled,0,1,0,0,
2020-06-24T16:00:00Z,0,0,0,0,0,0,-0,0,0,0,0,0,0,0,-0,0,0,0,0,0,0,0,0,0,False,1,100000,team-10-v3-controlled,0,1,0,0,
2020-06-25T00:00:00Z,0,0,0,0,0,0,-0,0,0,0,0,0,0,0,-0,0,0,0,0,0,0,0,0,0,False,1,100000,team-10-v3-controlled,0,1,0,0,
2020-06-25T08:00:00Z,0,0,0,0,0,0,-0,0,0,0,0,0,0,0,-0,0,0,0,0,0,0,0,0,0,False,1,100000,team-10-v3-controlled,0,1,0,0,
2020-06-25T16:00:00Z,0,0,0,0,0,0,-0,0,0,0,0,0,0,0,-0,0,0,0,0,0,0,0,0,0,False,1,100000,team-10-v3-controlled,0,1,0,0,
2020-06-26T00:00:00Z,0,0,0,0,0,0,-0,0,0,0,0,0,0,0,-0,0,0,0,0,0,0,0,0,0,False,1,100000,team-10-v3-controlled,0,1,0,0,
2020-06-26T08:00:00Z,0,0,0,0,0,0,-0,0,0,0,0,0,0,0,-0,0,0,0,0,0,0,0,0,0,False,1,100000,team-10-v3-controlled,0,1,0,0,
2020-06-26T16:00:00Z,0,0,0,0,0,0,-0,0,0,0,0,0,0,0,-0,0,0,0,0,0,0,0,0,0,False,1,100000,team-10-v3-controlled,0,1,0,0,
2020-06-27T00:00:00Z,0,0,0,0,0,0,-0,0,0,0,0,0,0,0,-0,0,0,0,0,0,0,0,0,0,False,1,100000,team-10-v3-controlled,0,1,0,0,
2020-06-27T08:00:00Z,0,0,0,0,0,0,-0,0,0,0,0,0,0,0,-0,0,0,0,0,0,0,0,0,0,False,1,100000,team-10-v3-controlled,0,1,0,0,
2020-06-27T16:00:00Z,0,0,0,0,0,0,-0,0,0,0,0,0,0,0,-0,0,0,0,0,0,0,0,0,0,False,1,100000,team-10-v3-controlled,0,1,0,0,
2020-06-28T00:00:00Z,0,0,0,0,0,0,-0,0,0,0,0,0,0,0,-0,0,0,0,0,0,0,0,0,0,False,1,100000,team-10-v3-controlled,0,1,0,0,
2020-06-28T08:00:00Z,0,0,0,0,0,0,-0,0,0,0,0,0,0,0,-0,0,0,0,0,0,0,0,0,0,False,1,100000,team-10-v3-controlled,0,1,0,0,
2020-06-28T16:00:00Z,0,0,0,0,0,0,-0,0,0,0,0,0,0,0,-0,0,0,0,0,0,0,0,0,0,False,1,100000,team-10-v3-controlled,0,1,0,0,
2020-06-29T00:00:00Z,0,0,0,0,0,0,-0,0,0,0,0,0,0,0,-0,0,0,0,0,0,0,0,0,0,False,1,100000,team-10-v3-controlled,0,1,0,0,
2020-06-29T08:00:00Z,0,0,0,0,0,0,-0,0,0,0,0,0,0,0,-0,0,0,0,0,0,0,0,0,0,False,1,100000,team-10-v3-controlled,0,1,0,0,
2020-06-29T16:00:00Z,0,0,0,0,0,0,-0,0,0,0,0,0,0,0,-0,0,0,0,0,0,0,0,0,0,False,1,100000,team-10-v3-controlled,0,1,0,0,
2020-06-30T00:00:00Z,0,0,0,0,0,0,-0,0,0,0,0,0,0,0,-0,0,0,0,0,0,0,0,0,0,False,1,100000,team-10-v3-controlled,0,1,0,0,
2020-06-30T08:00:00Z,0,0,0,0,0,0,-0,0,0,0,0,0,0,0,-0,0,0,0,0,0,0,0,0,0,False,1,100000,team-10-v3-controlled,0,1,0,0,
2020-06-30T16:00:00Z,0,0,0,0,0,0,-0,0,0,0,0,0,0,0,-0,0,0,0,0,0,0,0,0,0,False,1,100000,team-10-v3-controlled,0,1,0,0,
2020-07-01T00:00:00Z,0,0,0,0,0,0,-0,0,0,0,0,0,0,0,-0,0,0,0,0,0,0,0,0,0,False,1,100000,team-10-v3-controlled,0,1,0,0,
2020-07-01T08:00:00Z,0,0,0,0,0,0,-0,0,0,0,0,0,0,0,-0,0,0,0,0,0,0,0,0,0,False,1,100000,team-10-v3-controlled,0,1,0,0,
2020-07-01T16:00:00Z,0,0,0,0,0,0,-0,0,0,0,0,0,0,0,-0,0,0,0,0,0,0,0,0,0,False,1,100000,team-10-v3-controlled,0,1,0,0,
2020-07-02T00:00:00Z,0,0,0,0,0,0,-0,0,0,0,0,0,0,0,-0,0,0,0,0,0,0,0,0,0,False,1,100000,team-10-v3-controlled,0,1,0,0,
2020-07-02T08:00:00Z,0,0,0,0,0,0,-0,0,0,0,0,0,0,0,-0,0,0,0,0,0,0,0,0,0,False,1,100000,team-10-v3-controlled,0,1,0,0,
2020-07-02T16:00:00Z,0,0,0,0,0,0,-0,0,0,0,0,0,0,0,-0,0,0,0,0,0,0,0,0,0,False,1,100000,team-10-v3-controlled,0,1,0,0,
2020-07-03T00:00:00Z,0,0,0,0,0,0,-0,0,0,0,0,0,0,0,-0,0,0,0,0,0,0,0,0,0,False,1,100000,team-10-v3-controlled,0,1,0,0,
2020-07-03T08:00:00Z,0,0,0,0,0,0,-0,0,0,0,0,0,0,0,-0,0,0,0,0,0,0,0,0,0,False,1,100000,team-10-v3-controlled,0,1,0,0,
2020-07-03T16:00:00Z,0,0,0,0,0,0,-0,0,0,0,0,0,0,0,-0,0,0,0,0,0,0,0,0,0,False,1,100000,team-10-v3-controlled,0,1,0,0,
2020-07-04T00:00:00Z,0,0,0,0,0,0,-0,0,0,0,0,0,0,0,-0,0,0,0,0,0,0,0,0,0,False,1,100000,team-10-v3-controlled,0,1,0,0,
2020-07-04T08:00:00Z,0,0,0,0,0,0,-0,0,0,0,0,0,0,0,-0,0,0,0,0,0,0,0,0,0,False,1,100000,team-10-v3-controlled,0,1,0,0,
2020-07-04T16:00:00Z,0,0,0,0,0,0,-0,0,0,0,0,0,0,0,-0,0,0,0,0,0,0,0,0,0,False,1,100000,team-10-v3-controlled,0,1,0,0,
2020-07-05T00:00:00Z,0,0,0,0,0,0,-0,0,0,0,0,0,0,0,-0,0,0,0,0,0,0,0,0,0,False,1,100000,team-10-v3-controlled,0,1,0,0,
2020-07-05T08:00:00Z,0,0,0,0,0,0,-0,0,0,0,0,0,0,0,-0,0,0,0,0,0,0,0,0,0,False,1,100000,team-10-v3-controlled,0,1,0,0,
2020-07-05T16:00:00Z,0,0,0,0,0,0,-0,0,0,0,0,0,0,0,-0,0,0,0,0,0,0,0,0,0,False,1,100000,team-10-v3-controlled,0,1,0,0,
2020-07-06T00:00:00Z,0,0,0,0,0,0,-0,0,0,0,0,0,0,0,-0,0,0,0,0,0,0,0,0,0,False,1,100000,team-10-v3-controlled,0,1,0,0,
2020-07-06T08:00:00Z,0,0,0,0,0,0,-0,0,0,0,0,0,0,0,-0,0,0,0,0,0,0,0,0,0,False,1,100000,team-10-v3-controlled,0,1,0,0,
2020-07-06T16:00:00Z,0,0,0,0,0,0,-0,0,0,0,0,0,0,0,-0,0,0,0,0,0,0,0,0,0,False,1,100000,team-10-v3-controlled,0,1,0,0,
2020-07-07T00:00:00Z,0,0,0,0,0,0,-0,0,0,0,0,0,0,0,-0,0,0,0,0,0,0,0,0,0,False,1,100000,team-10-v3-controlled,0,1,0,0,
2020-07-07T08:00:00Z,0,0,0,0,0,0,-0,0,0,0,0,0,0,0,-0,0,0,0,0,0,0,0,0,0,False,1,100000,team-10-v3-controlled,0,1,0,0,
2020-07-07T16:00:00Z,0,0,0,0,0,0,-0,0,0,0,0,0,0,0,-0,0,0,0,0,0,0,0,0,0,False,1,100000,team-10-v3-controlled,0,1,0,0,
2020-07-08T00:00:00Z,0,0,0,0,0,0,-0,0,0,0,0,0,0,0,-0,0,0,0,0,0,0,0,0,0,False,1,100000,team-10-v3-controlled,0,1,0,0,
2020-07-08T08:00:00Z,0,0,0,0,0,0,-0,0,0,0,0,0,0,0,-0,0,0,0,0,0,0,0,0,0,False,1,100000,team-10-v3-controlled,0,1,0,0,
2020-07-08T16:00:00Z,0,0,0,0,0,0,-0,0,0,0,0,0,0,0,-0,0,0,0,0,0,0,0,0,0,False,1,100000,team-10-v3-controlled,0,1,0,0,
2020-07-09T00:00:00Z,0,0,0,0,0,0,-0,0,0,0,0,0,0,0,-0,0,0,0,0,0,0,0,0,0,False,1,100000,team-10-v3-controlled,0,1,0,0,
2020-07-09T08:00:00Z,0,0,0,0,0,0,-0,0,0,0,0,0,0,0,-0,0,0,0,0,0,0,0,0,0,False,1,100000,team-10-v3-controlled,0,1,0,0,
2020-07-09T16:00:00Z,0,0,0,0,0,0,-0,0,0,0,0,0,0,0,-0,0,0,0,0,0,0,0,0,0,False,1,100000,team-10-v3-controlled,0,1,0,0,
2020-07-10T00:00:00Z,0,0,0,0,0,0,-0,0,0,0,0,0,0,0,-0,0,0,0,0,0,0,0,0,0,False,1,100000,team-10-v3-controlled,0,1,0,0,
2020-07-10T08:00:00Z,0,0,0,0,0,0,-0,0,0,0,0,0,0,0,-0,0,0,0,0,0,0,0,0,0,False,1,100000,team-10-v3-controlled,0,1,0,0,
2020-07-10T16:00:00Z,0,0,0,0,0,0,-0,0,0,0,0,0,0,0,-0,0,0,0,0,0,0,0,0,0,False,1,100000,team-10-v3-controlled,0,1,0,0,
2020-07-11T00:00:00Z,0,0,0,0,0,0,-0,0,0,0,0,0,0,0,-0,0,0,0,0,0,0,0,0,0,False,1,100000,team-10-v3-controlled,0,1,0,0,
2020-07-11T08:00:00Z,0,0,0,0,0,0,-0,0,0,0,0,0,0,0,-0,0,0,0,0,0,0,0,0,0,False,1,100000,team-10-v3-controlled,0,1,0,0,
2020-07-11T16:00:00Z,0,0,0,0,0,0,-0,0,0,0,0,0,0,0,-0,0,0,0,0,0,0,0,0,0,False,1,100000,team-10-v3-controlled,0,1,0,0,
2020-07-12T00:00:00Z,0,0,0,0,0,0,-0,0,0,0,0,0,0,0,-0,0,0,0,0,0,0,0,0,0,False,1,100000,team-10-v3-controlled,0,1,0,0,
2020-07-12T08:00:00Z,0,0,0,0,0,0,-0,0,0,0,0,0,0,0,-0,0,0,0,0,0,0,0,0,0,False,1,100000,team-10-v3-controlled,0,1,0,0,
2020-07-12T16:00:00Z,0,0,0,0,0,0,-0,0,0,0,0,0,0,0,-0,0,0,0,0,0,0,0,0,0,False,1,100000,team-10-v3-controlled,0,1,0,0,
2020-07-13T00:00:00Z,0,0,0,0,0,0,-0,0,0,0,0,0,0,0,-0,0,0,0,0,0,0,0,0,0,False,1,100000,team-10-v3-controlled,0,1,0,0,
2020-07-13T08:00:00Z,0,0,0,0,0,0,-0,0,0,0,0,0,0,0,-0,0,0,0,0,0,0,0,0,0,False,1,100000,team-10-v3-controlled,0,1,0,0,
2020-07-13T16:00:00Z,0,0,0,0,0,0,-0,0,0,0,0,0,0,0,-0,0,0,0,0,0,0,0,0,0,False,1,100000,team-10-v3-controlled,0,1,0,0,
2020-07-14T00:00:00Z,0,0,0,0,0,0,-0,0,0,0,0,0,0,0,-0,0,0,0,0,0,0,0,0,0,False,1,100000,team-10-v3-controlled,0,1,0,0,
2020-07-14T08:00:00Z,0,0,0,0,0,0,-0,0,0,0,0,0,0,0,-0,0,0,0,0,0,0,0,0,0,False,1,100000,team-10-v3-controlled,0,1,0,0,
2020-07-14T16:00:00Z,0,0,0,0,0,0,-0,0,0,0,0,0,0,0,-0,0,0,0,0,0,0,0,0,0,False,1,100000,team-10-v3-controlled,0,1,0,0,
2020-07-15T00:00:00Z,0,0,0,0,0,0,-0,0,0,0,0,0,0,0,-0,0,0,0,0,0,0,0,0,0,False,1,100000,team-10-v3-controlled,0,1,0,0,
2020-07-15T08:00:00Z,0,0,0,0,0,0,-0,0,0,0,0,0,0,0,-0,0,0,0,0,0,0,0,0,0,False,1,100000,team-10-v3-controlled,0,1,0,0,
2020-07-15T16:00:00Z,0,0,0,0,0,0,-0,0,0,0,0,0,0,0,-0,0,0,0,0,0,0,0,0,0,False,1,100000,team-10-v3-controlled,0,1,0,0,
2020-07-16T00:00:00Z,0,0,0,0,0,0,-0,0,0,0,0,0,0,0,-0,0,0,0,0,0,0,0,0,0,False,1,100000,team-10-v3-controlled,0,1,0,0,
2020-07-16T08:00:00Z,0,0,0,0,0,0,-0,0,0,0,0,0,0,0,-0,0,0,0,0,0,0,0,0,0,False,1,100000,team-10-v3-controlled,0,1,0,0,
2020-07-16T16:00:00Z,0,0,0,0,0,0,-0,0,0,0,0,0,0,0,-0,0,0,0,0,0,0,0,0,0,False,1,100000,team-10-v3-controlled,0,1,0,0,
2020-07-17T00:00:00Z,0,0,0,0,0,0,-0,0,0,0,0,0,0,0,-0,0,0,0,0,0,0,0,0,0,False,1,100000,team-10-v3-controlled,0,1,0,0,
2020-07-17T08:00:00Z,0,0,0,0,0,0,-0,0,0,0,0,0,0,0,-0,0,0,0,0,0,0,0,0,0,False,1,100000,team-10-v3-controlled,0,1,0,0,
2020-07-17T16:00:00Z,0,0,0,0,0,0,-0,0,0,0,0,0,0,0,-0,0,0,0,0,0,0,0,0,0,False,1,100000,team-10-v3-controlled,0,1,0,0,
2020-07-18T00:00:00Z,0,0,0,0,0,0,-0,0,0,0,0,0,0,0,-0,0,0,0,0,0,0,0,0,0,False,1,100000,team-10-v3-controlled,0,1,0,0,
2020-07-18T08:00:00Z,0,0,0,0,0,0,-0,0,0,0,0,0,0,0,-0,0,0,0,0,0,0,0,0,0,False,1,100000,team-10-v3-controlled,0,1,0,0,
2020-07-18T16:00:00Z,0,0,0,0,0,0,-0,0,0,0,0,0,0,0,-0,0,0,0,0,0,0,0,0,0,False,1,100000,team-10-v3-controlled,0,1,0,0,
2020-07-19T00:00:00Z,0,0,0,0,0,0,-0,0,0,0,0,0,0,0,-0,0,0,0,0,0,0,0,0,0,False,1,100000,team-10-v3-controlled,0,1,0,0,
2020-07-19T08:00:00Z,0,0,0,0,0,0,-0,0,0,0,0,0,0,0,-0,0,0,0,0,0,0,0,0,0,False,1,100000,team-10-v3-controlled,0,1,0,0,
2020-07-19T16:00:00Z,0,0,0,0,0,0,-0,0,0,0,0,0,0,0,-0,0,0,0,0,0,0,0,0,0,False,1,100000,team-10-v3-controlled,0,1,0,0,
2020-07-20T00:00:00Z,0,0,0,0,0,0,-0,0,0,0,0,0,0,0,-0,0,0,0,0,0,0,0,0,0,False,1,100000,team-10-v3-controlled,0,1,0,0,
2020-07-20T08:00:00Z,0,0,0,0,0,0,-0,0,0,0,0,0,0,0,-0,0,0,0,0,0,0,0,0,0,False,1,100000,team-10-v3-controlled,0,1,0,0,
2020-07-20T16:00:00Z,0,0,0,0,0,0,-0,0,0,0,0,0,0,0,-0,0,0,0,0,0,0,0,0,0,False,1,100000,team-10-v3-controlled,0,1,0,0,
2020-07-21T00:00:00Z,0,0,0,0,0,0,-0,0,0,0,0,0,0,0,-0,0,0,0,0,0,0,0,0,0,False,1,100000,team-10-v3-controlled,0,1,0,0,
2020-07-21T08:00:00Z,0,0,0,0,0,0,-0,0,0,0,0,0,0,0,-0,0,0,0,0,0,0,0,0,0,False,1,100000,team-10-v3-controlled,0,1,0,0,
2020-07-21T16:00:00Z,0,0,0,0,0,0,-0,0,0,0,0,0,0,0,-0,0,0,0,0,0,0,0,0,0,False,1,100000,team-10-v3-controlled,0,1,0,0,
2020-07-22T00:00:00Z,0,0,0,0,0,0,-0,0,0,0,0,0,0,0,-0,0,0,0,0,0,0,0,0,0,False,1,100000,team-10-v3-controlled,0,1,0,0,
2020-07-22T08:00:00Z,0,0,0,0,0,0,-0,0,0,0,0,0,0,0,-0,0,0,0,0,0,0,0,0,0,False,1,100000,team-10-v3-controlled,0,1,0,0,
2020-07-22T16:00:00Z,0,0,0,0,0,0,-0,0,0,0,0,0,0,0,-0,0,0,0,0,0,0,0,0,0,False,1,100000,team-10-v3-controlled,0,1,0,0,
2020-07-23T00:00:00Z,0,0,0,0,0,0,-0,0,0,0,0,0,0,0,-0,0,0,0,0,0,0,0,0,0,False,1,100000,team-10-v3-controlled,0,1,0,0,
2020-07-23T08:00:00Z,0,0,0,0,0,0,-0,0,0,0,0,0,0,0,-0,0,0,0,0,0,0,0,0,0,False,1,100000,team-10-v3-controlled,0,1,0,0,
2020-07-23T16:00:00Z,0,0,0,0,0,0,-0,0,0,0,0,0,0,0,-0,0,0,0,0,0,0,0,0,0,False,1,100000,team-10-v3-controlled,0,1,0,0,
2020-07-24T00:00:00Z,0,0,0,0,0,0,-0,0,0,0,0,0,0,0,-0,0,0,0,0,0,0,0,0,0,False,1,100000,team-10-v3-controlled,0,1,0,0,
2020-07-24T08:00:00Z,0,0,0,0,0,0,-0,0,0,0,0,0,0,0,-0,0,0,0,0,0,0,0,0,0,False,1,100000,team-10-v3-controlled,0,1,0,0,
2020-07-24T16:00:00Z,0,0,0,0,0,0,-0,0,0,0,0,0,0,0,-0,0,0,0,0,0,0,0,0,0,False,1,100000,team-10-v3-controlled,0,1,0,0,
2020-07-25T00:00:00Z,0,0,0,0,0,0,-0,0,0,0,0,0,0,0,-0,0,0,0,0,0,0,0,0,0,False,1,100000,team-10-v3-controlled,0,1,0,0,
2020-07-25T08:00:00Z,0,0,0,0,0,0,-0,0,0,0,0,0,0,0,-0,0,0,0,0,0,0,0,0,0,False,1,100000,team-10-v3-controlled,0,1,0,0,
2020-07-25T16:00:00Z,0,0,0,0,0,0,-0,0,0,0,0,0,0,0,-0,0,0,0,0,0,0,0,0,0,False,1,100000,team-10-v3-controlled,0,1,0,0,
2020-07-26T00:00:00Z,0,0,0,0,0,0,-0,0,0,0,0,0,0,0,-0,0,0,0,0,0,0,0,0,0,False,1,100000,team-10-v3-controlled,0,1,0,0,
2020-07-26T08:00:00Z,0,0,0,0,0,0,-0,0,0,0,0,0,0,0,-0,0,0,0,0,0,0,0,0,0,False,1,100000,team-10-v3-controlled,0,1,0,0,
2020-07-26T16:00:00Z,0,0,0,0,0,0,-0,0,0,0,0,0,0,0,-0,0,0,0,0,0,0,0,0,0,False,1,100000,team-10-v3-controlled,0,1,0,0,
2020-07-27T00:00:00Z,0,0,0,0,0,0,-0,0,0,0,0,0,0,0,-0,0,0,0,0,0,0,0,0,0,False,1,100000,team-10-v3-controlled,0,1,0,0,
2020-07-27T08:00:00Z,0,0,0,0,0,0,-0,0,0,0,0,0,0,0,-0,0,0,0,0,0,0,0,0,0,False,1,100000,team-10-v3-controlled,0,1,0,0,
2020-07-27T16:00:00Z,0,0,0,0,0,0,-0,0,0,0,0,0,0,0,-0,0,0,0,0,0,0,0,0,0,False,1,100000,team-10-v3-controlled,0,1,0,0,
2020-07-28T00:00:00Z,0,0,0,0,0,0,-0,0,0,0,0,0,0,0,-0,0,0,0,0,0,0,0,0,0,False,1,100000,team-10-v3-controlled,0,1,0,0,
2020-07-28T08:00:00Z,0,0,0,0,0,0,-0,0,0,0,0,0,0,0,-0,0,0,0,0,0,0,0,0,0,False,1,100000,team-10-v3-controlled,0,1,0,0,
2020-07-28T16:00:00Z,0,0,0,0,0,0,-0,0,0,0,0,0,0,0,-0,0,0,0,0,0,0,0,0,0,False,1,100000,team-10-v3-controlled,0,1,0,0,
2020-07-29T00:00:00Z,0,0,0,0,0,0,-0,0,0,0,0,0,0,0,-0,0,0,0,0,0,0,0,0,0,False,1,100000,team-10-v3-controlled,0,1,0,0,
2020-07-29T08:00:00Z,0,0,0,0,0,0,-0,0,0,0,0,0,0,0,-0,0,0,0,0,0,0,0,0,0,False,1,100000,team-10-v3-controlled,0,1,0,0,
2020-07-29T16:00:00Z,0,0,0,0,0,0,-0,0,0,0,0,0,0,0,-0,0,0,0,0,0,0,0,0,0,False,1,100000,team-10-v3-controlled,0,1,0,0,
2020-07-30T00:00:00Z,0,0,0,0,0,0,-0,0,0,0,0,0,0,0,-0,0,0,0,0,0,0,0,0,0,False,1,100000,team-10-v3-controlled,0,1,0,0,
2020-07-30T08:00:00Z,0,0,0,0,0,0,-0,0,0,0,0,0,0,0,-0,0,0,0,0,0,0,0,0,0,False,1,100000,team-10-v3-controlled,0,1,0,0,
2020-07-30T16:00:00Z,0,0,0,0,0,0,-0,0,0,0,0,0,0,0,-0,0,0,0,0,0,0,0,0,0,False,1,100000,team-10-v3-controlled,0,1,0,0,
2020-07-31T00:00:00Z,0,0,0,0,0,0,-0,0,0,0,0,0,0,0,-0,0,0,0,0,0,0,0,0,0,False,1,100000,team-10-v3-controlled,0,1,0,0,
2020-07-31T08:00:00Z,0,0,0,0,0,0,-0,0,0,0,0,0,0,0,-0,0,0,0,0,0,0,0,0,0,False,1,100000,team-10-v3-controlled,0,1,0,0,
2020-07-31T16:00:00Z,0,0,0,0,0,0,-0,0,0,0,0,0,0,0,-0,0,0,0,0,0,0,0,0,0,False,1,100000,team-10-v3-controlled,0,1,0,0,
2020-08-01T00:00:00Z,0,0,0,0,0,0,-0,0,0,0,0,0,0,0,-0,0,0,0,0,0,0,0,0,0,False,1,100000,team-10-v3-controlled,0,1,0,0,
2020-08-01T08:00:00Z,0,0,0,0,0,0,-0,0,0,0,0,0,0,0,-0,0,0,0,0,0,0,0,0,0,False,1,100000,team-10-v3-controlled,0,1,0,0,
2020-08-01T16:00:00Z,0,0,0,0,0,0,-0,0,0,0,0,0,0,0,-0,0,0,0,0,0,0,0,0,0,False,1,100000,team-10-v3-controlled,0,1,0,0,
2020-08-02T00:00:00Z,0,0,0,0,0,0,-0,0,0,0,0,0,0,0,-0,0,0,0,0,0,0,0,0,0,False,1,100000,team-10-v3-controlled,0,1,0,0,
2020-08-02T08:00:00Z,0,0,0,0,0,0,-0,0,0,0,0,0,0,0,-0,0,0,0,0,0,0,0,0,0,False,1,100000,team-10-v3-controlled,0,1,0,0,
2020-08-02T16:00:00Z,0,0,0,0,0,0,-0,0,0,0,0,0,0,0,-0,0,0,0,0,0,0,0,0,0,False,1,100000,team-10-v3-controlled,0,1,0,0,
2020-08-03T00:00:00Z,0,0,0,0,0,0,-0,0,0,0,0,0,0,0,-0,0,0,0,0,0,0,0,0,0,False,1,100000,team-10-v3-controlled,0,1,0,0,
2020-08-03T08:00:00Z,0,0,0,0,0,0,-0,0,0,0,0,0,0,0,-0,0,0,0,0,0,0,0,0,0,False,1,100000,team-10-v3-controlled,0,1,0,0,
2020-08-03T16:00:00Z,0,0,0,0,0,0,-0,0,0,0,0,0,0,0,-0,0,0,0,0,0,0,0,0,0,False,1,100000,team-10-v3-controlled,0,1,0,0,
2020-08-04T00:00:00Z,0,0,0,0,0,0,-0,0,0,0,0,0,0,0,-0,0,0,0,0,0,0,0,0,0,False,1,100000,team-10-v3-controlled,0,1,0,0,
2020-08-04T08:00:00Z,0,0,0,0,0,0,-0,0,0,0,0,0,0,0,-0,0,0,0,0,0,0,0,0,0,False,1,100000,team-10-v3-controlled,0,1,0,0,
2020-08-04T16:00:00Z,0,0,0,0,0,0,-0,0,0,0,0,0,0,0,-0,0,0,0,0,0,0,0,0,0,False,1,100000,team-10-v3-controlled,0,1,0,0,
2020-08-05T00:00:00Z,0,0,0,0,0,0,-0,0,0,0,0,0,0,0,-0,0,0,0,0,0,0,0,0,0,False,1,100000,team-10-v3-controlled,0,1,0,0,
2020-08-05T08:00:00Z,0,0,0,0,0,0,-0,0,0,0,0,0,0,0,-0,0,0,0,0,0,0,0,0,0,False,1,100000,team-10-v3-controlled,0,1,0,0,
2020-08-05T16:00:00Z,0,0,0,0,0,0,-0,0,0,0,0,0,0,0,-0,0,0,0,0,0,0,0,0,0,False,1,100000,team-10-v3-controlled,0,1,0,0,
2020-08-06T00:00:00Z,0,0,0,0,0,0,-0,0,0,0,0,0,0,0,-0,0,0,0,0,0,0,0,0,0,False,1,100000,team-10-v3-controlled,0,1,0,0,
2020-08-06T08:00:00Z,0,0,0,0,0,0,-0,0,0,0,0,0,0,0,-0,0,0,0,0,0,0,0,0,0,False,1,100000,team-10-v3-controlled,0,1,0,0,
2020-08-06T16:00:00Z,0,0,0,0,0,0,-0,0,0,0,0,0,0,0,-0,0,0,0,0,0,0,0,0,0,False,1,100000,team-10-v3-controlled,0,1,0,0,
2020-08-07T00:00:00Z,0,0,0,0,0,0,-0,0,0,0,0,0,0,0,-0,0,0,0,0,0,0,0,0,0,False,1,100000,team-10-v3-controlled,0,1,0,0,
2020-08-07T08:00:00Z,0,0,0,0,0,0,-0,0,0,0,0,0,0,0,-0,0,0,0,0,0,0,0,0,0,False,1,100000,team-10-v3-controlled,0,1,0,0,
2020-08-07T16:00:00Z,0,0,0,0,0,0,-0,0,0,0,0,0,0,0,-0,0,0,0,0,0,0,0,0,0,False,1,100000,team-10-v3-controlled,0,1,0,0,
2020-08-08T00:00:00Z,0,0,0,0,0,0,-0,0,0,0,0,0,0,0,-0,0,0,0,0,0,0,0,0,0,False,1,100000,team-10-v3-controlled,0,1,0,0,
2020-08-08T08:00:00Z,0,0,0,0,0,0,-0,0,0,0,0,0,0,0,-0,0,0,0,0,0,0,0,0,0,False,1,100000,team-10-v3-controlled,0,1,0,0,
2020-08-08T16:00:00Z,0,0,0,0,0,0,-0,0,0,0,0,0,0,0,-0,0,0,0,0,0,0,0,0,0,False,1,100000,team-10-v3-controlled,0,1,0,0,
2020-08-09T00:00:00Z,0,0,0,0,0,0,-0,0,0,0,0,0,0,0,-0,0,0,0,0,0,0,0,0,0,False,1,100000,team-10-v3-controlled,0,1,0,0,
2020-08-09T08:00:00Z,0,0,0,0,0,0,-0,0,0,0,0,0,0,0,-0,0,0,0,0,0,0,0,0,0,False,1,100000,team-10-v3-controlled,0,1,0,0,
2020-08-09T16:00:00Z,0,0,0,0,0,0,-0,0,0,0,0,0,0,0,-0,0,0,0,0,0,0,0,0,0,False,1,100000,team-10-v3-controlled,0,1,0,0,
2020-08-10T00:00:00Z,0,0,0,0,0,0,-0,0,0,0,0,0,0,0,-0,0,0,0,0,0,0,0,0,0,False,1,100000,team-10-v3-controlled,0,1,0,0,
2020-08-10T08:00:00Z,0,0,0,0,0,0,-0,0,0,0,0,0,0,0,-0,0,0,0,0,0,0,0,0,0,False,1,100000,team-10-v3-controlled,0,1,0,0,
2020-08-10T16:00:00Z,0,0,0,0,0,0,-0,0,0,0,0,0,0,0,-0,0,0,0,0,0,0,0,0,0,False,1,100000,team-10-v3-controlled,0,1,0,0,
2020-08-11T00:00:00Z,0,0,0,0,0,0,-0,0,0,0,0,0,0,0,-0,0,0,0,0,0,0,0,0,0,False,1,100000,team-10-v3-controlled,0,1,0,0,
2020-08-11T08:00:00Z,0,0,0,0,0,0,-0,0,0,0,0,0,0,0,-0,0,0,0,0,0,0,0,0,0,False,1,100000,team-10-v3-controlled,0,1,0,0,
2020-08-11T16:00:00Z,0,0,0,0,0,0,-0,0,0,0,0,0,0,0,-0,0,0,0,0,0,0,0,0,0,False,1,100000,team-10-v3-controlled,0,1,0,0,
2020-08-12T00:00:00Z,0,0,0,0,0,0,-0,0,0,0,0,0,0,0,-0,0,0,0,0,0,0,0,0,0,False,1,100000,team-10-v3-controlled,0,1,0,0,
2020-08-12T08:00:00Z,0,0,0,0,0,0,-0,0,0,0,0,0,0,0,-0,0,0,0,0,0,0,0,0,0,False,1,100000,team-10-v3-controlled,0,1,0,0,
2020-08-12T16:00:00Z,0,0,0,0,0,0,-0,0,0,0,0,0,0,0,-0,0,0,0,0,0,0,0,0,0,False,1,100000,team-10-v3-controlled,0,1,0,0,
2020-08-13T00:00:00Z,0,0,0,0,0,0,-0,0,0,0,0,0,0,0,-0,0,0,0,0,0,0,0,0,0,False,1,100000,team-10-v3-controlled,0,1,0,0,
2020-08-13T08:00:00Z,0,0,0,0,0,0,-0,0,0,0,0,0,0,0,-0,0,0,0,0,0,0,0,0,0,False,1,100000,team-10-v3-controlled,0,1,0,0,
2020-08-13T16:00:00Z,0,0,0,0,0,0,-0,0,0,0,0,0,0,0,-0,0,0,0,0,0,0,0,0,0,False,1,100000,team-10-v3-controlled,0,1,0,0,
2020-08-14T00:00:00Z,0,0,0,0,0,0,-0,0,0,0,0,0,0,0,-0,0,0,0,0,0,0,0,0,0,False,1,100000,team-10-v3-controlled,0,1,0,0,
2020-08-14T08:00:00Z,0,0,0,0,0,0,-0,0,0,0,0,0,0,0,-0,0,0,0,0,0,0,0,0,0,False,1,100000,team-10-v3-controlled,0,1,0,0,
2020-08-14T16:00:00Z,0,0,0,0,0,0,-0,0,0,0,0,0,0,0,-0,0,0,0,0,0,0,0,0,0,False,1,100000,team-10-v3-controlled,0,1,0,0,
2020-08-15T00:00:00Z,0,0,0,0,0,0,-0,0,0,0,0,0,0,0,-0,0,0,0,0,0,0,0,0,0,False,1,100000,team-10-v3-controlled,0,1,0,0,
2020-08-15T08:00:00Z,0,0,0,0,0,0,-0,0,0,0,0,0,0,0,-0,0,0,0,0,0,0,0,0,0,False,1,100000,team-10-v3-controlled,0,1,0,0,
2020-08-15T16:00:00Z,0,0,0,0,0,0,-0,0,0,0,0,0,0,0,-0,0,0,0,0,0,0,0,0,0,False,1,100000,team-10-v3-controlled,0,1,0,0,
2020-08-16T00:00:00Z,0,0,0,0,0,0,-0,0,0,0,0,0,0,0,-0,0,0,0,0,0,0,0,0,0,False,1,100000,team-10-v3-controlled,0,1,0,0,
2020-08-16T08:00:00Z,0,0,0,0,0,0,-0,0,0,0,0,0,0,0,-0,0,0,0,0,0,0,0,0,0,False,1,100000,team-10-v3-controlled,0,1,0,0,
2020-08-16T16:00:00Z,0,0,0,0,0,0,-0,0,0,0,0,0,0,0,-0,0,0,0,0,0,0,0,0,0,False,1,100000,team-10-v3-controlled,0,1,0,0,
2020-08-17T00:00:00Z,0,0,0,0,0,0,-0,0,0,0,0,0,0,0,-0,0,0,0,0,0,0,0,0,0,False,1,100000,team-10-v3-controlled,0,1,0,0,
2020-08-17T08:00:00Z,0,0,0,0,0,0,-0,0,0,0,0,0,0,0,-0,0,0,0,0,0,0,0,0,0,False,1,100000,team-10-v3-controlled,0,1,0,0,
2020-08-17T16:00:00Z,0,0,0,0,0,0,-0,0,0,0,0,0,0,0,-0,0,0,0,0,0,0,0,0,0,False,1,100000,team-10-v3-controlled,0,1,0,0,
2020-08-18T00:00:00Z,0,0,0,0,0,0,-0,0,0,0,0,0,0,0,-0,0,0,0,0,0,0,0,0,0,False,1,100000,team-10-v3-controlled,0,1,0,0,
2020-08-18T08:00:00Z,0,0,0,0,0,0,-0,0,0,0,0,0,0,0,-0,0,0,0,0,0,0,0,0,0,False,1,100000,team-10-v3-controlled,0,1,0,0,
2020-08-18T16:00:00Z,0,0,0,0,0,0,-0,0,0,0,0,0,0,0,-0,0,0,0,0,0,0,0,0,0,False,1,100000,team-10-v3-controlled,0,1,0,0,
2020-08-19T00:00:00Z,0,0,0,0,0,0,-0,0,0,0,0,0,0,0,-0,0,0,0,0,0,0,0,0,0,False,1,100000,team-10-v3-controlled,0,1,0,0,
2020-08-19T08:00:00Z,0,0,0,0,0,0,-0,0,0,0,0,0,0,0,-0,0,0,0,0,0,0,0,0,0,False,1,100000,team-10-v3-controlled,0,1,0,0,
2020-08-19T16:00:00Z,0,0,0,0,0,0,-0,0,0,0,0,0,0,0,-0,0,0,0,0,0,0,0,0,0,False,1,100000,team-10-v3-controlled,0,1,0,0,
2020-08-20T00:00:00Z,0,0,0,0,0,0,-0,0,0,0,0,0,0,0,-0,0,0,0,0,0,0,0,0,0,False,1,100000,team-10-v3-controlled,0,1,0,0,
2020-08-20T08:00:00Z,0,0,0,0,0,0,-0,0,0,0,0,0,0,0,-0,0,0,0,0,0,0,0,0,0,False,1,100000,team-10-v3-controlled,0,1,0,0,
2020-08-20T16:00:00Z,0,0,0,0,0,0,-0,0,0,0,0,0,0,0,-0,0,0,0,0,0,0,0,0,0,False,1,100000,team-10-v3-controlled,0,1,0,0,
2020-08-21T00:00:00Z,0,0,0,0,0,0,-0,0,0,0,0,0,0,0,-0,0,0,0,0,0,0,0,0,0,False,1,100000,team-10-v3-controlled,0,1,0,0,
2020-08-21T08:00:00Z,0,0,0,0,0,0,-0,0,0,0,0,0,0,0,-0,0,0,0,0,0,0,0,0,0,False,1,100000,team-10-v3-controlled,0,1,0,0,
2020-08-21T16:00:00Z,0,0,0,0,0,0,-0,0,0,0,0,0,0,0,-0,0,0,0,0,0,0,0,0,0,False,1,100000,team-10-v3-controlled,0,1,0,0,
2020-08-22T00:00:00Z,0,0,0,0,0,0,-0,0,0,0,0,0,0,0,-0,0,0,0,0,0,0,0,0,0,False,1,100000,team-10-v3-controlled,0,1,0,0,
2020-08-22T08:00:00Z,0,0,0,0,0,0,-0,0,0,0,0,0,0,0,-0,0,0,0,0,0,0,0,0,0,False,1,100000,team-10-v3-controlled,0,1,0,0,
2020-08-22T16:00:00Z,0,0,0,0,0,0,-0,0,0,0,0,0,0,0,-0,0,0,0,0,0,0,0,0,0,False,1,100000,team-10-v3-controlled,0,1,0,0,
2020-08-23T00:00:00Z,0,0,0,0,0,0,-0,0,0,0,0,0,0,0,-0,0,0,0,0,0,0,0,0,0,False,1,100000,team-10-v3-controlled,0,1,0,0,
2020-08-23T08:00:00Z,0,0,0,0,0,0,-0,0,0,0,0,0,0,0,-0,0,0,0,0,0,0,0,0,0,False,1,100000,team-10-v3-controlled,0,1,0,0,
2020-08-23T16:00:00Z,0,0,0,0,0,0,-0,0,0,0,0,0,0,0,-0,0,0,0,0,0,0,0,0,0,False,1,100000,team-10-v3-controlled,0,1,0,0,
2020-08-24T00:00:00Z,0,0,0,0,0,0,-0,0,0,0,0,0,0,0,-0,0,0,0,0,0,0,0,0,0,False,1,100000,team-10-v3-controlled,0,1,0,0,
2020-08-24T08:00:00Z,0,0,0,0,0,0,-0,0,0,0,0,0,0,0,-0,0,0,0,0,0,0,0,0,0,False,1,100000,team-10-v3-controlled,0,1,0,0,
2020-08-24T16:00:00Z,0,0,0,0,0,0,-0,0,0,0,0,0,0,0,-0,0,0,0,0,0,0,0,0,0,False,1,100000,team-10-v3-controlled,0,1,0,0,
2020-08-25T00:00:00Z,0,0,0,0,0,0,-0,0,0,0,0,0,0,0,-0,0,0,0,0,0,0,0,0,0,False,1,100000,team-10-v3-controlled,0,1,0,0,
2020-08-25T08:00:00Z,0,0,0,0,0,0,-0,0,0,0,0,0,0,0,-0,0,0,0,0,0,0,0,0,0,False,1,100000,team-10-v3-controlled,0,1,0,0,
2020-08-25T16:00:00Z,0,0,0,0,0,0,-0,0,0,0,0,0,0,0,-0,0,0,0,0,0,0,0,0,0,False,1,100000,team-10-v3-controlled,0,1,0,0,
2020-08-26T00:00:00Z,0,0,0,0,0,0,-0,0,0,0,0,0,0,0,-0,0,0,0,0,0,0,0,0,0,False,1,100000,team-10-v3-controlled,0,1,0,0,
2020-08-26T08:00:00Z,0,0,0,0,0,0,-0,0,0,0,0,0,0,0,-0,0,0,0,0,0,0,0,0,0,False,1,100000,team-10-v3-controlled,0,1,0,0,
2020-08-26T16:00:00Z,0,0,0,0,0,0,-0,0,0,0,0,0,0,0,-0,0,0,0,0,0,0,0,0,0,False,1,100000,team-10-v3-controlled,0,1,0,0,
2020-08-27T00:00:00Z,0,0,0,0,0,0,-0,0,0,0,0,0,0,0,-0,0,0,0,0,0,0,0,0,0,False,1,100000,team-10-v3-controlled,0,1,0,0,
2020-08-27T08:00:00Z,0,0,0,0,0,0,-0,0,0,0,0,0,0,0,-0,0,0,0,0,0,0,0,0,0,False,1,100000,team-10-v3-controlled,0,1,0,0,
2020-08-27T16:00:00Z,0,0,0,0,0,0,-0,0,0,0,0,0,0,0,-0,0,0,0,0,0,0,0,0,0,False,1,100000,team-10-v3-controlled,0,1,0,0,
2020-08-28T00:00:00Z,0,0,0,0,0,0,-0,0,0,0,0,0,0,0,-0,0,0,0,0,0,0,0,0,0,False,1,100000,team-10-v3-controlled,0,1,0,0,
2020-08-28T08:00:00Z,0,0,0,0,0,0,-0,0,0,0,0,0,0,0,-0,0,0,0,0,0,0,0,0,0,False,1,100000,team-10-v3-controlled,0,1,0,0,
2020-08-28T16:00:00Z,0,0,0,0,0,0,-0,0,0,0,0,0,0,0,-0,0,0,0,0,0,0,0,0,0,False,1,100000,team-10-v3-controlled,0,1,0,0,
2020-08-29T00:00:00Z,0,0,0,0,0,0,-0,0,0,0,0,0,0,0,-0,0,0,0,0,0,0,0,0,0,False,1,100000,team-10-v3-controlled,0,1,0,0,
2020-08-29T08:00:00Z,0,0,0,0,0,0,-0,0,0,0,0,0,0,0,-0,0,0,0,0,0,0,0,0,0,False,1,100000,team-10-v3-controlled,0,1,0,0,
2020-08-29T16:00:00Z,0,0,0,0,0,0,-0,0,0,0,0,0,0,0,-0,0,0,0,0,0,0,0,0,0,False,1,100000,team-10-v3-controlled,0,1,0,0,
2020-08-30T00:00:00Z,0,0,0,0,0,0,-0,0,0,0,0,0,0,0,-0,0,0,0,0,0,0,0,0,0,False,1,100000,team-10-v3-controlled,0,1,0,0,
2020-08-30T08:00:00Z,0,0,0,0,0,0,-0,0,0,0,0,0,0,0,-0,0,0,0,0,0,0,0,0,0,False,1,100000,team-10-v3-controlled,0,1,0,0,
2020-08-30T16:00:00Z,0,0,0,0,0,0,-0,0,0,0,0,0,0,0,-0,0,0,0,0,0,0,0,0,0,False,1,100000,team-10-v3-controlled,0,1,0,0,
2020-08-31T00:00:00Z,0,0,0,0,0,0,-0,0,0,0,0,0,0,0,-0,0,0,0,0,0,0,0,0,0,False,1,100000,team-10-v3-controlled,0,1,0,0,
2020-08-31T08:00:00Z,0,0,0,0,0,0,-0,0,0,0,0,0,0,0,-0,0,0,0,0,0,0,0,0,0,False,1,100000,team-10-v3-controlled,0,1,0,0,
2020-08-31T16:00:00Z,0,0,0,0,0,0,-0,0,0,0,0,0,0,0,-0,0,0,0,0,0,0,0,0,0,False,1,100000,team-10-v3-controlled,0,1,0,0,
2020-09-01T00:00:00Z,0,0,0,0,0,0,-0,0,0,0,0,0,0,0,-0,0,0,0,0,0,0,0,0,0,False,1,100000,team-10-v3-controlled,0,1,0,0,
2020-09-01T08:00:00Z,0,0,0,0,0,0,-0,0,0,0,0,0,0,0,-0,0,0,0,0,0,0,0,0,0,False,1,100000,team-10-v3-controlled,0,1,0,0,
2020-09-01T16:00:00Z,0,0,0,0,0,0,-0,0,0,0,0,0,0,0,-0,0,0,0,0,0,0,0,0,0,False,1,100000,team-10-v3-controlled,0,1,0,0,
2020-09-02T00:00:00Z,0,0,0,0,0,0,-0,0,0,0,0,0,0,0,-0,0,0,0,0,0,0,0,0,0,False,1,100000,team-10-v3-controlled,0,1,0,0,
2020-09-02T08:00:00Z,0,0,0,0,0,0,-0,0,0,0,0,0,0,0,-0,0,0,0,0,0,0,0,0,0,False,1,100000,team-10-v3-controlled,0,1,0,0,
2020-09-02T16:00:00Z,0,0,0,0,0,0,-0,0,0,0,0,0,0,0,-0,0,0,0,0,0,0,0,0,0,False,1,100000,team-10-v3-controlled,0,1,0,0,
2020-09-03T00:00:00Z,0,0,0,0,0,0,-0,0,0,0,0,0,0,0,-0,0,0,0,0,0,0,0,0,0,False,1,100000,team-10-v3-controlled,0,1,0,0,
2020-09-03T08:00:00Z,0,0,0,0,0,0,-0,0,0,0,0,0,0,0,-0,0,0,0,0,0,0,0,0,0,False,1,100000,team-10-v3-controlled,0,1,0,0,
2020-09-03T16:00:00Z,0,0,0,0,0,0,-0,0,0,0,0,0,0,0,-0,0,0,0,0,0,0,0,0,0,False,1,100000,team-10-v3-controlled,0,1,0,0,
2020-09-04T00:00:00Z,0,0,0,0,0,0,-0,0,0,0,0,0,0,0,-0,0,0,0,0,0,0,0,0,0,False,1,100000,team-10-v3-controlled,0,1,0,0,
2020-09-04T08:00:00Z,0,0,0,0,0,0,-0,0,0,0,0,0,0,0,-0,0,0,0,0,0,0,0,0,0,False,1,100000,team-10-v3-controlled,0,1,0,0,
2020-09-04T16:00:00Z,0,0,0,0,0,0,-0,0,0,0,0,0,0,0,-0,0,0,0,0,0,0,0,0,0,False,1,100000,team-10-v3-controlled,0,1,0,0,
2020-09-05T00:00:00Z,0,0,0,0,0,0,-0,0,0,0,0,0,0,0,-0,0,0,0,0,0,0,0,0,0,False,1,100000,team-10-v3-controlled,0,1,0,0,
2020-09-05T08:00:00Z,0,0,0,0,0,0,-0,0,0,0,0,0,0,0,-0,0,0,0,0,0,0,0,0,0,False,1,100000,team-10-v3-controlled,0,1,0,0,
2020-09-05T16:00:00Z,0,0,0,0,0,0,-0,0,0,0,0,0,0,0,-0,0,0,0,0,0,0,0,0,0,False,1,100000,team-10-v3-controlled,0,1,0,0,
2020-09-06T00:00:00Z,0,0,0,0,0,0,-0,0,0,0,0,0,0,0,-0,0,0,0,0,0,0,0,0,0,False,1,100000,team-10-v3-controlled,0,1,0,0,
2020-09-06T08:00:00Z,0,0,0,0,0,0,-0,0,0,0,0,0,0,0,-0,0,0,0,0,0,0,0,0,0,False,1,100000,team-10-v3-controlled,0,1,0,0,
2020-09-06T16:00:00Z,0,0,0,0,0,0,-0,0,0,0,0,0,0,0,-0,0,0,0,0,0,0,0,0,0,False,1,100000,team-10-v3-controlled,0,1,0,0,
2020-09-07T00:00:00Z,0,0,0,0,0,0,-0,0,0,0,0,0,0,0,-0,0,0,0,0,0,0,0,0,0,False,1,100000,team-10-v3-controlled,0,1,0,0,
2020-09-07T08:00:00Z,0,0,0,0,0,0,-0,0,0,0,0,0,0,0,-0,0,0,0,0,0,0,0,0,0,False,1,100000,team-10-v3-controlled,0,1,0,0,
2020-09-07T16:00:00Z,0,0,0,0,0,0,-0,0,0,0,0,0,0,0,-0,0,0,0,0,0,0,0,0,0,False,1,100000,team-10-v3-controlled,0,1,0,0,
2020-09-08T00:00:00Z,0,0,0,0,0,0,-0,0,0,0,0,0,0,0,-0,0,0,0,0,0,0,0,0,0,False,1,100000,team-10-v3-controlled,0,1,0,0,
2020-09-08T08:00:00Z,0,0,0,0,0,0,-0,0,0,0,0,0,0,0,-0,0,0,0,0,0,0,0,0,0,False,1,100000,team-10-v3-controlled,0,1,0,0,
2020-09-08T16:00:00Z,0,0,0,0,0,0,-0,0,0,0,0,0,0,0,-0,0,0,0,0,0,0,0,0,0,False,1,100000,team-10-v3-controlled,0,1,0,0,
2020-09-09T00:00:00Z,0,0,0,0,0,0,-0,0,0,0,0,0,0,0,-0,0,0,0,0,0,0,0,0,0,False,1,100000,team-10-v3-controlled,0,1,0,0,
2020-09-09T08:00:00Z,0,0,0,0,0,0,-0,0,0,0,0,0,0,0,-0,0,0,0,0,0,0,0,0,0,False,1,100000,team-10-v3-controlled,0,1,0,0,
2020-09-09T16:00:00Z,0,0,0,0,0,0,-0,0,0,0,0,0,0,0,-0,0,0,0,0,0,0,0,0,0,False,1,100000,team-10-v3-controlled,0,1,0,0,
2020-09-10T00:00:00Z,0,0,0,0,0,0,-0,0,0,0,0,0,0,0,-0,0,0,0,0,0,0,0,0,0,False,1,100000,team-10-v3-controlled,0,1,0,0,
2020-09-10T08:00:00Z,0,0,0,0,0,0,-0,0,0,0,0,0,0,0,-0,0,0,0,0,0,0,0,0,0,False,1,100000,team-10-v3-controlled,0,1,0,0,
2020-09-10T16:00:00Z,0,0,0,0,0,0,-0,0,0,0,0,0,0,0,-0,0,0,0,0,0,0,0,0,0,False,1,100000,team-10-v3-controlled,0,1,0,0,
2020-09-11T00:00:00Z,0,0,0,0,0,0,-0,0,0,0,0,0,0,0,-0,0,0,0,0,0,0,0,0,0,False,1,100000,team-10-v3-controlled,0,1,0,0,
2020-09-11T08:00:00Z,0,0,0,0,0,0,-0,0,0,0,0,0,0,0,-0,0,0,0,0,0,0,0,0,0,False,1,100000,team-10-v3-controlled,0,1,0,0,
2020-09-11T16:00:00Z,0,0,0,0,0,0,-0,0,0,0,0,0,0,0,-0,0,0,0,0,0,0,0,0,0,False,1,100000,team-10-v3-controlled,0,1,0,0,
2020-09-12T00:00:00Z,0,0,0,0,0,0,-0,0,0,0,0,0,0,0,-0,0,0,0,0,0,0,0,0,0,False,1,100000,team-10-v3-controlled,0,1,0,0,
2020-09-12T08:00:00Z,0,0,0,0,0,0,-0,0,0,0,0,0,0,0,-0,0,0,0,0,0,0,0,0,0,False,1,100000,team-10-v3-controlled,0,1,0,0,
2020-09-12T16:00:00Z,0,0,0,0,0,0,-0,0,0,0,0,0,0,0,-0,0,0,0,0,0,0,0,0,0,False,1,100000,team-10-v3-controlled,0,1,0,0,
2020-09-13T00:00:00Z,0,0,0,0,0,0,-0,0,0,0,0,0,0,0,-0,0,0,0,0,0,0,0,0,0,False,1,100000,team-10-v3-controlled,0,1,0,0,
2020-09-13T08:00:00Z,0,0,0,0,0,0,-0,0,0,0,0,0,0,0,-0,0,0,0,0,0,0,0,0,0,False,1,100000,team-10-v3-controlled,0,1,0,0,
2020-09-13T16:00:00Z,0,0,0,0,0,0,-0,0,0,0,0,0,0,0,-0,0,0,0,0,0,0,0,0,0,False,1,100000,team-10-v3-controlled,0,1,0,0,
2020-09-14T00:00:00Z,0,0,0,0,0,0,-0,0,0,0,0,0,0,0,-0,0,0,0,0,0,0,0,0,0,False,1,100000,team-10-v3-controlled,0,1,0,0,
2020-09-14T08:00:00Z,0,0,0,0,0,0,-0,0,0,0,0,0,0,0,-0,0,0,0,0,0,0,0,0,0,False,1,100000,team-10-v3-controlled,0,1,0,0,
2020-09-14T16:00:00Z,0,0,0,0,0,0,-0,0,0,0,0,0,0,0,-0,0,0,0,0,0,0,0,0,0,False,1,100000,team-10-v3-controlled,0,1,0,0,
2020-09-15T00:00:00Z,0,0,0,0,0,0,-0,0,0,0,0,0,0,0,-0,0,0,0,0,0,0,0,0,0,False,1,100000,team-10-v3-controlled,0,1,0,0,
2020-09-15T08:00:00Z,0,0,0,0,0,0,-0,0,0,0,0,0,0,0,-0,0,0,0,0,0,0,0,0,0,False,1,100000,team-10-v3-controlled,0,1,0,0,
2020-09-15T16:00:00Z,0,0,0,0,0,0,-0,0,0,0,0,0,0,0,-0,0,0,0,0,0,0,0,0,0,False,1,100000,team-10-v3-controlled,0,1,0,0,
2020-09-16T00:00:00Z,0,0,0,0,0,0,-0,0,0,0,0,0,0,0,-0,0,0,0,0,0,0,0,0,0,False,1,100000,team-10-v3-controlled,0,1,0,0,
2020-09-16T08:00:00Z,0,0,0,0,0,0,-0,0,0,0,0,0,0,0,-0,0,0,0,0,0,0,0,0,0,False,1,100000,team-10-v3-controlled,0,1,0,0,
2020-09-16T16:00:00Z,0,0,0,0,0,0,-0,0,0,0,0,0,0,0,-0,0,0,0,0,0,0,0,0,0,False,1,100000,team-10-v3-controlled,0,1,0,0,
2020-09-17T00:00:00Z,0,0,0,0,0,0,-0,0,0,0,0,0,0,0,-0,0,0,0,0,0,0,0,0,0,False,1,100000,team-10-v3-controlled,0,1,0,0,
2020-09-17T08:00:00Z,0,0,0,0,0,0,-0,0,0,0,0,0,0,0,-0,0,0,0,0,0,0,0,0,0,False,1,100000,team-10-v3-controlled,0,1,0,0,
2020-09-17T16:00:00Z,0,0,0,0,0,0,-0,0,0,0,0,0,0,0,-0,0,0,0,0,0,0,0,0,0,False,1,100000,team-10-v3-controlled,0,1,0,0,
2020-09-18T00:00:00Z,0,0,0,0,0,0,-0,0,0,0,0,0,0,0,-0,0,0,0,0,0,0,0,0,0,False,1,100000,team-10-v3-controlled,0,1,0,0,
2020-09-18T08:00:00Z,0,0,0,0,0,0,-0,0,0,0,0,0,0,0,-0,0,0,0,0,0,0,0,0,0,False,1,100000,team-10-v3-controlled,0,1,0,0,
2020-09-18T16:00:00Z,0,0,0,0,0,0,-0,0,0,0,0,0,0,0,-0,0,0,0,0,0,0,0,0,0,False,1,100000,team-10-v3-controlled,0,1,0,0,
2020-09-19T00:00:00Z,0,0,0,0,0,0,-0,0,0,0,0,0,0,0,-0,0,0,0,0,0,0,0,0,0,False,1,100000,team-10-v3-controlled,0,1,0,0,
2020-09-19T08:00:00Z,0,0,0,0,0,0,-0,0,0,0,0,0,0,0,-0,0,0,0,0,0,0,0,0,0,False,1,100000,team-10-v3-controlled,0,1,0,0,
2020-09-19T16:00:00Z,0,0,0,0,0,0,-0,0,0,0,0,0,0,0,-0,0,0,0,0,0,0,0,0,0,False,1,100000,team-10-v3-controlled,0,1,0,0,
2020-09-20T00:00:00Z,0,0,0,0,0,0,-0,0,0,0,0,0,0,0,-0,0,0,0,0,0,0,0,0,0,False,1,100000,team-10-v3-controlled,0,1,0,0,
2020-09-20T08:00:00Z,0,0,0,0,0,0,-0,0,0,0,0,0,0,0,-0,0,0,0,0,0,0,0,0,0,False,1,100000,team-10-v3-controlled,0,1,0,0,
2020-09-20T16:00:00Z,0,0,0,0,0,0,-0,0,0,0,0,0,0,0,-0,0,0,0,0,0,0,0,0,0,False,1,100000,team-10-v3-controlled,0,1,0,0,
2020-09-21T00:00:00Z,0,0,0,0,0,0,-0,0,0,0,0,0,0,0,-0,0,0,0,0,0,0,0,0,0,False,1,100000,team-10-v3-controlled,0,1,0,0,
2020-09-21T08:00:00Z,0,0,0,0,0,0,-0,0,0,0,0,0,0,0,-0,0,0,0,0,0,0,0,0,0,False,1,100000,team-10-v3-controlled,0,1,0,0,
2020-09-21T16:00:00Z,0,0,0,0,0,0,-0,0,0,0,0,0,0,0,-0,0,0,0,0,0,0,0,0,0,False,1,100000,team-10-v3-controlled,0,1,0,0,
2020-09-22T00:00:00Z,0,0,0,0,0,0,-0,0,0,0,0,0,0,0,-0,0,0,0,0,0,0,0,0,0,False,1,100000,team-10-v3-controlled,0,1,0,0,
2020-09-22T08:00:00Z,0,0,0,0,0,0,-0,0,0,0,0,0,0,0,-0,0,0,0,0,0,0,0,0,0,False,1,100000,team-10-v3-controlled,0,1,0,0,
2020-09-22T16:00:00Z,0,0,0,0,0,0,-0,0,0,0,0,0,0,0,-0,0,0,0,0,0,0,0,0,0,False,1,100000,team-10-v3-controlled,0,1,0,0,
2020-09-23T00:00:00Z,0,0,0,0,0,0,-0,0,0,0,0,0,0,0,-0,0,0,0,0,0,0,0,0,0,False,1,100000,team-10-v3-controlled,0,1,0,0,
2020-09-23T08:00:00Z,0,0,0,0,0,0,-0,0,0,0,0,0,0,0,-0,0,0,0,0,0,0,0,0,0,False,1,100000,team-10-v3-controlled,0,1,0,0,
2020-09-23T16:00:00Z,0,0,0,0,0,0,-0,0,0,0,0,0,0,0,-0,0,0,0,0,0,0,0,0,0,False,1,100000,team-10-v3-controlled,0,1,0,0,
2020-09-24T00:00:00Z,0,0,0,0,0,0,-0,0,0,0,0,0,0,0,-0,0,0,0,0,0,0,0,0,0,False,1,100000,team-10-v3-controlled,0,1,0,0,
2020-09-24T08:00:00Z,0,0,0,0,0,0,-0,0,0,0,0,0,0,0,-0,0,0,0,0,0,0,0,0,0,False,1,100000,team-10-v3-controlled,0,1,0,0,
2020-09-24T16:00:00Z,0,0,0,0,0,0,-0,0,0,0,0,0,0,0,-0,0,0,0,0,0,0,0,0,0,False,1,100000,team-10-v3-controlled,0,1,0,0,
2020-09-25T00:00:00Z,0,0,0,0,0,0,-0,0,0,0,0,0,0,0,-0,0,0,0,0,0,0,0,0,0,False,1,100000,team-10-v3-controlled,0,1,0,0,
2020-09-25T08:00:00Z,0,0,0,0,0,0,-0,0,0,0,0,0,0,0,-0,0,0,0,0,0,0,0,0,0,False,1,100000,team-10-v3-controlled,0,1,0,0,
2020-09-25T16:00:00Z,0,0,0,0,0,0,-0,0,0,0,0,0,0,0,-0,0,0,0,0,0,0,0,0,0,False,1,100000,team-10-v3-controlled,0,1,0,0,
2020-09-26T00:00:00Z,0,0,0,0,0,0,-0,0,0,0,0,0,0,0,-0,0,0,0,0,0,0,0,0,0,False,1,100000,team-10-v3-controlled,0,1,0,0,
2020-09-26T08:00:00Z,0,0,0,0,0,0,-0,0,0,0,0,0,0,0,-0,0,0,0,0,0,0,0,0,0,False,1,100000,team-10-v3-controlled,0,1,0,0,
2020-09-26T16:00:00Z,0,0,0,0,0,0,-0,0,0,0,0,0,0,0,-0,0,0,0,0,0,0,0,0,0,False,1,100000,team-10-v3-controlled,0,1,0,0,
2020-09-27T00:00:00Z,0,0,0,0,0,0,-0,0,0,0,0,0,0,0,-0,0,0,0,0,0,0,0,0,0,False,1,100000,team-10-v3-controlled,0,1,0,0,
2020-09-27T08:00:00Z,0,0,0,0,0,0,-0,0,0,0,0,0,0,0,-0,0,0,0,0,0,0,0,0,0,False,1,100000,team-10-v3-controlled,0,1,0,0,
2020-09-27T16:00:00Z,0,0,0,0,0,0,-0,0,0,0,0,0,0,0,-0,0,0,0,0,0,0,0,0,0,False,1,100000,team-10-v3-controlled,0,1,0,0,
2020-09-28T00:00:00Z,0,0,0,0,0,0,-0,0,0,0,0,0,0,0,-0,0,0,0,0,0,0,0,0,0,False,1,100000,team-10-v3-controlled,0,1,0,0,
2020-09-28T08:00:00Z,0,0,0,0,0,0,-0,0,0,0,0,0,0,0,-0,0,0,0,0,0,0,0,0,0,False,1,100000,team-10-v3-controlled,0,1,0,0,
2020-09-28T16:00:00Z,0,0,0,0,0,0,-0,0,0,0,0,0,0,0,-0,0,0,0,0,0,0,0,0,0,False,1,100000,team-10-v3-controlled,0,1,0,0,
2020-09-29T00:00:00Z,0,0,0,0,0,0,-0,0,0,0,0,0,0,0,-0,0,0,0,0,0,0,0,0,0,False,1,100000,team-10-v3-controlled,0,1,0,0,
2020-09-29T08:00:00Z,0,0,0,0,0,0,-0,0,0,0,0,0,0,0,-0,0,0,0,0,0,0,0,0,0,False,1,100000,team-10-v3-controlled,0,1,0,0,
2020-09-29T16:00:00Z,0,0,0,0,0,0,-0,0,0,0,0,0,0,0,-0,0,0,0,0,0,0,0,0,0,False,1,100000,team-10-v3-controlled,0,1,0,0,
2020-09-30T00:00:00Z,0,0,0,0,0,0,-0,0,0,0,0,0,0,0,-0,0,0,0,0,0,0,0,0,0,False,1,100000,team-10-v3-controlled,0,1,0,0,
2020-09-30T08:00:00Z,0,0,0,0,0,0,-0,0,0,0,0,0,0,0,-0,0,0,0,0,0,0,0,0,0,False,1,100000,team-10-v3-controlled,0,1,0,0,
2020-09-30T16:00:00Z,0,0,0,0,0,0,-0,0,0,0,0,0,0,0,-0,0,0,0,0,0,0,0,0,0,False,1,100000,team-10-v3-controlled,0,1,0,0,
2020-10-01T00:00:00Z,0,0,0,0,0,0,-0,0,0,0,0,0,0,0,-0,0,0,0,0,0,0,0,0,0,False,1,100000,team-10-v3-controlled,0,1,0,0,
2020-10-01T08:00:00Z,0,0,0,0,0,0,-0,0,0,0,0,0,0,0,-0,0,0,0,0,0,0,0,0,0,False,1,100000,team-10-v3-controlled,0,1,0,0,
2020-10-01T16:00:00Z,0,0,0,0,0,0,-0,0,0,0,0,0,0,0,-0,0,0,0,0,0,0,0,0,0,False,1,100000,team-10-v3-controlled,0,1,0,0,
2020-10-02T00:00:00Z,0,0,0,0,0,0,-0,0,0,0,0,0,0,0,-0,0,0,0,0,0,0,0,0,0,False,1,100000,team-10-v3-controlled,0,1,0,0,
2020-10-02T08:00:00Z,0,0,0,0,0,0,-0,0,0,0,0,0,0,0,-0,0,0,0,0,0,0,0,0,0,False,1,100000,team-10-v3-controlled,0,1,0,0,
2020-10-02T16:00:00Z,0,0,0,0,0,0,-0,0,0,0,0,0,0,0,-0,0,0,0,0,0,0,0,0,0,False,1,100000,team-10-v3-controlled,0,1,0,0,
2020-10-03T00:00:00Z,0,0,0,0,0,0,-0,0,0,0,0,0,0,0,-0,0,0,0,0,0,0,0,0,0,False,1,100000,team-10-v3-controlled,0,1,0,0,
2020-10-03T08:00:00Z,0,0,0,0,0,0,-0,0,0,0,0,0,0,0,-0,0,0,0,0,0,0,0,0,0,False,1,100000,team-10-v3-controlled,0,1,0,0,
2020-10-03T16:00:00Z,0,0,0,0,0,0,-0,0,0,0,0,0,0,0,-0,0,0,0,0,0,0,0,0,0,False,1,100000,team-10-v3-controlled,0,1,0,0,
2020-10-04T00:00:00Z,0,0,0,0,0,0,-0,0,0,0,0,0,0,0,-0,0,0,0,0,0,0,0,0,0,False,1,100000,team-10-v3-controlled,0,1,0,0,
2020-10-04T08:00:00Z,0,0,0,0,0,0,-0,0,0,0,0,0,0,0,-0,0,0,0,0,0,0,0,0,0,False,1,100000,team-10-v3-controlled,0,1,0,0,
2020-10-04T16:00:00Z,0,0,0,0,0,0,-0,0,0,0,0,0,0,0,-0,0,0,0,0,0,0,0,0,0,False,1,100000,team-10-v3-controlled,0,1,0,0,
2020-10-05T00:00:00Z,0,0,0,0,0,0,-0,0,0,0,0,0,0,0,-0,0,0,0,0,0,0,0,0,0,False,1,100000,team-10-v3-controlled,0,1,0,0,
2020-10-05T08:00:00Z,0,0,0,0,0,0,-0,0,0,0,0,0,0,0,-0,0,0,0,0,0,0,0,0,0,False,1,100000,team-10-v3-controlled,0,1,0,0,
2020-10-05T16:00:00Z,0,0,0,0,0,0,-0,0,0,0,0,0,0,0,-0,0,0,0,0,0,0,0,0,0,False,1,100000,team-10-v3-controlled,0,1,0,0,
2020-10-06T00:00:00Z,0,0,0,0,0,0,-0,0,0,0,0,0,0,0,-0,0,0,0,0,0,0,0,0,0,False,1,100000,team-10-v3-controlled,0,1,0,0,
2020-10-06T08:00:00Z,0,0,0,0,0,0,-0,0,0,0,0,0,0,0,-0,0,0,0,0,0,0,0,0,0,False,1,100000,team-10-v3-controlled,0,1,0,0,
2020-10-06T16:00:00Z,0,0,0,0,0,0,-0,0,0,0,0,0,0,0,-0,0,0,0,0,0,0,0,0,0,False,1,100000,team-10-v3-controlled,0,1,0,0,
2020-10-07T00:00:00Z,0,0,0,0,0,0,-0,0,0,0,0,0,0,0,-0,0,0,0,0,0,0,0,0,0,False,1,100000,team-10-v3-controlled,0,1,0,0,
2020-10-07T08:00:00Z,0,0,0,0,0,0,-0,0,0,0,0,0,0,0,-0,0,0,0,0,0,0,0,0,0,False,1,100000,team-10-v3-controlled,0,1,0,0,
2020-10-07T16:00:00Z,0,0,0,0,0,0,-0,0,0,0,0,0,0,0,-0,0,0,0,0,0,0,0,0,0,False,1,100000,team-10-v3-controlled,0,1,0,0,
2020-10-08T00:00:00Z,0,0,0,0,0,0,-0,0,0,0,0,0,0,0,-0,0,0,0,0,0,0,0,0,0,False,1,100000,team-10-v3-controlled,0,1,0,0,
2020-10-08T08:00:00Z,0,0,0,0,0,0,-0,0,0,0,0,0,0,0,-0,0,0,0,0,0,0,0,0,0,False,1,100000,team-10-v3-controlled,0,1,0,0,
2020-10-08T16:00:00Z,0,0,0,0,0,0,-0,0,0,0,0,0,0,0,-0,0,0,0,0,0,0,0,0,0,False,1,100000,team-10-v3-controlled,0,1,0,0,
2020-10-09T00:00:00Z,0,0,0,0,0,0,-0,0,0,0,0,0,0,0,-0,0,0,0,0,0,0,0,0,0,False,1,100000,team-10-v3-controlled,0,1,0,0,
2020-10-09T08:00:00Z,0,0,0,0,0,0,-0,0,0,0,0,0,0,0,-0,0,0,0,0,0,0,0,0,0,False,1,100000,team-10-v3-controlled,0,1,0,0,
2020-10-09T16:00:00Z,0,0,0,0,0,0,-0,0,0,0,0,0,0,0,-0,0,0,0,0,0,0,0,0,0,False,1,100000,team-10-v3-controlled,0,1,0,0,
2020-10-10T00:00:00Z,0,0,0,0,0,0,-0,0,0,0,0,0,0,0,-0,0,0,0,0,0,0,0,0,0,False,1,100000,team-10-v3-controlled,0,1,0,0,
2020-10-10T08:00:00Z,0,0,0,0,0,0,-0,0,0,0,0,0,0,0,-0,0,0,0,0,0,0,0,0,0,False,1,100000,team-10-v3-controlled,0,1,0,0,
2020-10-10T16:00:00Z,0,0,0,0,0,0,-0,0,0,0,0,0,0,0,-0,0,0,0,0,0,0,0,0,0,False,1,100000,team-10-v3-controlled,0,1,0,0,
2020-10-11T00:00:00Z,0,0,0,0,0,0,-0,0,0,0,0,0,0,0,-0,0,0,0,0,0,0,0,0,0,False,1,100000,team-10-v3-controlled,0,1,0,0,
2020-10-11T08:00:00Z,0,0,0,0,0,0,-0,0,0,0,0,0,0,0,-0,0,0,0,0,0,0,0,0,0,False,1,100000,team-10-v3-controlled,0,1,0,0,
2020-10-11T16:00:00Z,0,0,0,0,0,0,-0,0,0,0,0,0,0,0,-0,0,0,0,0,0,0,0,0,0,False,1,100000,team-10-v3-controlled,0,1,0,0,
2020-10-12T00:00:00Z,0,0,0,0,0,0,-0,0,0,0,0,0,0,0,-0,0,0,0,0,0,0,0,0,0,False,1,100000,team-10-v3-controlled,0,1,0,0,
2020-10-12T08:00:00Z,0,0,0,0,0,0,-0,0,0,0,0,0,0,0,-0,0,0,0,0,0,0,0,0,0,False,1,100000,team-10-v3-controlled,0,1,0,0,
2020-10-12T16:00:00Z,0,0,0,0,0,0,-0,0,0,0,0,0,0,0,-0,0,0,0,0,0,0,0,0,0,False,1,100000,team-10-v3-controlled,0,1,0,0,
2020-10-13T00:00:00Z,0,0,0,0,0,0,-0,0,0,0,0,0,0,0,-0,0,0,0,0,0,0,0,0,0,False,1,100000,team-10-v3-controlled,0,1,0,0,
2020-10-13T08:00:00Z,0,0,0,0,0,0,-0,0,0,0,0,0,0,0,-0,0,0,0,0,0,0,0,0,0,False,1,100000,team-10-v3-controlled,0,1,0,0,
2020-10-13T16:00:00Z,0,0,0,0,0,0,-0,0,0,0,0,0,0,0,-0,0,0,0,0,0,0,0,0,0,False,1,100000,team-10-v3-controlled,0,1,0,0,
2020-10-14T00:00:00Z,0,0,0,0,0,0,-0,0,0,0,0,0,0,0,-0,0,0,0,0,0,0,0,0,0,False,1,100000,team-10-v3-controlled,0,1,0,0,
2020-10-14T08:00:00Z,0,0,0,0,0,0,-0,0,0,0,0,0,0,0,-0,0,0,0,0,0,0,0,0,0,False,1,100000,team-10-v3-controlled,0,1,0,0,
2020-10-14T16:00:00Z,0,0,0,0,0,0,-0,0,0,0,0,0,0,0,-0,0,0,0,0,0,0,0,0,0,False,1,100000,team-10-v3-controlled,0,1,0,0,
2020-10-15T00:00:00Z,0,0,0,0,0,0,-0,0,0,0,0,0,0,0,-0,0,0,0,0,0,0,0,0,0,False,1,100000,team-10-v3-controlled,0,1,0,0,
2020-10-15T08:00:00Z,0,0,0,0,0,0,-0,0,0,0,0,0,0,0,-0,0,0,0,0,0,0,0,0,0,False,1,100000,team-10-v3-controlled,0,1,0,0,
2020-10-15T16:00:00Z,0,0,0,0,0,0,-0,0,0,0,0,0,0,0,-0,0,0,0,0,0,0,0,0,0,False,1,100000,team-10-v3-controlled,0,1,0,0,
2020-10-16T00:00:00Z,0,0,0,0,0,0,-0,0,0,0,0,0,0,0,-0,0,0,0,0,0,0,0,0,0,False,1,100000,team-10-v3-controlled,0,1,0,0,
2020-10-16T08:00:00Z,0,0,0,0,0,0,-0,0,0,0,0,0,0,0,-0,0,0,0,0,0,0,0,0,0,False,1,100000,team-10-v3-controlled,0,1,0,0,
2020-10-16T16:00:00Z,0,0,0,0,0,0,-0,0,0,0,0,0,0,0,-0,0,0,0,0,0,0,0,0,0,False,1,100000,team-10-v3-controlled,0,1,0,0,
2020-10-17T00:00:00Z,0,0,0,0,0,0,-0,0,0,0,0,0,0,0,-0,0,0,0,0,0,0,0,0,0,False,1,100000,team-10-v3-controlled,0,1,0,0,
2020-10-17T08:00:00Z,0,0,0,0,0,0,-0,0,0,0,0,0,0,0,-0,0,0,0,0,0,0,0,0,0,False,1,100000,team-10-v3-controlled,0,1,0,0,
2020-10-17T16:00:00Z,0,0,0,0,0,0,-0,0,0,0,0,0,0,0,-0,0,0,0,0,0,0,0,0,0,False,1,100000,team-10-v3-controlled,0,1,0,0,
2020-10-18T00:00:00Z,0,0,0,0,0,0,-0,0,0,0,0,0,0,0,-0,0,0,0,0,0,0,0,0,0,False,1,100000,team-10-v3-controlled,0,1,0,0,
2020-10-18T08:00:00Z,0,0,0,0,0,0,-0,0,0,0,0,0,0,0,-0,0,0,0,0,0,0,0,0,0,False,1,100000,team-10-v3-controlled,0,1,0,0,
2020-10-18T16:00:00Z,0,0,0,0,0,0,-0,0,0,0,0,0,0,0,-0,0,0,0,0,0,0,0,0,0,False,1,100000,team-10-v3-controlled,0,1,0,0,
2020-10-19T00:00:00Z,0,0,0,0,0,0,-0,0,0,0,0,0,0,0,-0,0,0,0,0,0,0,0,0,0,False,1,100000,team-10-v3-controlled,0,1,0,0,
2020-10-19T08:00:00Z,0,0,0,0,0,0,-0,0,0,0,0,0,0,0,-0,0,0,0,0,0,0,0,0,0,False,1,100000,team-10-v3-controlled,0,1,0,0,
2020-10-19T16:00:00Z,0,0,0,0,0,0,-0,0,0,0,0,0,0,0,-0,0,0,0,0,0,0,0,0,0,False,1,100000,team-10-v3-controlled,0,1,0,0,
2020-10-20T00:00:00Z,0,0,0,0,0,0,-0,0,0,0,0,0,0,0,-0,0,0,0,0,0,0,0,0,0,False,1,100000,team-10-v3-controlled,0,1,0,0,
2020-10-20T08:00:00Z,0,0,0,0,0,0,-0,0,0,0,0,0,0,0,-0,0,0,0,0,0,0,0,0,0,False,1,100000,team-10-v3-controlled,0,1,0,0,
2020-10-20T16:00:00Z,0,0,0,0,0,0,-0,0,0,0,0,0,0,0,-0,0,0,0,0,0,0,0,0,0,False,1,100000,team-10-v3-controlled,0,1,0,0,
2020-10-21T00:00:00Z,0,0,0,0,0,0,-0,0,0,0,0,0,0,0,-0,0,0,0,0,0,0,0,0,0,False,1,100000,team-10-v3-controlled,0,1,0,0,
2020-10-21T08:00:00Z,0,0,0,0,0,0,-0,0,0,0,0,0,0,0,-0,0,0,0,0,0,0,0,0,0,False,1,100000,team-10-v3-controlled,0,1,0,0,
2020-10-21T16:00:00Z,0,0,0,0,0,0,-0,0,0,0,0,0,0,0,-0,0,0,0,0,0,0,0,0,0,False,1,100000,team-10-v3-controlled,0,1,0,0,
2020-10-22T00:00:00Z,0,0,0,0,0,0,-0,0,0,0,0,0,0,0,-0,0,0,0,0,0,0,0,0,0,False,1,100000,team-10-v3-controlled,0,1,0,0,
2020-10-22T08:00:00Z,0,0,0,0,0,0,-0,0,0,0,0,0,0,0,-0,0,0,0,0,0,0,0,0,0,False,1,100000,team-10-v3-controlled,0,1,0,0,
2020-10-22T16:00:00Z,0,0,0,0,0,0,-0,0,0,0,0,0,0,0,-0,0,0,0,0,0,0,0,0,0,False,1,100000,team-10-v3-controlled,0,1,0,0,
2020-10-23T00:00:00Z,0,0,0,0,0,0,-0,0,0,0,0,0,0,0,-0,0,0,0,0,0,0,0,0,0,False,1,100000,team-10-v3-controlled,0,1,0,0,
2020-10-23T08:00:00Z,0,0,0,0,0,0,-0,0,0,0,0,0,0,0,-0,0,0,0,0,0,0,0,0,0,False,1,100000,team-10-v3-controlled,0,1,0,0,
2020-10-23T16:00:00Z,0,0,0,0,0,0,-0,0,0,0,0,0,0,0,-0,0,0,0,0,0,0,0,0,0,False,1,100000,team-10-v3-controlled,0,1,0,0,
2020-10-24T00:00:00Z,0,0,0,0,0,0,-0,0,0,0,0,0,0,0,-0,0,0,0,0,0,0,0,0,0,False,1,100000,team-10-v3-controlled,0,1,0,0,
2020-10-24T08:00:00Z,0,0,0,0,0,0,-0,0,0,0,0,0,0,0,-0,0,0,0,0,0,0,0,0,0,False,1,100000,team-10-v3-controlled,0,1,0,0,
2020-10-24T16:00:00Z,0,0,0,0,0,0,-0,0,0,0,0,0,0,0,-0,0,0,0,0,0,0,0,0,0,False,1,100000,team-10-v3-controlled,0,1,0,0,
2020-10-25T00:00:00Z,0,0,0,0,0,0,-0,0,0,0,0,0,0,0,-0,0,0,0,0,0,0,0,0,0,False,1,100000,team-10-v3-controlled,0,1,0,0,
2020-10-25T08:00:00Z,0,0,0,0,0,0,-0,0,0,0,0,0,0,0,-0,0,0,0,0,0,0,0,0,0,False,1,100000,team-10-v3-controlled,0,1,0,0,
2020-10-25T16:00:00Z,0,0,0,0,0,0,-0,0,0,0,0,0,0,0,-0,0,0,0,0,0,0,0,0,0,False,1,100000,team-10-v3-controlled,0,1,0,0,
2020-10-26T00:00:00Z,0,0,0,0,0,0,-0,0,0,0,0,0,0,0,-0,0,0,0,0,0,0,0,0,0,False,1,100000,team-10-v3-controlled,0,1,0,0,
2020-10-26T08:00:00Z,0,0,0,0,0,0,-0,0,0,0,0,0,0,0,-0,0,0,0,0,0,0,0,0,0,False,1,100000,team-10-v3-controlled,0,1,0,0,
2020-10-26T16:00:00Z,0,0,0,0,0,0,-0,0,0,0,0,0,0,0,-0,0,0,0,0,0,0,0,0,0,False,1,100000,team-10-v3-controlled,0,1,0,0,
2020-10-27T00:00:00Z,0,0,0,0,0,0,-0,0,0,0,0,0,0,0,-0,0,0,0,0,0,0,0,0,0,False,1,100000,team-10-v3-controlled,0,1,0,0,
2020-10-27T08:00:00Z,0,0,0,0,0,0,-0,0,0,0,0,0,0,0,-0,0,0,0,0,0,0,0,0,0,False,1,100000,team-10-v3-controlled,0,1,0,0,
2020-10-27T16:00:00Z,0,0,0,0,0,0,-0,0,0,0,0,0,0,0,-0,0,0,0,0,0,0,0,0,0,False,1,100000,team-10-v3-controlled,0,1,0,0,
2020-10-28T00:00:00Z,0,0,0,0,0,0,-0,0,0,0,0,0,0,0,-0,0,0,0,0,0,0,0,0,0,False,1,100000,team-10-v3-controlled,0,1,0,0,
2020-10-28T08:00:00Z,0,0,0,0,0,0,-0,0,0,0,0,0,0,0,-0,0,0,0,0,0,0,0,0,0,False,1,100000,team-10-v3-controlled,0,1,0,0,
2020-10-28T16:00:00Z,0,0,0,0,0,0,-0,0,0,0,0,0,0,0,-0,0,0,0,0,0,0,0,0,0,False,1,100000,team-10-v3-controlled,0,1,0,0,
2020-10-29T00:00:00Z,0,0,0,0,0,0,-0,0,0,0,0,0,0,0,-0,0,0,0,0,0,0,0,0,0,False,1,100000,team-10-v3-controlled,0,1,0,0,
2020-10-29T08:00:00Z,0,0,0,0,0,0,-0,0,0,0,0,0,0,0,-0,0,0,0,0,0,0,0,0,0,False,1,100000,team-10-v3-controlled,0,1,0,0,
2020-10-29T16:00:00Z,0,0,0,0,0,0,-0,0,0,0,0,0,0,0,-0,0,0,0,0,0,0,0,0,0,False,1,100000,team-10-v3-controlled,0,1,0,0,
2020-10-30T00:00:00Z,0,0,0,0,0,0,-0,0,0,0,0,0,0,0,-0,0,0,0,0,0,0,0,0,0,False,1,100000,team-10-v3-controlled,0,1,0,0,
2020-10-30T08:00:00Z,0,0,0,0,0,0,-0,0,0,0,0,0,0,0,-0,0,0,0,0,0,0,0,0,0,False,1,100000,team-10-v3-controlled,0,1,0,0,
2020-10-30T16:00:00Z,0,0,0,0,0,0,-0,0,0,0,0,0,0,0,-0,0,0,0,0,0,0,0,0,0,False,1,100000,team-10-v3-controlled,0,1,0,0,
2020-10-31T00:00:00Z,0,0,0,0,0,0,-0,0,0,0,0,0,0,0,-0,0,0,0,0,0,0,0,0,0,False,1,100000,team-10-v3-controlled,0,1,0,0,
2020-10-31T08:00:00Z,0,0,0,0,0,0,-0,0,0,0,0,0,0,0,-0,0,0,0,0,0,0,0,0,0,False,1,100000,team-10-v3-controlled,0,1,0,0,
2020-10-31T16:00:00Z,0,0,0,0,0,0,-0,0,0,0,0,0,0,0,-0,0,0,0,0,0,0,0,0,0,False,1,100000,team-10-v3-controlled,0,1,0,0,
2020-11-01T00:00:00Z,0,0,0,0,0,0,-0,0,0,0,0,0,0,0,-0,0,0,0,0,0,0,0,0,0,False,1,100000,team-10-v3-controlled,0,1,0,0,
2020-11-01T08:00:00Z,0,0,0,0,0,0,-0,0,0,0,0,0,0,0,-0,0,0,0,0,0,0,0,0,0,False,1,100000,team-10-v3-controlled,0,1,0,0,
2020-11-01T16:00:00Z,0,0,0,0,0,0,-0,0,0,0,0,0,0,0,-0,0,0,0,0,0,0,0,0,0,False,1,100000,team-10-v3-controlled,0,1,0,0,
2020-11-02T00:00:00Z,0,0,0,0,0,0,-0,0,0,0,0,0,0,0,-0,0,0,0,0,0,0,0,0,0,False,1,100000,team-10-v3-controlled,0,1,0,0,
2020-11-02T08:00:00Z,0,0,0,0,0,0,-0,0,0,0,0,0,0,0,-0,0,0,0,0,0,0,0,0,0,False,1,100000,team-10-v3-controlled,0,1,0,0,
2020-11-02T16:00:00Z,0,0,0,0,0,0,-0,0,0,0,0,0,0,0,-0,0,0,0,0,0,0,0,0,0,False,1,100000,team-10-v3-controlled,0,1,0,0,
2020-11-03T00:00:00Z,0,0,0,0,0,0,-0,0,0,0,0,0,0,0,-0,0,0,0,0,0,0,0,0,0,False,1,100000,team-10-v3-controlled,0,1,0,0,
2020-11-03T08:00:00Z,0,0,0,0,0,0,-0,0,0,0,0,0,0,0,-0,0,0,0,0,0,0,0,0,0,False,1,100000,team-10-v3-controlled,0,1,0,0,
2020-11-03T16:00:00Z,0,0,0,0,0,0,-0,0,0,0,0,0,0,0,-0,0,0,0,0,0,0,0,0,0,False,1,100000,team-10-v3-controlled,0,1,0,0,
2020-11-04T00:00:00Z,0,0,0,0,0,0,-0,0,0,0,0,0,0,0,-0,0,0,0,0,0,0,0,0,0,False,1,100000,team-10-v3-controlled,0,1,0,0,
2020-11-04T08:00:00Z,0,0,0,0,0,0,-0,0,0,0,0,0,0,0,-0,0,0,0,0,0,0,0,0,0,False,1,100000,team-10-v3-controlled,0,1,0,0,
2020-11-04T16:00:00Z,0,0,0,0,0,0,-0,0,0,0,0,0,0,0,-0,0,0,0,0,0,0,0,0,0,False,1,100000,team-10-v3-controlled,0,1,0,0,
2020-11-05T00:00:00Z,0,0,0,0,0,0,-0,0,0,0,0,0,0,0,-0,0,0,0,0,0,0,0,0,0,False,1,100000,team-10-v3-controlled,0,1,0,0,
2020-11-05T08:00:00Z,0,0,0,0,0,0,-0,0,0,0,0,0,0,0,-0,0,0,0,0,0,0,0,0,0,False,1,100000,team-10-v3-controlled,0,1,0,0,
2020-11-05T16:00:00Z,0,0,0,0,0,0,-0,0,0,0,0,0,0,0,-0,0,0,0,0,0,0,0,0,0,False,1,100000,team-10-v3-controlled,0,1,0,0,
2020-11-06T00:00:00Z,0,0,0,0,0,0,-0,0,0,0,0,0,0,0,-0,0,0,0,0,0,0,0,0,0,False,1,100000,team-10-v3-controlled,0,1,0,0,
2020-11-06T08:00:00Z,0,0,0,0,0,0,-0,0,0,0,0,0,0,0,-0,0,0,0,0,0,0,0,0,0,False,1,100000,team-10-v3-controlled,0,1,0,0,
2020-11-06T16:00:00Z,0,0,0,0,0,0,-0,0,0,0,0,0,0,0,-0,0,0,0,0,0,0,0,0,0,False,1,100000,team-10-v3-controlled,0,1,0,0,
2020-11-07T00:00:00Z,0,0,0,0,0,0,-0,0,0,0,0,0,0,0,-0,0,0,0,0,0,0,0,0,0,False,1,100000,team-10-v3-controlled,0,1,0,0,
2020-11-07T08:00:00Z,0,0,0,0,0,0,-0,0,0,0,0,0,0,0,-0,0,0,0,0,0,0,0,0,0,False,1,100000,team-10-v3-controlled,0,1,0,0,
2020-11-07T16:00:00Z,0,0,0,0,0,0,-0,0,0,0,0,0,0,0,-0,0,0,0,0,0,0,0,0,0,False,1,100000,team-10-v3-controlled,0,1,0,0,
2020-11-08T00:00:00Z,0,0,0,0,0,0,-0,0,0,0,0,0,0,0,-0,0,0,0,0,0,0,0,0,0,False,1,100000,team-10-v3-controlled,0,1,0,0,
2020-11-08T08:00:00Z,0,0,0,0,0,0,-0,0,0,0,0,0,0,0,-0,0,0,0,0,0,0,0,0,0,False,1,100000,team-10-v3-controlled,0,1,0,0,
2020-11-08T16:00:00Z,0,0,0,0,0,0,-0,0,0,0,0,0,0,0,-0,0,0,0,0,0,0,0,0,0,False,1,100000,team-10-v3-controlled,0,1,0,0,
2020-11-09T00:00:00Z,0,0,0,0,0,0,-0,0,0,0,0,0,0,0,-0,0,0,0,0,0,0,0,0,0,False,1,100000,team-10-v3-controlled,0,1,0,0,
2020-11-09T08:00:00Z,0,0,0,0,0,0,-0,0,0,0,0,0,0,0,-0,0,0,0,0,0,0,0,0,0,False,1,100000,team-10-v3-controlled,0,1,0,0,
2020-11-09T16:00:00Z,0,0,0,0,0,0,-0,0,0,0,0,0,0,0,-0,0,0,0,0,0,0,0,0,0,False,1,100000,team-10-v3-controlled,0,1,0,0,
2020-11-10T00:00:00Z,0,0,0,0,0,0,-0,0,0,0,0,0,0,0,-0,0,0,0,0,0,0,0,0,0,False,1,100000,team-10-v3-controlled,0,1,0,0,
2020-11-10T08:00:00Z,0,0,0,0,0,0,-0,0,0,0,0,0,0,0,-0,0,0,0,0,0,0,0,0,0,False,1,100000,team-10-v3-controlled,0,1,0,0,
2020-11-10T16:00:00Z,0,0,0,0,0,0,-0,0,0,0,0,0,0,0,-0,0,0,0,0,0,0,0,0,0,False,1,100000,team-10-v3-controlled,0,1,0,0,
2020-11-11T00:00:00Z,0,0,0,0,0,0,-0,0,0,0,0,0,0,0,-0,0,0,0,0,0,0,0,0,0,False,1,100000,team-10-v3-controlled,0,1,0,0,
2020-11-11T08:00:00Z,0,0,0,0,0,0,-0,0,0,0,0,0,0,0,-0,0,0,0,0,0,0,0,0,0,False,1,100000,team-10-v3-controlled,0,1,0,0,
2020-11-11T16:00:00Z,0,0,0,0,0,0,-0,0,0,0,0,0,0,0,-0,0,0,0,0,0,0,0,0,0,False,1,100000,team-10-v3-controlled,0,1,0,0,
2020-11-12T00:00:00Z,0,0,0,0,0,0,-0,0,0,0,0,0,0,0,-0,0,0,0,0,0,0,0,0,0,False,1,100000,team-10-v3-controlled,0,1,0,0,
2020-11-12T08:00:00Z,0,0,0,0,0,0,-0,0,0,0,0,0,0,0,-0,0,0,0,0,0,0,0,0,0,False,1,100000,team-10-v3-controlled,0,1,0,0,
2020-11-12T16:00:00Z,0,0,0,0,0,0,-0,0,0,0,0,0,0,0,-0,0,0,0,0,0,0,0,0,0,False,1,100000,team-10-v3-controlled,0,1,0,0,
2020-11-13T00:00:00Z,0,0,0,0,0,0,-0,0,0,0,0,0,0,0,-0,0,0,0,0,0,0,0,0,0,False,1,100000,team-10-v3-controlled,0,1,0,0,
2020-11-13T08:00:00Z,0,0,0,0,0,0,-0,0,0,0,0,0,0,0,-0,0,0,0,0,0,0,0,0,0,False,1,100000,team-10-v3-controlled,0,1,0,0,
2020-11-13T16:00:00Z,0,0,0,0,0,0,-0,0,0,0,0,0,0,0,-0,0,0,0,0,0,0,0,0,0,False,1,100000,team-10-v3-controlled,0,1,0,0,
2020-11-14T00:00:00Z,0,0,0,0,0,0,-0,0,0,0,0,0,0,0,-0,0,0,0,0,0,0,0,0,0,False,1,100000,team-10-v3-controlled,0,1,0,0,
2020-11-14T08:00:00Z,0,0,0,0,0,0,-0,0,0,0,0,0,0,0,-0,0,0,0,0,0,0,0,0,0,False,1,100000,team-10-v3-controlled,0,1,0,0,
2020-11-14T16:00:00Z,0,0,0,0,0,0,-0,0,0,0,0,0,0,0,-0,0,0,0,0,0,0,0,0,0,False,1,100000,team-10-v3-controlled,0,1,0,0,
2020-11-15T00:00:00Z,0,0,0,0,0,0,-0,0,0,0,0,0,0,0,-0,0,0,0,0,0,0,0,0,0,False,1,100000,team-10-v3-controlled,0,1,0,0,
2020-11-15T08:00:00Z,0,0,0,0,0,0,-0,0,0,0,0,0,0,0,-0,0,0,0,0,0,0,0,0,0,False,1,100000,team-10-v3-controlled,0,1,0,0,
2020-11-15T16:00:00Z,0,0,0,0,0,0,-0,0,0,0,0,0,0,0,-0,0,0,0,0,0,0,0,0,0,False,1,100000,team-10-v3-controlled,0,1,0,0,
2020-11-16T00:00:00Z,0,0,0,0,0,0,-0,0,0,0,0,0,0,0,-0,0,0,0,0,0,0,0,0,0,False,1,100000,team-10-v3-controlled,0,1,0,0,
2020-11-16T08:00:00Z,0,0,0,0,0,0,-0,0,0,0,0,0,0,0,-0,0,0,0,0,0,0,0,0,0,False,1,100000,team-10-v3-controlled,0,1,0,0,
2020-11-16T16:00:00Z,0,0,0,0,0,0,-0,0,0,0,0,0,0,0,-0,0,0,0,0,0,0,0,0,0,False,1,100000,team-10-v3-controlled,0,1,0,0,
2020-11-17T00:00:00Z,0,0,0,0,0,0,-0,0,0,0,0,0,0,0,-0,0,0,0,0,0,0,0,0,0,False,1,100000,team-10-v3-controlled,0,1,0,0,
2020-11-17T08:00:00Z,0,0,0,0,0,0,-0,0,0,0,0,0,0,0,-0,0,0,0,0,0,0,0,0,0,False,1,100000,team-10-v3-controlled,0,1,0,0,
2020-11-17T16:00:00Z,0,0,0,0,0,0,-0,0,0,0,0,0,0,0,-0,0,0,0,0,0,0,0,0,0,False,1,100000,team-10-v3-controlled,0,1,0,0,
2020-11-18T00:00:00Z,0,0,0,0,0,0,-0,0,0,0,0,0,0,0,-0,0,0,0,0,0,0,0,0,0,False,1,100000,team-10-v3-controlled,0,1,0,0,
2020-11-18T08:00:00Z,0,0,0,0,0,0,-0,0,0,0,0,0,0,0,-0,0,0,0,0,0,0,0,0,0,False,1,100000,team-10-v3-controlled,0,1,0,0,
2020-11-18T16:00:00Z,0,0,0,0,0,0,-0,0,0,0,0,0,0,0,-0,0,0,0,0,0,0,0,0,0,False,1,100000,team-10-v3-controlled,0,1,0,0,
2020-11-19T00:00:00Z,0,0,0,0,0,0,-0,0,0,0,0,0,0,0,-0,0,0,0,0,0,0,0,0,0,False,1,100000,team-10-v3-controlled,0,1,0,0,
2020-11-19T08:00:00Z,0,0,0,0,0,0,-0,0,0,0,0,0,0,0,-0,0,0,0,0,0,0,0,0,0,False,1,100000,team-10-v3-controlled,0,1,0,0,
2020-11-19T16:00:00Z,0,0,0,0,0,0,-0,0,0,0,0,0,0,0,-0,0,0,0,0,0,0,0,0,0,False,1,100000,team-10-v3-controlled,0,1,0,0,
2020-11-20T00:00:00Z,0,0,0,0,0,0,-0,0,0,0,0,0,0,0,-0,0,0,0,0,0,0,0,0,0,False,1,100000,team-10-v3-controlled,0,1,0,0,
2020-11-20T08:00:00Z,0,0,0,0,0,0,-0,0,0,0,0,0,0,0,-0,0,0,0,0,0,0,0,0,0,False,1,100000,team-10-v3-controlled,0,1,0,0,
2020-11-20T16:00:00Z,0,0,0,0,0,0,-0,0,0,0,0,0,0,0,-0,0,0,0,0,0,0,0,0,0,False,1,100000,team-10-v3-controlled,0,1,0,0,
2020-11-21T00:00:00Z,0,0,0,0,0,0,-0,0,0,0,0,0,0,0,-0,0,0,0,0,0,0,0,0,0,False,1,100000,team-10-v3-controlled,0,1,0,0,
2020-11-21T08:00:00Z,0,0,0,0,0,0,-0,0,0,0,0,0,0,0,-0,0,0,0,0,0,0,0,0,0,False,1,100000,team-10-v3-controlled,0,1,0,0,
2020-11-21T16:00:00Z,0,0,0,0,0,0,-0,0,0,0,0,0,0,0,-0,0,0,0,0,0,0,0,0,0,False,1,100000,team-10-v3-controlled,0,1,0,0,
2020-11-22T00:00:00Z,0,0,0,0,0,0,-0,0,0,0,0,0,0,0,-0,0,0,0,0,0,0,0,0,0,False,1,100000,team-10-v3-controlled,0,1,0,0,
2020-11-22T08:00:00Z,0,0,0,0,0,0,-0,0,0,0,0,0,0,0,-0,0,0,0,0,0,0,0,0,0,False,1,100000,team-10-v3-controlled,0,1,0,0,
2020-11-22T16:00:00Z,0,0,0,0,0,0,-0,0,0,0,0,0,0,0,-0,0,0,0,0,0,0,0,0,0,False,1,100000,team-10-v3-controlled,0,1,0,0,
2020-11-23T00:00:00Z,0,0,0,0,0,0,-0,0,0,0,0,0,0,0,-0,0,0,0,0,0,0,0,0,0,False,1,100000,team-10-v3-controlled,0,1,0,0,
2020-11-23T08:00:00Z,0,0,0,0,0,0,-0,0,0,0,0,0,0,0,-0,0,0,0,0,0,0,0,0,0,False,1,100000,team-10-v3-controlled,0,1,0,0,
2020-11-23T16:00:00Z,0,0,0,0,0,0,-0,0,0,0,0,0,0,0,-0,0,0,0,0,0,0,0,0,0,False,1,100000,team-10-v3-controlled,0,1,0,0,
2020-11-24T00:00:00Z,0,0,0,0,0,0,-0,0,0,0,0,0,0,0,-0,0,0,0,0,0,0,0,0,0,False,1,100000,team-10-v3-controlled,0,1,0,0,
2020-11-24T08:00:00Z,0,0,0,0,0,0,-0,0,0,0,0,0,0,0,-0,0,0,0,0,0,0,0,0,0,False,1,100000,team-10-v3-controlled,0,1,0,0,
2020-11-24T16:00:00Z,0,0,0,0,0,0,-0,0,0,0,0,0,0,0,-0,0,0,0,0,0,0,0,0,0,False,1,100000,team-10-v3-controlled,0,1,0,0,
2020-11-25T00:00:00Z,0,0,0,0,0,0,-0,0,0,0,0,0,0,0,-0,0,0,0,0,0,0,0,0,0,False,1,100000,team-10-v3-controlled,0,1,0,0,
2020-11-25T08:00:00Z,0,0,0,0,0,0,-0,0,0,0,0,0,0,0,-0,0,0,0,0,0,0,0,0,0,False,1,100000,team-10-v3-controlled,0,1,0,0,
2020-11-25T16:00:00Z,0,0,0,0,0,0,-0,0,0,0,0,0,0,0,-0,0,0,0,0,0,0,0,0,0,False,1,100000,team-10-v3-controlled,0,1,0,0,
2020-11-26T00:00:00Z,0,0,0,0,0,0,-0,0,0,0,0,0,0,0,-0,0,0,0,0,0,0,0,0,0,False,1,100000,team-10-v3-controlled,0,1,0,0,
2020-11-26T08:00:00Z,0,0,0,0,0,0,-0,0,0,0,0,0,0,0,-0,0,0,0,0,0,0,0,0,0,False,1,100000,team-10-v3-controlled,0,1,0,0,
2020-11-26T16:00:00Z,0,0,0,0,0,0,-0,0,0,0,0,0,0,0,-0,0,0,0,0,0,0,0,0,0,False,1,100000,team-10-v3-controlled,0,1,0,0,
2020-11-27T00:00:00Z,0,0,0,0,0,0,-0,0,0,0,0,0,0,0,-0,0,0,0,0,0,0,0,0,0,False,1,100000,team-10-v3-controlled,0,1,0,0,
2020-11-27T08:00:00Z,0,0,0,0,0,0,-0,0,0,0,0,0,0,0,-0,0,0,0,0,0,0,0,0,0,False,1,100000,team-10-v3-controlled,0,1,0,0,
2020-11-27T16:00:00Z,0,0,0,0,0,0,-0,0,0,0,0,0,0,0,-0,0,0,0,0,0,0,0,0,0,False,1,100000,team-10-v3-controlled,0,1,0,0,
2020-11-28T00:00:00Z,0,0,0,0,0,0,-0,0,0,0,0,0,0,0,-0,0,0,0,0,0,0,0,0,0,False,1,100000,team-10-v3-controlled,0,1,0,0,
2020-11-28T08:00:00Z,0,0,0,0,0,0,-0,0,0,0,0,0,0,0,-0,0,0,0,0,0,0,0,0,0,False,1,100000,team-10-v3-controlled,0,1,0,0,
2020-11-28T16:00:00Z,0,0,0,0,0,0,-0,0,0,0,0,0,0,0,-0,0,0,0,0,0,0,0,0,0,False,1,100000,team-10-v3-controlled,0,1,0,0,
2020-11-29T00:00:00Z,0,0,0,0,0,0,-0,0,0,0,0,0,0,0,-0,0,0,0,0,0,0,0,0,0,False,1,100000,team-10-v3-controlled,0,1,0,0,
2020-11-29T08:00:00Z,0,0,0,0,0,0,-0,0,0,0,0,0,0,0,-0,0,0,0,0,0,0,0,0,0,False,1,100000,team-10-v3-controlled,0,1,0,0,
2020-11-29T16:00:00Z,0,0,0,0,0,0,-0,0,0,0,0,0,0,0,-0,0,0,0,0,0,0,0,0,0,False,1,100000,team-10-v3-controlled,0,1,0,0,
2020-11-30T00:00:00Z,0,0,0,0,0,0,-0,0,0,0,0,0,0,0,-0,0,0,0,0,0,0,0,0,0,False,1,100000,team-10-v3-controlled,0,1,0,0,
2020-11-30T08:00:00Z,0,0,0,0,0,0,-0,0,0,0,0,0,0,0,-0,0,0,0,0,0,0,0,0,0,False,1,100000,team-10-v3-controlled,0,1,0,0,
2020-11-30T16:00:00Z,0,0,0,0,0,0,-0,0,0,0,0,0,0,0,-0,0,0,0,0,0,0,0,0,0,False,1,100000,team-10-v3-controlled,0,1,0,0,
2020-12-01T00:00:00Z,0,0,0,0,0,0,-0,0,0,0,0,0,0,0,-0,0,0,0,0,0,0,0,0,0,False,1,100000,team-10-v3-controlled,0,1,0,0,
2020-12-01T08:00:00Z,0,0,0,0,0,0,-0,0,0,0,0,0,0,0,-0,0,0,0,0,0,0,0,0,0,False,1,100000,team-10-v3-controlled,0,1,0,0,
2020-12-01T16:00:00Z,0,0,0,0,0,0,-0,0,0,0,0,0,0,0,-0,0,0,0,0,0,0,0,0,0,False,1,100000,team-10-v3-controlled,0,1,0,0,
2020-12-02T00:00:00Z,0,0,0,0,0,0,-0,0,0,0,0,0,0,0,-0,0,0,0,0,0,0,0,0,0,False,1,100000,team-10-v3-controlled,0,1,0,0,
2020-12-02T08:00:00Z,0,0,0,0,0,0,-0,0,0,0,0,0,0,0,-0,0,0,0,0,0,0,0,0,0,False,1,100000,team-10-v3-controlled,0,1,0,0,
2020-12-02T16:00:00Z,0,0,0,0,0,0,-0,0,0,0,0,0,0,0,-0,0,0,0,0,0,0,0,0,0,False,1,100000,team-10-v3-controlled,0,1,0,0,
2020-12-03T00:00:00Z,0,0,0,0,0,0,-0,0,0,0,0,0,0,0,-0,0,0,0,0,0,0,0,0,0,False,1,100000,team-10-v3-controlled,0,1,0,0,
2020-12-03T08:00:00Z,0,0,0,0,0,0,-0,0,0,0,0,0,0,0,-0,0,0,0,0,0,0,0,0,0,False,1,100000,team-10-v3-controlled,0,1,0,0,
2020-12-03T16:00:00Z,0,0,0,0,0,0,-0,0,0,0,0,0,0,0,-0,0,0,0,0,0,0,0,0,0,False,1,100000,team-10-v3-controlled,0,1,0,0,
2020-12-04T00:00:00Z,0,0,0,0,0,0,-0,0,0,0,0,0,0,0,-0,0,0,0,0,0,0,0,0,0,False,1,100000,team-10-v3-controlled,0,1,0,0,
2020-12-04T08:00:00Z,0,0,0,0,0,0,-0,0,0,0,0,0,0,0,-0,0,0,0,0,0,0,0,0,0,False,1,100000,team-10-v3-controlled,0,1,0,0,
2020-12-04T16:00:00Z,0,0,0,0,0,0,-0,0,0,0,0,0,0,0,-0,0,0,0,0,0,0,0,0,0,False,1,100000,team-10-v3-controlled,0,1,0,0,
2020-12-05T00:00:00Z,0,0,0,0,0,0,-0,0,0,0,0,0,0,0,-0,0,0,0,0,0,0,0,0,0,False,1,100000,team-10-v3-controlled,0,1,0,0,
2020-12-05T08:00:00Z,0,0,0,0,0,0,-0,0,0,0,0,0,0,0,-0,0,0,0,0,0,0,0,0,0,False,1,100000,team-10-v3-controlled,0,1,0,0,
2020-12-05T16:00:00Z,0,0,0,0,0,0,-0,0,0,0,0,0,0,0,-0,0,0,0,0,0,0,0,0,0,False,1,100000,team-10-v3-controlled,0,1,0,0,
2020-12-06T00:00:00Z,0,0,0,0,0,0,-0,0,0,0,0,0,0,0,-0,0,0,0,0,0,0,0,0,0,False,1,100000,team-10-v3-controlled,0,1,0,0,
2020-12-06T08:00:00Z,0,0,0,0,0,0,-0,0,0,0,0,0,0,0,-0,0,0,0,0,0,0,0,0,0,False,1,100000,team-10-v3-controlled,0,1,0,0,
2020-12-06T16:00:00Z,0,0,0,0,0,0,-0,0,0,0,0,0,0,0,-0,0,0,0,0,0,0,0,0,0,False,1,100000,team-10-v3-controlled,0,1,0,0,
2020-12-07T00:00:00Z,0,0,0,0,0,0,-0,0,0,0,0,0,0,0,-0,0,0,0,0,0,0,0,0,0,False,1,100000,team-10-v3-controlled,0,1,0,0,
2020-12-07T08:00:00Z,0,0,0,0,0,0,-0,0,0,0,0,0,0,0,-0,0,0,0,0,0,0,0,0,0,False,1,100000,team-10-v3-controlled,0,1,0,0,
2020-12-07T16:00:00Z,0,0,0,0,0,0,-0,0,0,0,0,0,0,0,-0,0,0,0,0,0,0,0,0,0,False,1,100000,team-10-v3-controlled,0,1,0,0,
2020-12-08T00:00:00Z,0,0,0,0,0,0,-0,0,0,0,0,0,0,0,-0,0,0,0,0,0,0,0,0,0,False,1,100000,team-10-v3-controlled,0,1,0,0,
2020-12-08T08:00:00Z,0,0,0,0,0,0,-0,0,0,0,0,0,0,0,-0,0,0,0,0,0,0,0,0,0,False,1,100000,team-10-v3-controlled,0,1,0,0,
2020-12-08T16:00:00Z,0,0,0,0,0,0,-0,0,0,0,0,0,0,0,-0,0,0,0,0,0,0,0,0,0,False,1,100000,team-10-v3-controlled,0,1,0,0,
2020-12-09T00:00:00Z,0,0,0,0,0,0,-0,0,0,0,0,0,0,0,-0,0,0,0,0,0,0,0,0,0,False,1,100000,team-10-v3-controlled,0,1,0,0,
2020-12-09T08:00:00Z,0,0,0,0,0,0,-0,0,0,0,0,0,0,0,-0,0,0,0,0,0,0,0,0,0,False,1,100000,team-10-v3-controlled,0,1,0,0,
2020-12-09T16:00:00Z,0,0,0,0,0,0,-0,0,0,0,0,0,0,0,-0,0,0,0,0,0,0,0,0,0,False,1,100000,team-10-v3-controlled,0,1,0,0,
2020-12-10T00:00:00Z,0,0,0,0,0,0,-0,0,0,0,0,0,0,0,-0,0,0,0,0,0,0,0,0,0,False,1,100000,team-10-v3-controlled,0,1,0,0,
2020-12-10T08:00:00Z,0,0,0,0,0,0,-0,0,0,0,0,0,0,0,-0,0,0,0,0,0,0,0,0,0,False,1,100000,team-10-v3-controlled,0,1,0,0,
2020-12-10T16:00:00Z,0,0,0,0,0,0,-0,0,0,0,0,0,0,0,-0,0,0,0,0,0,0,0,0,0,False,1,100000,team-10-v3-controlled,0,1,0,0,
2020-12-11T00:00:00Z,0,0,0,0,0,0,-0,0,0,0,0,0,0,0,-0,0,0,0,0,0,0,0,0,0,False,1,100000,team-10-v3-controlled,0,1,0,0,
2020-12-11T08:00:00Z,0,0,0,0,0,0,-0,0,0,0,0,0,0,0,-0,0,0,0,0,0,0,0,0,0,False,1,100000,team-10-v3-controlled,0,1,0,0,
2020-12-11T16:00:00Z,0,0,0,0,0,0,-0,0,0,0,0,0,0,0,-0,0,0,0,0,0,0,0,0,0,False,1,100000,team-10-v3-controlled,0,1,0,0,
2020-12-12T00:00:00Z,0,0,0,0,0,0,-0,0,0,0,0,0,0,0,-0,0,0,0,0,0,0,0,0,0,False,1,100000,team-10-v3-controlled,0,1,0,0,
2020-12-12T08:00:00Z,0,0,0,0,0,0,-0,0,0,0,0,0,0,0,-0,0,0,0,0,0,0,0,0,0,False,1,100000,team-10-v3-controlled,0,1,0,0,
2020-12-12T16:00:00Z,0,0,0,0,0,0,-0,0,0,0,0,0,0,0,-0,0,0,0,0,0,0,0,0,0,False,1,100000,team-10-v3-controlled,0,1,0,0,
2020-12-13T00:00:00Z,0,0,0,0,0,0,-0,0,0,0,0,0,0,0,-0,0,0,0,0,0,0,0,0,0,False,1,100000,team-10-v3-controlled,0,1,0,0,
2020-12-13T08:00:00Z,0,0,0,0,0,0,-0,0,0,0,0,0,0,0,-0,0,0,0,0,0,0,0,0,0,False,1,100000,team-10-v3-controlled,0,1,0,0,
2020-12-13T16:00:00Z,0,0,0,0,0,0,-0,0,0,0,0,0,0,0,-0,0,0,0,0,0,0,0,0,0,False,1,100000,team-10-v3-controlled,0,1,0,0,
2020-12-14T00:00:00Z,0,0,0,0,0,0,-0,0,0,0,0,0,0,0,-0,0,0,0,0,0,0,0,0,0,False,1,100000,team-10-v3-controlled,0,1,0,0,
2020-12-14T08:00:00Z,0,0,0,0,0,0,-0,0,0,0,0,0,0,0,-0,0,0,0,0,0,0,0,0,0,False,1,100000,team-10-v3-controlled,0,1,0,0,
2020-12-14T16:00:00Z,0,0,0,0,0,0,-0,0,0,0,0,0,0,0,-0,0,0,0,0,0,0,0,0,0,False,1,100000,team-10-v3-controlled,0,1,0,0,
2020-12-15T00:00:00Z,0,0,0,0,0,0,-0,0,0,0,0,0,0,0,-0,0,0,0,0,0,0,0,0,0,False,1,100000,team-10-v3-controlled,0,1,0,0,
2020-12-15T08:00:00Z,0,0,0,0,0,0,-0,0,0,0,0,0,0,0,-0,0,0,0,0,0,0,0,0,0,False,1,100000,team-10-v3-controlled,0,1,0,0,
2020-12-15T16:00:00Z,0,0,0,0,0,0,-0,0,0,0,0,0,0,0,-0,0,0,0,0,0,0,0,0,0,False,1,100000,team-10-v3-controlled,0,1,0,0,
2020-12-16T00:00:00Z,0,0,0,0,0,0,-0,0,0,0,0,0,0,0,-0,0,0,0,0,0,0,0,0,0,False,1,100000,team-10-v3-controlled,0,1,0,0,
2020-12-16T08:00:00Z,0,0,0,0,0,0,-0,0,0,0,0,0,0,0,-0,0,0,0,0,0,0,0,0,0,False,1,100000,team-10-v3-controlled,0,1,0,0,
2020-12-16T16:00:00Z,0,0,0,0,0,0,-0,0,0,0,0,0,0,0,-0,0,0,0,0,0,0,0,0,0,False,1,100000,team-10-v3-controlled,0,1,0,0,
2020-12-17T00:00:00Z,0,0,0,0,0,0,-0,0,0,0,0,0,0,0,-0,0,0,0,0,0,0,0,0,0,False,1,100000,team-10-v3-controlled,0,1,0,0,
2020-12-17T08:00:00Z,0,0,0,0,0,0,-0,0,0,0,0,0,0,0,-0,0,0,0,0,0,0,0,0,0,False,1,100000,team-10-v3-controlled,0,1,0,0,
2020-12-17T16:00:00Z,0,0,0,0,0,0,-0,0,0,0,0,0,0,0,-0,0,0,0,0,0,0,0,0,0,False,1,100000,team-10-v3-controlled,0,1,0,0,
2020-12-18T00:00:00Z,0,0,0,0,0,0,-0,0,0,0,0,0,0,0,-0,0,0,0,0,0,0,0,0,0,False,1,100000,team-10-v3-controlled,0,1,0,0,
2020-12-18T08:00:00Z,0,0,0,0,0,0,-0,0,0,0,0,0,0,0,-0,0,0,0,0,0,0,0,0,0,False,1,100000,team-10-v3-controlled,0,1,0,0,
2020-12-18T16:00:00Z,0,0,0,0,0,0,-0,0,0,0,0,0,0,0,-0,0,0,0,0,0,0,0,0,0,False,1,100000,team-10-v3-controlled,0,1,0,0,
2020-12-19T00:00:00Z,0,0,0,0,0,0,-0,0,0,0,0,0,0,0,-0,0,0,0,0,0,0,0,0,0,False,1,100000,team-10-v3-controlled,0,1,0,0,
2020-12-19T08:00:00Z,0,0,0,0,0,0,-0,0,0,0,0,0,0,0,-0,0,0,0,0,0,0,0,0,0,False,1,100000,team-10-v3-controlled,0,1,0,0,
2020-12-19T16:00:00Z,0,0,0,0,0,0,-0,0,0,0,0,0,0,0,-0,0,0,0,0,0,0,0,0,0,False,1,100000,team-10-v3-controlled,0,1,0,0,
2020-12-20T00:00:00Z,0,0,0,0,0,0,-0,0,0,0,0,0,0,0,-0,0,0,0,0,0,0,0,0,0,False,1,100000,team-10-v3-controlled,0,1,0,0,
2020-12-20T08:00:00Z,0,0,0,0,0,0,-0,0,0,0,0,0,0,0,-0,0,0,0,0,0,0,0,0,0,False,1,100000,team-10-v3-controlled,0,1,0,0,
2020-12-20T16:00:00Z,0,0,0,0,0,0,-0,0,0,0,0,0,0,0,-0,0,0,0,0,0,0,0,0,0,False,1,100000,team-10-v3-controlled,0,1,0,0,
2020-12-21T00:00:00Z,0,0,0,0,0,0,-0,0,0,0,0,0,0,0,-0,0,0,0,0,0,0,0,0,0,False,1,100000,team-10-v3-controlled,0,1,0,0,
2020-12-21T08:00:00Z,0,0,0,0,0,0,-0,0,0,0,0,0,0,0,-0,0,0,0,0,0,0,0,0,0,False,1,100000,team-10-v3-controlled,0,1,0,0,
2020-12-21T16:00:00Z,0,0,0,0,0,0,-0,0,0,0,0,0,0,0,-0,0,0,0,0,0,0,0,0,0,False,1,100000,team-10-v3-controlled,0,1,0,0,
2020-12-22T00:00:00Z,0,0,0,0,0,0,-0,0,0,0,0,0,0,0,-0,0,0,0,0,0,0,0,0,0,False,1,100000,team-10-v3-controlled,0,1,0,0,
2020-12-22T08:00:00Z,0,0,0,0,0,0,-0,0,0,0,0,0,0,0,-0,0,0,0,0,0,0,0,0,0,False,1,100000,team-10-v3-controlled,0,1,0,0,
2020-12-22T16:00:00Z,0,0,0,0,0,0,-0,0,0,0,0,0,0,0,-0,0,0,0,0,0,0,0,0,0,False,1,100000,team-10-v3-controlled,0,1,0,0,
2020-12-23T00:00:00Z,0,0,0,0,0,0,-0,0,0,0,0,0,0,0,-0,0,0,0,0,0,0,0,0,0,False,1,100000,team-10-v3-controlled,0,1,0,0,
2020-12-23T08:00:00Z,0,0,0,0,0,0,-0,0,0,0,0,0,0,0,-0,0,0,0,0,0,0,0,0,0,False,1,100000,team-10-v3-controlled,0,1,0,0,
2020-12-23T16:00:00Z,0,0,0,0,0,0,-0,0,0,0,0,0,0,0,-0,0,0,0,0,0,0,0,0,0,False,1,100000,team-10-v3-controlled,0,1,0,0,
2020-12-24T00:00:00Z,0,0,0,0,0,0,-0,0,0,0,0,0,0,0,-0,0,0,0,0,0,0,0,0,0,False,1,100000,team-10-v3-controlled,0,1,0,0,
2020-12-24T08:00:00Z,0,0,0,0,0,0,-0,0,0,0,0,0,0,0,-0,0,0,0,0,0,0,0,0,0,False,1,100000,team-10-v3-controlled,0,1,0,0,
2020-12-24T16:00:00Z,0,0,0,0,0,0,-0,0,0,0,0,0,0,0,-0,0,0,0,0,0,0,0,0,0,False,1,100000,team-10-v3-controlled,0,1,0,0,
2020-12-25T00:00:00Z,0,0,0,0,0,0,-0,0,0,0,0,0,0,0,-0,0,0,0,0,0,0,0,0,0,False,1,100000,team-10-v3-controlled,0,1,0,0,
2020-12-25T08:00:00Z,0,0,0,0,0,0,-0,0,0,0,0,0,0,0,-0,0,0,0,0,0,0,0,0,0,False,1,100000,team-10-v3-controlled,0,1,0,0,
2020-12-25T16:00:00Z,0,0,0,0,0,0,-0,0,0,0,0,0,0,0,-0,0,0,0,0,0,0,0,0,0,False,1,100000,team-10-v3-controlled,0,1,0,0,
2020-12-26T00:00:00Z,0,0,0,0,0,0,-0,0,0,0,0,0,0,0,-0,0,0,0,0,0,0,0,0,0,False,1,100000,team-10-v3-controlled,0,1,0,0,
2020-12-26T08:00:00Z,0,0,0,0,0,0,-0,0,0,0,0,0,0,0,-0,0,0,0,0,0,0,0,0,0,False,1,100000,team-10-v3-controlled,0,1,0,0,
2020-12-26T16:00:00Z,0,0,0,0,0,0,-0,0,0,0,0,0,0,0,-0,0,0,0,0,0,0,0,0,0,False,1,100000,team-10-v3-controlled,0,1,0,0,
2020-12-27T00:00:00Z,0,0,0,0,0,0,-0,0,0,0,0,0,0,0,-0,0,0,0,0,0,0,0,0,0,False,1,100000,team-10-v3-controlled,0,1,0,0,
2020-12-27T08:00:00Z,0,0,0,0,0,0,-0,0,0,0,0,0,0,0,-0,0,0,0,0,0,0,0,0,0,False,1,100000,team-10-v3-controlled,0,1,0,0,
2020-12-27T16:00:00Z,0,0,0,0,0,0,-0,0,0,0,0,0,0,0,-0,0,0,0,0,0,0,0,0,0,False,1,100000,team-10-v3-controlled,0,1,0,0,
2020-12-28T00:00:00Z,0,0,0,0,0,0,-0,0,0,0,0,0,0,0,-0,0,0,0,0,0,0,0,0,0,False,1,100000,team-10-v3-controlled,0,1,0,0,
2020-12-28T08:00:00Z,0,0,0,0,0,0,-0,0,0,0,0,0,0,0,-0,0,0,0,0,0,0,0,0,0,False,1,100000,team-10-v3-controlled,0,1,0,0,
2020-12-28T16:00:00Z,0,0,0,0,0,0,-0,0,0,0,0,0,0,0,-0,0,0,0,0,0,0,0,0,0,False,1,100000,team-10-v3-controlled,0,1,0,0,
2020-12-29T00:00:00Z,0,0,0,0,0,0,-0,0,0,0,0,0,0,0,-0,0,0,0,0,0,0,0,0,0,False,1,100000,team-10-v3-controlled,0,1,0,0,
2020-12-29T08:00:00Z,0,0,0,0,0,0,-0,0,0,0,0,0,0,0,-0,0,0,0,0,0,0,0,0,0,False,1,100000,team-10-v3-controlled,0,1,0,0,
2020-12-29T16:00:00Z,0,0,0,0,0,0,-0,0,0,0,0,0,0,0,-0,0,0,0,0,0,0,0,0,0,False,1,100000,team-10-v3-controlled,0,1,0,0,
2020-12-30T00:00:00Z,0,0,0,0,0,0,-0,0,0,0,0,0,0,0,-0,0,0,0,0,0,0,0,0,0,False,1,100000,team-10-v3-controlled,0,1,0,0,
2020-12-30T08:00:00Z,0,0,0,0,0,0,-0,0,0,0,0,0,0,0,-0,0,0,0,0,0,0,0,0,0,False,1,100000,team-10-v3-controlled,0,1,0,0,
2020-12-30T16:00:00Z,0,0,0,0,0,0,-0,0,0,0,0,0,0,0,-0,0,0,0,0,0,0,0,0,0,False,1,100000,team-10-v3-controlled,0,1,0,0,
2020-12-31T00:00:00Z,0,0,0,0,0,0,-0,0,0,0,0,0,0,0,-0,0,0,0,0,0,0,0,0,0,False,1,100000,team-10-v3-controlled,0,1,0,0,
2020-12-31T08:00:00Z,0,0,0,0,0,0,-0,0,0,0,0,0,0,0,-0,0,0,0,0,0,0,0,0,0,False,1,100000,team-10-v3-controlled,0,1,0,0,
2020-12-31T16:00:00Z,0,0,0,0,0,0,-0,0,0,0,0,0,0,0,-0,0,0,0,0,0,0,0,0,0,False,1,100000,team-10-v3-controlled,0,1,0,0,
2021-01-01T00:00:00Z,0,0,0,0,0,0,-0,0,0,0,0,0,0,0,-0,0,0,0,0,0,0,0,0,0,False,1,100000,team-10-v3-controlled,0,1,0,0,
2021-01-01T08:00:00Z,0,0,0,0,0,0,-0,0,0,0,0,0,0,0,-0,0,0,0,0,0,0,0,0,0,False,1,100000,team-10-v3-controlled,0,1,0,0,
2021-01-01T16:00:00Z,0,0,0,0,0,0,-0,0,0,0,0,0,0,0,-0,0,0,0,0,0,0,0,0,0,False,1,100000,team-10-v3-controlled,0,1,0,0,
2021-01-02T00:00:00Z,0,0,0,0,0,0,-0,0,0,0,0,0,0,0,-0,0,0,0,0,0,0,0,0,0,False,1,100000,team-10-v3-controlled,0,1,0,0,
2021-01-02T08:00:00Z,0,0,0,0,0,0,-0,0,0,0,0,0,0,0,-0,0,0,0,0,0,0,0,0,0,False,1,100000,team-10-v3-controlled,0,1,0,0,
2021-01-02T16:00:00Z,0,0,0,0,0,0,-0,0,0,0,0,0,0,0,-0,0,0,0,0,0,0,0,0,0,False,1,100000,team-10-v3-controlled,0,1,0,0,
2021-01-03T00:00:00Z,0,0,0,0,0,0,-0,0,0,0,0,0,0,0,-0,0,0,0,0,0,0,0,0,0,False,1,100000,team-10-v3-controlled,0,1,0,0,
2021-01-03T08:00:00Z,0,0,0,0,0,0,-0,0,0,0,0,0,0,0,-0,0,0,0,0,0,0,0,0,0,False,1,100000,team-10-v3-controlled,0,1,0,0,
2021-01-03T16:00:00Z,0,0,0,0,0,0,-0,0,0,0,0,0,0,0,-0,0,0,0,0,0,0,0,0,0,False,1,100000,team-10-v3-controlled,0,1,0,0,
2021-01-04T00:00:00Z,0,0,0,0,0,0,-0,0,0,0,0,0,0,0,-0,0,0,0,0,0,0,0,0,0,False,1,100000,team-10-v3-controlled,0,1,0,0,
2021-01-04T08:00:00Z,0,0,0,0,0,0,-0,0,0,0,0,0,0,0,-0,0,0,0,0,0,0,0,0,0,False,1,100000,team-10-v3-controlled,0,1,0,0,
2021-01-04T16:00:00Z,0,0,0,0,0,0,-0,0,0,0,0,0,0,0,-0,0,0,0,0,0,0,0,0,0,False,1,100000,team-10-v3-controlled,0,1,0,0,
2021-01-05T00:00:00Z,0,0,0,0,0,0,-0,0,0,0,0,0,0,0,-0,0,0,0,0,0,0,0,0,0,False,1,100000,team-10-v3-controlled,0,1,0,0,
2021-01-05T08:00:00Z,0,0,0,0,0,0,-0,0,0,0,0,0,0,0,-0,0,0,0,0,0,0,0,0,0,False,1,100000,team-10-v3-controlled,0,1,0,0,
2021-01-05T16:00:00Z,0,0,0,0,0,0,-0,0,0,0,0,0,0,0,-0,0,0,0,0,0,0,0,0,0,False,1,100000,team-10-v3-controlled,0,1,0,0,
2021-01-06T00:00:00Z,0,0,0,0,0,0,-0,0,0,0,0,0,0,0,-0,0,0,0,0,0,0,0,0,0,False,1,100000,team-10-v3-controlled,0,1,0,0,
2021-01-06T08:00:00Z,0,0,0,0,0,0,-0,0,0,0,0,0,0,0,-0,0,0,0,0,0,0,0,0,0,False,1,100000,team-10-v3-controlled,0,1,0,0,
2021-01-06T16:00:00Z,0,0,0,0,0,0,-0,0,0,0,0,0,0,0,-0,0,0,0,0,0,0,0,0,0,False,1,100000,team-10-v3-controlled,0,1,0,0,
2021-01-07T00:00:00Z,0,0,0,0,0,0,-0,0,0,0,0,0,0,0,-0,0,0,0,0,0,0,0,0,0,False,1,100000,team-10-v3-controlled,0,1,0,0,
2021-01-07T08:00:00Z,0,0,0,0,0,0,-0,0,0,0,0,0,0,0,-0,0,0,0,0,0,0,0,0,0,False,1,100000,team-10-v3-controlled,0,1,0,0,
2021-01-07T16:00:00Z,0,0,0,0,0,0,-0,0,0,0,0,0,0,0,-0,0,0,0,0,0,0,0,0,0,False,1,100000,team-10-v3-controlled,0,1,0,0,
2021-01-08T00:00:00Z,0,0,0,0,0,0,-0,0,0,0,0,0,0,0,-0,0,0,0,0,0,0,0,0,0,False,1,100000,team-10-v3-controlled,0,1,0,0,
2021-01-08T08:00:00Z,0,0,0,0,0,0,-0,0,0,0,0,0,0,0,-0,0,0,0,0,0,0,0,0,0,False,1,100000,team-10-v3-controlled,0,1,0,0,
2021-01-08T16:00:00Z,0,0,0,0,0,0,-0,0,0,0,0,0,0,0,-0,0,0,0,0,0,0,0,0,0,False,1,100000,team-10-v3-controlled,0,1,0,0,
2021-01-09T00:00:00Z,0,0,0,0,0,0,-0,0,0,0,0,0,0,0,-0,0,0,0,0,0,0,0,0,0,False,1,100000,team-10-v3-controlled,0,1,0,0,
2021-01-09T08:00:00Z,0,0,0,0,0,0,-0,0,0,0,0,0,0,0,-0,0,0,0,0,0,0,0,0,0,False,1,100000,team-10-v3-controlled,0,1,0,0,
2021-01-09T16:00:00Z,0,0,0,0,0,0,-0,0,0,0,0,0,0,0,-0,0,0,0,0,0,0,0,0,0,False,1,100000,team-10-v3-controlled,0,1,0,0,
2021-01-10T00:00:00Z,0,0,0,0,0,0,-0,0,0,0,0,0,0,0,-0,0,0,0,0,0,0,0,0,0,False,1,100000,team-10-v3-controlled,0,1,0,0,
2021-01-10T08:00:00Z,0,0,0,0,0,0,-0,0,0,0,0,0,0,0,-0,0,0,0,0,0,0,0,0,0,False,1,100000,team-10-v3-controlled,0,1,0,0,
2021-01-10T16:00:00Z,0,0,0,0,0,0,-0,0,0,0,0,0,0,0,-0,0,0,0,0,0,0,0,0,0,False,1,100000,team-10-v3-controlled,0,1,0,0,
2021-01-11T00:00:00Z,0,0,0,0,0,0,-0,0,0,0,0,0,0,0,-0,0,0,0,0,0,0,0,0,0,False,1,100000,team-10-v3-controlled,0,1,0,0,
2021-01-11T08:00:00Z,0,0,0,0,0,0,-0,0,0,0,0,0,0,0,-0,0,0,0,0,0,0,0,0,0,False,1,100000,team-10-v3-controlled,0,1,0,0,
2021-01-11T16:00:00Z,0,0,0,0,0,0,-0,0,0,0,0,0,0,0,-0,0,0,0,0,0,0,0,0,0,False,1,100000,team-10-v3-controlled,0,1,0,0,
2021-01-12T00:00:00Z,0,0,0,0,0,0,-0,0,0,0,0,0,0,0,-0,0,0,0,0,0,0,0,0,0,False,1,100000,team-10-v3-controlled,0,1,0,0,
2021-01-12T08:00:00Z,0,0,0,0,0,0,-0,0,0,0,0,0,0,0,-0,0,0,0,0,0,0,0,0,0,False,1,100000,team-10-v3-controlled,0,1,0,0,
2021-01-12T16:00:00Z,0,0,0,0,0,0,-0,0,0,0,0,0,0,0,-0,0,0,0,0,0,0,0,0,0,False,1,100000,team-10-v3-controlled,0,1,0,0,
2021-01-13T00:00:00Z,0,0,0,0,0,0,-0,0,0,0,0,0,0,0,-0,0,0,0,0,0,0,0,0,0,False,1,100000,team-10-v3-controlled,0,1,0,0,
2021-01-13T08:00:00Z,0,0,0,0,0,0,-0,0,0,0,0,0,0,0,-0,0,0,0,0,0,0,0,0,0,False,1,100000,team-10-v3-controlled,0,1,0,0,
2021-01-13T16:00:00Z,0,0,0,0,0,0,-0,0,0,0,0,0,0,0,-0,0,0,0,0,0,0,0,0,0,False,1,100000,team-10-v3-controlled,0,1,0,0,
2021-01-14T00:00:00Z,0,0,0,0,0,0,-0,0,0,0,0,0,0,0,-0,0,0,0,0,0,0,0,0,0,False,1,100000,team-10-v3-controlled,0,1,0,0,
2021-01-14T08:00:00Z,0,0,0,0,0,0,-0,0,0,0,0,0,0,0,-0,0,0,0,0,0,0,0,0,0,False,1,100000,team-10-v3-controlled,0,1,0,0,
2021-01-14T16:00:00Z,0,0,0,0,0,0,-0,0,0,0,0,0,0,0,-0,0,0,0,0,0,0,0,0,0,False,1,100000,team-10-v3-controlled,0,1,0,0,
2021-01-15T00:00:00Z,0,0,0,0,0,0,-0,0,0,0,0,0,0,0,-0,0,0,0,0,0,0,0,0,0,False,1,100000,team-10-v3-controlled,0,1,0,0,
2021-01-15T08:00:00Z,0,0,0,0,0,0,-0,0,0,0,0,0,0,0,-0,0,0,0,0,0,0,0,0,0,False,1,100000,team-10-v3-controlled,0,1,0,0,
2021-01-15T16:00:00Z,0,0,0,0,0,0,-0,0,0,0,0,0,0,0,-0,0,0,0,0,0,0,0,0,0,False,1,100000,team-10-v3-controlled,0,1,0,0,
2021-01-16T00:00:00Z,0,0,0,0,0,0,-0,0,0,0,0,0,0,0,-0,0,0,0,0,0,0,0,0,0,False,1,100000,team-10-v3-controlled,0,1,0,0,
2021-01-16T08:00:00Z,0,0,0,0,0,0,-0,0,0,0,0,0,0,0,-0,0,0,0,0,0,0,0,0,0,False,1,100000,team-10-v3-controlled,0,1,0,0,
2021-01-16T16:00:00Z,0,0,0,0,0,0,-0,0,0,0,0,0,0,0,-0,0,0,0,0,0,0,0,0,0,False,1,100000,team-10-v3-controlled,0,1,0,0,
2021-01-17T00:00:00Z,0,0,0,0,0,0,-0,0,0,0,0,0,0,0,-0,0,0,0,0,0,0,0,0,0,False,1,100000,team-10-v3-controlled,0,1,0,0,
2021-01-17T08:00:00Z,0,0,0,0,0,0,-0,0,0,0,0,0,0,0,-0,0,0,0,0,0,0,0,0,0,False,1,100000,team-10-v3-controlled,0,1,0,0,
2021-01-17T16:00:00Z,0,0,0,0,0,0,-0,0,0,0,0,0,0,0,-0,0,0,0,0,0,0,0,0,0,False,1,100000,team-10-v3-controlled,0,1,0,0,
2021-01-18T00:00:00Z,0,0,0,0,0,0,-0,0,0,0,0,0,0,0,-0,0,0,0,0,0,0,0,0,0,False,1,100000,team-10-v3-controlled,0,1,0,0,
2021-01-18T08:00:00Z,0,0,0,0,0,0,-0,0,0,0,0,0,0,0,-0,0,0,0,0,0,0,0,0,0,False,1,100000,team-10-v3-controlled,0,1,0,0,
2021-01-18T16:00:00Z,0,0,0,0,0,0,-0,0,0,0,0,0,0,0,-0,0,0,0,0,0,0,0,0,0,False,1,100000,team-10-v3-controlled,0,1,0,0,
2021-01-19T00:00:00Z,0,0,0,0,0,0,-0,0,0,0,0,0,0,0,-0,0,0,0,0,0,0,0,0,0,False,1,100000,team-10-v3-controlled,0,1,0,0,
2021-01-19T08:00:00Z,0,0,0,0,0,0,-0,0,0,0,0,0,0,0,-0,0,0,0,0,0,0,0,0,0,False,1,100000,team-10-v3-controlled,0,1,0,0,
2021-01-19T16:00:00Z,0,0,0,0,0,0,-0,0,0,0,0,0,0,0,-0,0,0,0,0,0,0,0,0,0,False,1,100000,team-10-v3-controlled,0,1,0,0,
2021-01-20T00:00:00Z,0,0,0,0,0,0,-0,0,0,0,0,0,0,0,-0,0,0,0,0,0,0,0,0,0,False,1,100000,team-10-v3-controlled,0,1,0,0,
2021-01-20T08:00:00Z,0,0,0,0,0,0,-0,0,0,0,0,0,0,0,-0,0,0,0,0,0,0,0,0,0,False,1,100000,team-10-v3-controlled,0,1,0,0,
2021-01-20T16:00:00Z,0,0,0,0,0,0,-0,0,0,0,0,0,0,0,-0,0,0,0,0,0,0,0,0,0,False,1,100000,team-10-v3-controlled,0,1,0,0,
2021-01-21T00:00:00Z,0,0,0,0,0,0,-0,0,0,0,0,0,0,0,-0,0,0,0,0,0,0,0,0,0,False,1,100000,team-10-v3-controlled,0,1,0,0,
2021-01-21T08:00:00Z,0,0,0,0,0,0,-0,0,0,0,0,0,0,0,-0,0,0,0,0,0,0,0,0,0,False,1,100000,team-10-v3-controlled,0,1,0,0,
2021-01-21T16:00:00Z,0,0,0,0,0,0,-0,0,0,0,0,0,0,0,-0,0,0,0,0,0,0,0,0,0,False,1,100000,team-10-v3-controlled,0,1,0,0,
2021-01-22T00:00:00Z,0,0,0,0,0,0,-0,0,0,0,0,0,0,0,-0,0,0,0,0,0,0,0,0,0,False,1,100000,team-10-v3-controlled,0,1,0,0,
2021-01-22T08:00:00Z,0,0,0,0,0,0,-0,0,0,0,0,0,0,0,-0,0,0,0,0,0,0,0,0,0,False,1,100000,team-10-v3-controlled,0,1,0,0,
2021-01-22T16:00:00Z,0,0,0,0,0,0,-0,0,0,0,0,0,0,0,-0,0,0,0,0,0,0,0,0,0,False,1,100000,team-10-v3-controlled,0,1,0,0,
2021-01-23T00:00:00Z,0,0,0,0,0,0,-0,0,0,0,0,0,0,0,-0,0,0,0,0,0,0,0,0,0,False,1,100000,team-10-v3-controlled,0,1,0,0,
2021-01-23T08:00:00Z,0,0,0,0,0,0,-0,0,0,0,0,0,0,0,-0,0,0,0,0,0,0,0,0,0,False,1,100000,team-10-v3-controlled,0,1,0,0,
2021-01-23T16:00:00Z,0,0,0,0,0,0,-0,0,0,0,0,0,0,0,-0,0,0,0,0,0,0,0,0,0,False,1,100000,team-10-v3-controlled,0,1,0,0,
2021-01-24T00:00:00Z,0,0,0,0,0,0,-0,0,0,0,0,0,0,0,-0,0,0,0,0,0,0,0,0,0,False,1,100000,team-10-v3-controlled,0,1,0,0,
2021-01-24T08:00:00Z,0,0,0,0,0,0,-0,0,0,0,0,0,0,0,-0,0,0,0,0,0,0,0,0,0,False,1,100000,team-10-v3-controlled,0,1,0,0,
2021-01-24T16:00:00Z,0,0,0,0,0,0,-0,0,0,0,0,0,0,0,-0,0,0,0,0,0,0,0,0,0,False,1,100000,team-10-v3-controlled,0,1,0,0,
2021-01-25T00:00:00Z,0,0,0,0,0,0,-0,0,0,0,0,0,0,0,-0,0,0,0,0,0,0,0,0,0,False,1,100000,team-10-v3-controlled,0,1,0,0,
2021-01-25T08:00:00Z,0,0,0,0,0,0,-0,0,0,0,0,0,0,0,-0,0,0,0,0,0,0,0,0,0,False,1,100000,team-10-v3-controlled,0,1,0,0,
2021-01-25T16:00:00Z,0,0,0,0,0,0,-0,0,0,0,0,0,0,0,-0,0,0,0,0,0,0,0,0,0,False,1,100000,team-10-v3-controlled,0,1,0,0,
2021-01-26T00:00:00Z,0,0,0,0,0,0,-0,0,0,0,0,0,0,0,-0,0,0,0,0,0,0,0,0,0,False,1,100000,team-10-v3-controlled,0,1,0,0,
2021-01-26T08:00:00Z,0,0,0,0,0,0,-0,0,0,0,0,0,0,0,-0,0,0,0,0,0,0,0,0,0,False,1,100000,team-10-v3-controlled,0,1,0,0,
2021-01-26T16:00:00Z,0,0,0,0,0,0,-0,0,0,0,0,0,0,0,-0,0,0,0,0,0,0,0,0,0,False,1,100000,team-10-v3-controlled,0,1,0,0,
2021-01-27T00:00:00Z,0,0,0,0,0,0,-0,0,0,0,0,0,0,0,-0,0,0,0,0,0,0,0,0,0,False,1,100000,team-10-v3-controlled,0,1,0,0,
2021-01-27T08:00:00Z,0,0,0,0,0,0,-0,0,0,0,0,0,0,0,-0,0,0,0,0,0,0,0,0,0,False,1,100000,team-10-v3-controlled,0,1,0,0,
2021-01-27T16:00:00Z,0,0,0,0,0,0,-0,0,0,0,0,0,0,0,-0,0,0,0,0,0,0,0,0,0,False,1,100000,team-10-v3-controlled,0,1,0,0,
2021-01-28T00:00:00Z,0,0,0,0,0,0,-0,0,0,0,0,0,0,0,-0,0,0,0,0,0,0,0,0,0,False,1,100000,team-10-v3-controlled,0,1,0,0,
2021-01-28T08:00:00Z,0,0,0,0,0,0,-0,0,0,0,0,0,0,0,-0,0,0,0,0,0,0,0,0,0,False,1,100000,team-10-v3-controlled,0,1,0,0,
2021-01-28T16:00:00Z,0,0,0,0,0,0,-0,0,0,0,0,0,0,0,-0,0,0,0,0,0,0,0,0,0,False,1,100000,team-10-v3-controlled,0,1,0,0,
2021-01-29T00:00:00Z,0,0,0,0,0,0,-0,0,0,0,0,0,0,0,-0,0,0,0,0,0,0,0,0,0,False,1,100000,team-10-v3-controlled,0,1,0,0,
2021-01-29T08:00:00Z,0,0,0,0,0,0,-0,0,0,0,0,0,0,0,-0,0,0,0,0,0,0,0,0,0,False,1,100000,team-10-v3-controlled,0,1,0,0,
2021-01-29T16:00:00Z,0,0,0,0,0,0,-0,0,0,0,0,0,0,0,-0,0,0,0,0,0,0,0,0,0,False,1,100000,team-10-v3-controlled,0,1,0,0,
2021-01-30T00:00:00Z,0,0,0,0,0,0,-0,0,0,0,0,0,0,0,-0,0,0,0,0,0,0,0,0,0,False,1,100000,team-10-v3-controlled,0,1,0,0,
2021-01-30T08:00:00Z,0,0,0,0,0,0,-0,0,0,0,0,0,0,0,-0,0,0,0,0,0,0,0,0,0,False,1,100000,team-10-v3-controlled,0,1,0,0,
2021-01-30T16:00:00Z,0,0,0,0,0,0,-0,0,0,0,0,0,0,0,-0,0,0,0,0,0,0,0,0,0,False,1,100000,team-10-v3-controlled,0,1,0,0,
2021-01-31T00:00:00Z,0,0,0,0,0,0,-0,0,0,0,0,0,0,0,-0,0,0,0,0,0,0,0,0,0,False,1,100000,team-10-v3-controlled,0,1,0,0,
2021-01-31T08:00:00Z,0,0,0,0,0,0,-0,0,0,0,0,0,0,0,-0,0,0,0,0,0,0,0,0,0,False,1,100000,team-10-v3-controlled,0,1,0,0,
2021-01-31T16:00:00Z,0,0,0,0,0,0,-0,0,0,0,0,0,0,0,-0,0,0,0,0,0,0,0,0,0,False,1,100000,team-10-v3-controlled,0,1,0,0,
2021-02-01T00:00:00Z,0,0,0,0,0,0,-0,0,0,0,0,0,0,0,-0,0,0,0,0,0,0,0,0,0,False,1,100000,team-10-v3-controlled,0,1,0,0,
2021-02-01T08:00:00Z,0,0,0,0,0,0,-0,0,0,0,0,0,0,0,-0,0,0,0,0,0,0,0,0,0,False,1,100000,team-10-v3-controlled,0,1,0,0,
2021-02-01T16:00:00Z,0,0,0,0,0,0,-0,0,0,0,0,0,0,0,-0,0,0,0,0,0,0,0,0,0,False,1,100000,team-10-v3-controlled,0,1,0,0,
2021-02-02T00:00:00Z,0,0,0,0,0,0,-0,0,0,0,0,0,0,0,-0,0,0,0,0,0,0,0,0,0,False,1,100000,team-10-v3-controlled,0,1,0,0,
2021-02-02T08:00:00Z,0,0,0,0,0,0,-0,0,0,0,0,0,0,0,-0,0,0,0,0,0,0,0,0,0,False,1,100000,team-10-v3-controlled,0,1,0,0,
2021-02-02T16:00:00Z,0,0,0,0,0,0,-0,0,0,0,0,0,0,0,-0,0,0,0,0,0,0,0,0,0,False,1,100000,team-10-v3-controlled,0,1,0,0,
2021-02-03T00:00:00Z,0,0,0,0,0,0,-0,0,0,0,0,0,0,0,-0,0,0,0,0,0,0,0,0,0,False,1,100000,team-10-v3-controlled,0,1,0,0,
2021-02-03T08:00:00Z,0,0,0,0,0,0,-0,0,0,0,0,0,0,0,-0,0,0,0,0,0,0,0,0,0,False,1,100000,team-10-v3-controlled,0,1,0,0,
2021-02-03T16:00:00Z,0,0,0,0,0,0,-0,0,0,0,0,0,0,0,-0,0,0,0,0,0,0,0,0,0,False,1,100000,team-10-v3-controlled,0,1,0,0,
2021-02-04T00:00:00Z,0,0,0,0,0,0,-0,0,0,0,0,0,0,0,-0,0,0,0,0,0,0,0,0,0,False,1,100000,team-10-v3-controlled,0,1,0,0,
2021-02-04T08:00:00Z,0,0,0,0,0,0,-0,0,0,0,0,0,0,0,-0,0,0,0,0,0,0,0,0,0,False,1,100000,team-10-v3-controlled,0,1,0,0,
2021-02-04T16:00:00Z,0,0,0,0,0,0,-0,0,0,0,0,0,0,0,-0,0,0,0,0,0,0,0,0,0,False,1,100000,team-10-v3-controlled,0,1,0,0,
2021-02-05T00:00:00Z,0,0,0,0,0,0,-0,0,0,0,0,0,0,0,-0,0,0,0,0,0,0,0,0,0,False,1,100000,team-10-v3-controlled,0,1,0,0,
2021-02-05T08:00:00Z,0,0,0,0,0,0,-0,0,0,0,0,0,0,0,-0,0,0,0,0,0,0,0,0,0,False,1,100000,team-10-v3-controlled,0,1,0,0,
2021-02-05T16:00:00Z,0,0,0,0,0,0,-0,0,0,0,0,0,0,0,-0,0,0,0,0,0,0,0,0,0,False,1,100000,team-10-v3-controlled,0,1,0,0,
2021-02-06T00:00:00Z,0,0,0,0,0,0,-0,0,0,0,0,0,0,0,-0,0,0,0,0,0,0,0,0,0,False,1,100000,team-10-v3-controlled,0,1,0,0,
2021-02-06T08:00:00Z,0,0,0,0,0,0,-0,0,0,0,0,0,0,0,-0,0,0,0,0,0,0,0,0,0,False,1,100000,team-10-v3-controlled,0,1,0,0,
2021-02-06T16:00:00Z,0,0,0,0,0,0,-0,0,0,0,0,0,0,0,-0,0,0,0,0,0,0,0,0,0,False,1,100000,team-10-v3-controlled,0,1,0,0,
2021-02-07T00:00:00Z,0,0,0,0,0,0,-0,0,0,0,0,0,0,0,-0,0,0,0,0,0,0,0,0,0,False,1,100000,team-10-v3-controlled,0,1,0,0,
2021-02-07T08:00:00Z,0,0,0,0,0,0,-0,0,0,0,0,0,0,0,-0,0,0,0,0,0,0,0,0,0,False,1,100000,team-10-v3-controlled,0,1,0,0,
2021-02-07T16:00:00Z,0,0,0,0,0,0,-0,0,0,0,0,0,0,0,-0,0,0,0,0,0,0,0,0,0,False,1,100000,team-10-v3-controlled,0,1,0,0,
2021-02-08T00:00:00Z,0,0,0,0,0,0,-0,0,0,0,0,0,0,0,-0,0,0,0,0,0,0,0,0,0,False,1,100000,team-10-v3-controlled,0,1,0,0,
2021-02-08T08:00:00Z,0,0,0,0,0,0,-0,0,0,0,0,0,0,0,-0,0,0,0,0,0,0,0,0,0,False,1,100000,team-10-v3-controlled,0,1,0,0,
2021-02-08T16:00:00Z,0,0,0,0,0,0,-0,0,0,0,0,0,0,0,-0,0,0,0,0,0,0,0,0,0,False,1,100000,team-10-v3-controlled,0,1,0,0,
2021-02-09T00:00:00Z,0,0,0,0,0,0,-0,0,0,0,0,0,0,0,-0,0,0,0,0,0,0,0,0,0,False,1,100000,team-10-v3-controlled,0,1,0,0,
2021-02-09T08:00:00Z,0,0,0,0,0,0,-0,0,0,0,0,0,0,0,-0,0,0,0,0,0,0,0,0,0,False,1,100000,team-10-v3-controlled,0,1,0,0,
2021-02-09T16:00:00Z,0,0,0,0,0,0,-0,0,0,0,0,0,0,0,-0,0,0,0,0,0,0,0,0,0,False,1,100000,team-10-v3-controlled,0,1,0,0,
2021-02-10T00:00:00Z,0,0,0,0,0,0,-0,0,0,0,0,0,0,0,-0,0,0,0,0,0,0,0,0,0,False,1,100000,team-10-v3-controlled,0,1,0,0,
2021-02-10T08:00:00Z,0,0,0,0,0,0,-0,0,0,0,0,0,0,0,-0,0,0,0,0,0,0,0,0,0,False,1,100000,team-10-v3-controlled,0,1,0,0,
2021-02-10T16:00:00Z,0,0,0,0,0,0,-0,0,0,0,0,0,0,0,-0,0,0,0,0,0,0,0,0,0,False,1,100000,team-10-v3-controlled,0,1,0,0,
2021-02-11T00:00:00Z,0,0,0,0,0,0,-0,0,0,0,0,0,0,0,-0,0,0,0,0,0,0,0,0,0,False,1,100000,team-10-v3-controlled,0,1,0,0,
2021-02-11T08:00:00Z,0,0,0,0,0,0,-0,0,0,0,0,0,0,0,-0,0,0,0,0,0,0,0,0,0,False,1,100000,team-10-v3-controlled,0,1,0,0,
2021-02-11T16:00:00Z,0,0,0,0,0,0,-0,0,0,0,0,0,0,0,-0,0,0,0,0,0,0,0,0,0,False,1,100000,team-10-v3-controlled,0,1,0,0,
2021-02-12T00:00:00Z,0,0,0,0,0,0,-0,0,0,0,0,0,0,0,-0,0,0,0,0,0,0,0,0,0,False,1,100000,team-10-v3-controlled,0,1,0,0,
2021-02-12T08:00:00Z,0,0,0,0,0,0,-0,0,0,0,0,0,0,0,-0,0,0,0,0,0,0,0,0,0,False,1,100000,team-10-v3-controlled,0,1,0,0,
2021-02-12T16:00:00Z,0,0,0,0,0,0,-0,0,0,0,0,0,0,0,-0,0,0,0,0,0,0,0,0,0,False,1,100000,team-10-v3-controlled,0,1,0,0,
2021-02-13T00:00:00Z,0,0,0,0,0,0,-0,0,0,0,0,0,0,0,-0,0,0,0,0,0,0,0,0,0,False,1,100000,team-10-v3-controlled,0,1,0,0,
2021-02-13T08:00:00Z,0,0,0,0,0,0,-0,0,0,0,0,0,0,0,-0,0,0,0,0,0,0,0,0,0,False,1,100000,team-10-v3-controlled,0,1,0,0,
2021-02-13T16:00:00Z,0,0,0,0,0,0,-0,0,0,0,0,0,0,0,-0,0,0,0,0,0,0,0,0,0,False,1,100000,team-10-v3-controlled,0,1,0,0,
2021-02-14T00:00:00Z,0,0,0,0,0,0,-0,0,0,0,0,0,0,0,-0,0,0,0,0,0,0,0,0,0,False,1,100000,team-10-v3-controlled,0,1,0,0,
2021-02-14T08:00:00Z,0,0,0,0,0,0,-0,0,0,0,0,0,0,0,-0,0,0,0,0,0,0,0,0,0,False,1,100000,team-10-v3-controlled,0,1,0,0,
2021-02-14T16:00:00Z,0,0,0,0,0,0,-0,0,0,0,0,0,0,0,-0,0,0,0,0,0,0,0,0,0,False,1,100000,team-10-v3-controlled,0,1,0,0,
2021-02-15T00:00:00Z,0,0,0,0,0,0,-0,0,0,0,0,0,0,0,-0,0,0,0,0,0,0,0,0,0,False,1,100000,team-10-v3-controlled,0,1,0,0,
2021-02-15T08:00:00Z,0,0,0,0,0,0,-0,0,0,0,0,0,0,0,-0,0,0,0,0,0,0,0,0,0,False,1,100000,team-10-v3-controlled,0,1,0,0,
2021-02-15T16:00:00Z,0,0,0,0,0,0,-0,0,0,0,0,0,0,0,-0,0,0,0,0,0,0,0,0,0,False,1,100000,team-10-v3-controlled,0,1,0,0,
2021-02-16T00:00:00Z,0,0,0,0,0,0,-0,0,0,0,0,0,0,0,-0,0,0,0,0,0,0,0,0,0,False,1,100000,team-10-v3-controlled,0,1,0,0,
2021-02-16T08:00:00Z,0,0,0,0,0,0,-0,0,0,0,0,0,0,0,-0,0,0,0,0,0,0,0,0,0,False,1,100000,team-10-v3-controlled,0,1,0,0,
2021-02-16T16:00:00Z,0,0,0,0,0,0,-0,0,0,0,0,0,0,0,-0,0,0,0,0,0,0,0,0,0,False,1,100000,team-10-v3-controlled,0,1,0,0,
2021-02-17T00:00:00Z,0,0,0,0,0,0,-0,0,0,0,0,0,0,0,-0,0,0,0,0,0,0,0,0,0,False,1,100000,team-10-v3-controlled,0,1,0,0,
2021-02-17T08:00:00Z,0,0,0,0,0,0,-0,0,0,0,0,0,0,0,-0,0,0,0,0,0,0,0,0,0,False,1,100000,team-10-v3-controlled,0,1,0,0,
2021-02-17T16:00:00Z,0,0,0,0,0,0,-0,0,0,0,0,0,0,0,-0,0,0,0,0,0,0,0,0,0,False,1,100000,team-10-v3-controlled,0,1,0,0,
2021-02-18T00:00:00Z,0,0,0,0,0,0,-0,0,0,0,0,0,0,0,-0,0,0,0,0,0,0,0,0,0,False,1,100000,team-10-v3-controlled,0,1,0,0,
2021-02-18T08:00:00Z,0,0,0,0,0,0,-0,0,0,0,0,0,0,0,-0,0,0,0,0,0,0,0,0,0,False,1,100000,team-10-v3-controlled,0,1,0,0,
2021-02-18T16:00:00Z,0,0,0,0,0,0,-0,0,0,0,0,0,0,0,-0,0,0,0,0,0,0,0,0,0,False,1,100000,team-10-v3-controlled,0,1,0,0,
2021-02-19T00:00:00Z,0,0,0,0,0,0,-0,0,0,0,0,0,0,0,-0,0,0,0,0,0,0,0,0,0,False,1,100000,team-10-v3-controlled,0,1,0,0,
2021-02-19T08:00:00Z,0,0,0,0,0,0,-0,0,0,0,0,0,0,0,-0,0,0,0,0,0,0,0,0,0,False,1,100000,team-10-v3-controlled,0,1,0,0,
2021-02-19T16:00:00Z,0,0,0,0,0,0,-0,0,0,0,0,0,0,0,-0,0,0,0,0,0,0,0,0,0,False,1,100000,team-10-v3-controlled,0,1,0,0,
2021-02-20T00:00:00Z,0,0,0,0,0,0,-0,0,0,0,0,0,0,0,-0,0,0,0,0,0,0,0,0,0,False,1,100000,team-10-v3-controlled,0,1,0,0,
2021-02-20T08:00:00Z,0,0,0,0,0,0,-0,0,0,0,0,0,0,0,-0,0,0,0,0,0,0,0,0,0,False,1,100000,team-10-v3-controlled,0,1,0,0,
2021-02-20T16:00:00Z,0,0,0,0,0,0,-0,0,0,0,0,0,0,0,-0,0,0,0,0,0,0,0,0,0,False,1,100000,team-10-v3-controlled,0,1,0,0,
2021-02-21T00:00:00Z,0,0,0,0,0,0,-0,0,0,0,0,0,0,0,-0,0,0,0,0,0,0,0,0,0,False,1,100000,team-10-v3-controlled,0,1,0,0,
2021-02-21T08:00:00Z,0,0,0,0,0,0,-0,0,0,0,0,0,0,0,-0,0,0,0,0,0,0,0,0,0,False,1,100000,team-10-v3-controlled,0,1,0,0,
2021-02-21T16:00:00Z,0,0,0,0,0,0,-0,0,0,0,0,0,0,0,-0,0,0,0,0,0,0,0,0,0,False,1,100000,team-10-v3-controlled,0,1,0,0,
2021-02-22T00:00:00Z,0,0,0,0,0,0,-0,0,0,0,0,0,0,0,-0,0,0,0,0,0,0,0,0,0,False,1,100000,team-10-v3-controlled,0,1,0,0,
2021-02-22T08:00:00Z,0,0,0,0,0,0,-0,0,0,0,0,0,0,0,-0,0,0,0,0,0,0,0,0,0,False,1,100000,team-10-v3-controlled,0,1,0,0,
2021-02-22T16:00:00Z,0,0,0,0,0,0,-0,0,0,0,0,0,0,0,-0,0,0,0,0,0,0,0,0,0,False,1,100000,team-10-v3-controlled,0,1,0,0,
2021-02-23T00:00:00Z,0,0,0,0,0,0,-0,0,0,0,0,0,0,0,-0,0,0,0,0,0,0,0,0,0,False,1,100000,team-10-v3-controlled,0,1,0,0,
2021-02-23T08:00:00Z,0,0,0,0,0,0,-0,0,0,0,0,0,0,0,-0,0,0,0,0,0,0,0,0,0,False,1,100000,team-10-v3-controlled,0,1,0,0,
2021-02-23T16:00:00Z,0,0,0,0,0,0,-0,0,0,0,0,0,0,0,-0,0,0,0,0,0,0,0,0,0,False,1,100000,team-10-v3-controlled,0,1,0,0,
2021-02-24T00:00:00Z,0,0,0,0,0,0,-0,0,0,0,0,0,0,0,-0,0,0,0,0,0,0,0,0,0,False,1,100000,team-10-v3-controlled,0,1,0,0,
2021-02-24T08:00:00Z,0,0,0,0,0,0,-0,0,0,0,0,0,0,0,-0,0,0,0,0,0,0,0,0,0,False,1,100000,team-10-v3-controlled,0,1,0,0,
2021-02-24T16:00:00Z,0,0,0,0,0,0,-0,0,0,0,0,0,0,0,-0,0,0,0,0,0,0,0,0,0,False,1,100000,team-10-v3-controlled,0,1,0,0,
2021-02-25T00:00:00Z,0,0,0,0,0,0,-0,0,0,0,0,0,0,0,-0,0,0,0,0,0,0,0,0,0,False,1,100000,team-10-v3-controlled,0,1,0,0,
2021-02-25T08:00:00Z,0,0,0,0,0,0,-0,0,0,0,0,0,0,0,-0,0,0,0,0,0,0,0,0,0,False,1,100000,team-10-v3-controlled,0,1,0,0,
2021-02-25T16:00:00Z,0,0,0,0,0,0,-0,0,0,0,0,0,0,0,-0,0,0,0,0,0,0,0,0,0,False,1,100000,team-10-v3-controlled,0,1,0,0,
2021-02-26T00:00:00Z,0,0,0,0,0,0,-0,0,0,0,0,0,0,0,-0,0,0,0,0,0,0,0,0,0,False,1,100000,team-10-v3-controlled,0,1,0,0,
2021-02-26T08:00:00Z,0,0,0,0,0,0,-0,0,0,0,0,0,0,0,-0,0,0,0,0,0,0,0,0,0,False,1,100000,team-10-v3-controlled,0,1,0,0,
2021-02-26T16:00:00Z,0,0,0,0,0,0,-0,0,0,0,0,0,0,0,-0,0,0,0,0,0,0,0,0,0,False,1,100000,team-10-v3-controlled,0,1,0,0,
2021-02-27T00:00:00Z,0,0,0,0,0,0,-0,0,0,0,0,0,0,0,-0,0,0,0,0,0,0,0,0,0,False,1,100000,team-10-v3-controlled,0,1,0,0,
2021-02-27T08:00:00Z,0,0,0,0,0,0,-0,0,0,0,0,0,0,0,-0,0,0,0,0,0,0,0,0,0,False,1,100000,team-10-v3-controlled,0,1,0,0,
2021-02-27T16:00:00Z,0,0,0,0,0,0,-0,0,0,0,0,0,0,0,-0,0,0,0,0,0,0,0,0,0,False,1,100000,team-10-v3-controlled,0,1,0,0,
2021-02-28T00:00:00Z,0,0,0,0,0,0,-0,0,0,0,0,0,0,0,-0,0,0,0,0,0,0,0,0,0,False,1,100000,team-10-v3-controlled,0,1,0,0,
2021-02-28T08:00:00Z,0,0,0,0,0,0,-0,0,0,0,0,0,0,0,-0,0,0,0,0,0,0,0,0,0,False,1,100000,team-10-v3-controlled,0,1,0,0,
2021-02-28T16:00:00Z,0,0,0,0,0,0,-0,0,0,0,0,0,0,0,-0,0,0,0,0,0,0,0,0,0,False,1,100000,team-10-v3-controlled,0,1,0,0,
2021-03-01T00:00:00Z,0,0,0,0,0,0,-0,0,0,0,0,0,0,0,-0,0,0,0,0,0,0,0,0,0,False,1,100000,team-10-v3-controlled,0,1,0,0,
2021-03-01T08:00:00Z,0,0,0,0,0,0,-0,0,0,0,0,0,0,0,-0,0,0,0,0,0,0,0,0,0,False,1,100000,team-10-v3-controlled,0,1,0,0,
2021-03-01T16:00:00Z,0,0,0,0,0,0,-0,0,0,0,0,0,0,0,-0,0,0,0,0,0,0,0,0,0,False,1,100000,team-10-v3-controlled,0,1,0,0,
2021-03-02T00:00:00Z,0,0,0,0,0,0,-0,0,0,0,0,0,0,0,-0,0,0,0,0,0,0,0,0,0,False,1,100000,team-10-v3-controlled,0,1,0,0,
2021-03-02T08:00:00Z,0,0,0,0,0,0,-0,0,0,0,0,0,0,0,-0,0,0,0,0,0,0,0,0,0,False,1,100000,team-10-v3-controlled,0,1,0,0,
2021-03-02T16:00:00Z,0,0,0,0,0,0,-0,0,0,0,0,0,0,0,-0,0,0,0,0,0,0,0,0,0,False,1,100000,team-10-v3-controlled,0,1,0,0,
2021-03-03T00:00:00Z,0,0,0,0,0,0,-0,0,0,0,0,0,0,0,-0,0,0,0,0,0,0,0,0,0,False,1,100000,team-10-v3-controlled,0,1,0,0,
2021-03-03T08:00:00Z,0,0,0,0,0,0,-0,0,0,0,0,0,0,0,-0,0,0,0,0,0,0,0,0,0,False,1,100000,team-10-v3-controlled,0,1,0,0,
2021-03-03T16:00:00Z,0,0,0,0,0,0,-0,0,0,0,0,0,0,0,-0,0,0,0,0,0,0,0,0,0,False,1,100000,team-10-v3-controlled,0,1,0,0,
2021-03-04T00:00:00Z,0,0,0,0,0,0,-0,0,0,0,0,0,0,0,-0,0,0,0,0,0,0,0,0,0,False,1,100000,team-10-v3-controlled,0,1,0,0,
2021-03-04T08:00:00Z,0,0,0,0,0,0,-0,0,0,0,0,0,0,0,-0,0,0,0,0,0,0,0,0,0,False,1,100000,team-10-v3-controlled,0,1,0,0,
2021-03-04T16:00:00Z,0,0,0,0,0,0,-0,0,0,0,0,0,0,0,-0,0,0,0,0,0,0,0,0,0,False,1,100000,team-10-v3-controlled,0,1,0,0,
2021-03-05T00:00:00Z,0,0,0,0,0,0,-0,0,0,0,0,0,0,0,-0,0,0,0,0,0,0,0,0,0,False,1,100000,team-10-v3-controlled,0,1,0,0,
2021-03-05T08:00:00Z,0,0,0,0,0,0,-0,0,0,0,0,0,0,0,-0,0,0,0,0,0,0,0,0,0,False,1,100000,team-10-v3-controlled,0,1,0,0,
2021-03-05T16:00:00Z,0,0,0,0,0,0,-0,0,0,0,0,0,0,0,-0,0,0,0,0,0,0,0,0,0,False,1,100000,team-10-v3-controlled,0,1,0,0,
2021-03-06T00:00:00Z,0,0,0,0,0,0,-0,0,0,0,0,0,0,0,-0,0,0,0,0,0,0,0,0,0,False,1,100000,team-10-v3-controlled,0,1,0,0,
2021-03-06T08:00:00Z,0,0,0,0,0,0,-0,0,0,0,0,0,0,0,-0,0,0,0,0,0,0,0,0,0,False,1,100000,team-10-v3-controlled,0,1,0,0,
2021-03-06T16:00:00Z,0,0,0,0,0,0,-0,0,0,0,0,0,0,0,-0,0,0,0,0,0,0,0,0,0,False,1,100000,team-10-v3-controlled,0,1,0,0,
2021-03-07T00:00:00Z,0,0,0,0,0,0,-0,0,0,0,0,0,0,0,-0,0,0,0,0,0,0,0,0,0,False,1,100000,team-10-v3-controlled,0,1,0,0,
2021-03-07T08:00:00Z,0,0,0,0,0,0,-0,0,0,0,0,0,0,0,-0,0,0,0,0,0,0,0,0,0,False,1,100000,team-10-v3-controlled,0,1,0,0,
2021-03-07T16:00:00Z,0,0,0,0,0,0,-0,0,0,0,0,0,0,0,-0,0,0,0,0,0,0,0,0,0,False,1,100000,team-10-v3-controlled,0,1,0,0,
2021-03-08T00:00:00Z,0,0,0,0,0,0,-0,0,0,0,0,0,0,0,-0,0,0,0,0,0,0,0,0,0,False,1,100000,team-10-v3-controlled,0,1,0,0,
2021-03-08T08:00:00Z,0,0,0,0,0,0,-0,0,0,0,0,0,0,0,-0,0,0,0,0,0,0,0,0,0,False,1,100000,team-10-v3-controlled,0,1,0,0,
2021-03-08T16:00:00Z,0,0,0,0,0,0,-0,0,0,0,0,0,0,0,-0,0,0,0,0,0,0,0,0,0,False,1,100000,team-10-v3-controlled,0,1,0,0,
2021-03-09T00:00:00Z,0,0,0,0,0,0,-0,0,0,0,0,0,0,0,-0,0,0,0,0,0,0,0,0,0,False,1,100000,team-10-v3-controlled,0,1,0,0,
2021-03-09T08:00:00Z,0,0,0,0,0,0,-0,0,0,0,0,0,0,0,-0,0,0,0,0,0,0,0,0,0,False,1,100000,team-10-v3-controlled,0,1,0,0,
2021-03-09T16:00:00Z,0,0,0,0,0,0,-0,0,0,0,0,0,0,0,-0,0,0,0,0,0,0,0,0,0,False,1,100000,team-10-v3-controlled,0,1,0,0,
2021-03-10T00:00:00Z,0,0,0,0,0,0,-0,0,0,0,0,0,0,0,-0,0,0,0,0,0,0,0,0,0,False,1,100000,team-10-v3-controlled,0,1,0,0,
2021-03-10T08:00:00Z,0,0,0,0,0,0,-0,0,0,0,0,0,0,0,-0,0,0,0,0,0,0,0,0,0,False,1,100000,team-10-v3-controlled,0,1,0,0,
2021-03-10T16:00:00Z,0,0,0,0,0,0,-0,0,0,0,0,0,0,0,-0,0,0,0,0,0,0,0,0,0,False,1,100000,team-10-v3-controlled,0,1,0,0,
2021-03-11T00:00:00Z,0,0,0,0,0,0,-0,0,0,0,0,0,0,0,-0,0,0,0,0,0,0,0,0,0,False,1,100000,team-10-v3-controlled,0,1,0,0,
2021-03-11T08:00:00Z,0,0,0,0,0,0,-0,0,0,0,0,0,0,0,-0,0,0,0,0,0,0,0,0,0,False,1,100000,team-10-v3-controlled,0,1,0,0,
2021-03-11T16:00:00Z,0,0,0,0,0,0,-0,0,0,0,0,0,0,0,-0,0,0,0,0,0,0,0,0,0,False,1,100000,team-10-v3-controlled,0,1,0,0,
2021-03-12T00:00:00Z,0,0,0,0,0,0,-0,0,0,0,0,0,0,0,-0,0,0,0,0,0,0,0,0,0,False,1,100000,team-10-v3-controlled,0,1,0,0,
2021-03-12T08:00:00Z,0,0,0,0,0,0,-0,0,0,0,0,0,0,0,-0,0,0,0,0,0,0,0,0,0,False,1,100000,team-10-v3-controlled,0,1,0,0,
2021-03-12T16:00:00Z,0,0,0,0,0,0,-0,0,0,0,0,0,0,0,-0,0,0,0,0,0,0,0,0,0,False,1,100000,team-10-v3-controlled,0,1,0,0,
2021-03-13T00:00:00Z,0,0,0,0,0,0,-0,0,0,0,0,0,0,0,-0,0,0,0,0,0,0,0,0,0,False,1,100000,team-10-v3-controlled,0,1,0,0,
2021-03-13T08:00:00Z,0,0,0,0,0,0,-0,0,0,0,0,0,0,0,-0,0,0,0,0,0,0,0,0,0,False,1,100000,team-10-v3-controlled,0,1,0,0,
2021-03-13T16:00:00Z,0,0,0,0,0,0,-0,0,0,0,0,0,0,0,-0,0,0,0,0,0,0,0,0,0,False,1,100000,team-10-v3-controlled,0,1,0,0,
2021-03-14T00:00:00Z,0,0,0,0,0,0,-0,0,0,0,0,0,0,0,-0,0,0,0,0,0,0,0,0,0,False,1,100000,team-10-v3-controlled,0,1,0,0,
2021-03-14T08:00:00Z,0,0,0,0,0,0,-0,0,0,0,0,0,0,0,-0,0,0,0,0,0,0,0,0,0,False,1,100000,team-10-v3-controlled,0,1,0,0,
2021-03-14T16:00:00Z,0,0,0,0,0,0,-0,0,0,0,0,0,0,0,-0,0,0,0,0,0,0,0,0,0,False,1,100000,team-10-v3-controlled,0,1,0,0,
2021-03-15T00:00:00Z,0,0,0,0,0,0,-0,0,0,0,0,0,0,0,-0,0,0,0,0,0,0,0,0,0,False,1,100000,team-10-v3-controlled,0,1,0,0,
2021-03-15T08:00:00Z,0,0,0,0,0,0,-0,0,0,0,0,0,0,0,-0,0,0,0,0,0,0,0,0,0,False,1,100000,team-10-v3-controlled,0,1,0,0,
2021-03-15T16:00:00Z,0,0,0,0,0,0,-0,0,0,0,0,0,0,0,-0,0,0,0,0,0,0,0,0,0,False,1,100000,team-10-v3-controlled,0,1,0,0,
2021-03-16T00:00:00Z,0,0,0,0,0,0,-0,0,0,0,0,0,0,0,-0,0,0,0,0,0,0,0,0,0,False,1,100000,team-10-v3-controlled,0,1,0,0,
2021-03-16T08:00:00Z,0,0,0,0,0,0,-0,0,0,0,0,0,0,0,-0,0,0,0,0,0,0,0,0,0,False,1,100000,team-10-v3-controlled,0,1,0,0,
2021-03-16T16:00:00Z,0,0,0,0,0,0,-0,0,0,0,0,0,0,0,-0,0,0,0,0,0,0,0,0,0,False,1,100000,team-10-v3-controlled,0,1,0,0,
2021-03-17T00:00:00Z,0,0,0,0,0,0,-0,0,0,0,0,0,0,0,-0,0,0,0,0,0,0,0,0,0,False,1,100000,team-10-v3-controlled,0,1,0,0,
2021-03-17T08:00:00Z,0,0,0,0,0,0,-0,0,0,0,0,0,0,0,-0,0,0,0,0,0,0,0,0,0,False,1,100000,team-10-v3-controlled,0,1,0,0,
2021-03-17T16:00:00Z,0,0,0,0,0,0,-0,0,0,0,0,0,0,0,-0,0,0,0,0,0,0,0,0,0,False,1,100000,team-10-v3-controlled,0,1,0,0,
2021-03-18T00:00:00Z,0,0,0,0,0,0,-0,0,0,0,0,0,0,0,-0,0,0,0,0,0,0,0,0,0,False,1,100000,team-10-v3-controlled,0,1,0,0,
2021-03-18T08:00:00Z,0,0,0,0,0,0,-0,0,0,0,0,0,0,0,-0,0,0,0,0,0,0,0,0,0,False,1,100000,team-10-v3-controlled,0,1,0,0,
2021-03-18T16:00:00Z,0,0,0,0,0,0,-0,0,0,0,0,0,0,0,-0,0,0,0,0,0,0,0,0,0,False,1,100000,team-10-v3-controlled,0,1,0,0,
2021-03-19T00:00:00Z,0,0,0,0,0,0,-0,0,0,0,0,0,0,0,-0,0,0,0,0,0,0,0,0,0,False,1,100000,team-10-v3-controlled,0,1,0,0,
2021-03-19T08:00:00Z,0,0,0,0,0,0,-0,0,0,0,0,0,0,0,-0,0,0,0,0,0,0,0,0,0,False,1,100000,team-10-v3-controlled,0,1,0,0,
2021-03-19T16:00:00Z,0,0,0,0,0,0,-0,0,0,0,0,0,0,0,-0,0,0,0,0,0,0,0,0,0,False,1,100000,team-10-v3-controlled,0,1,0,0,
2021-03-20T00:00:00Z,0,0,0,0,0,0,-0,0,0,0,0,0,0,0,-0,0,0,0,0,0,0,0,0,0,False,1,100000,team-10-v3-controlled,0,1,0,0,
2021-03-20T08:00:00Z,0,0,0,0,0,0,-0,0,0,0,0,0,0,0,-0,0,0,0,0,0,0,0,0,0,False,1,100000,team-10-v3-controlled,0,1,0,0,
2021-03-20T16:00:00Z,0,0,0,0,0,0,-0,0,0,0,0,0,0,0,-0,0,0,0,0,0,0,0,0,0,False,1,100000,team-10-v3-controlled,0,1,0,0,
2021-03-21T00:00:00Z,0,0,0,0,0,0,-0,0,0,0,0,0,0,0,-0,0,0,0,0,0,0,0,0,0,False,1,100000,team-10-v3-controlled,0,1,0,0,
2021-03-21T08:00:00Z,0,0,0,0,0,0,-0,0,0,0,0,0,0,0,-0,0,0,0,0,0,0,0,0,0,False,1,100000,team-10-v3-controlled,0,1,0,0,
2021-03-21T16:00:00Z,0,0,0,0,0,0,-0,0,0,0,0,0,0,0,-0,0,0,0,0,0,0,0,0,0,False,1,100000,team-10-v3-controlled,0,1,0,0,
2021-03-22T00:00:00Z,0,0,0,0,0,0,-0,0,0,0,0,0,0,0,-0,0,0,0,0,0,0,0,0,0,False,1,100000,team-10-v3-controlled,0,1,0,0,
2021-03-22T08:00:00Z,0,0,0,0,0,0,-0,0,0,0,0,0,0,0,-0,0,0,0,0,0,0,0,0,0,False,1,100000,team-10-v3-controlled,0,1,0,0,
2021-03-22T16:00:00Z,0,0,0,0,0,0,-0,0,0,0,0,0,0,0,-0,0,0,0,0,0,0,0,0,0,False,1,100000,team-10-v3-controlled,0,1,0,0,
2021-03-23T00:00:00Z,0,0,0,0,0,0,-0,0,0,0,0,0,0,0,-0,0,0,0,0,0,0,0,0,0,False,1,100000,team-10-v3-controlled,0,1,0,0,
2021-03-23T08:00:00Z,0,0,0,0,0,0,-0,0,0,0,0,0,0,0,-0,0,0,0,0,0,0,0,0,0,False,1,100000,team-10-v3-controlled,0,1,0,0,
2021-03-23T16:00:00Z,0,0,0,0,0,0,-0,0,0,0,0,0,0,0,-0,0,0,0,0,0,0,0,0,0,False,1,100000,team-10-v3-controlled,0,1,0,0,
2021-03-24T00:00:00Z,0,0,0,0,0,0,-0,0,0,0,0,0,0,0,-0,0,0,0,0,0,0,0,0,0,False,1,100000,team-10-v3-controlled,0,1,0,0,
2021-03-24T08:00:00Z,0,0,0,0,0,0,-0,0,0,0,0,0,0,0,-0,0,0,0,0,0,0,0,0,0,False,1,100000,team-10-v3-controlled,0,1,0,0,
2021-03-24T16:00:00Z,0,0,0,0,0,0,-0,0,0,0,0,0,0,0,-0,0,0,0,0,0,0,0,0,0,False,1,100000,team-10-v3-controlled,0,1,0,0,
2021-03-25T00:00:00Z,0,0,0,0,0,0,-0,0,0,0,0,0,0,0,-0,0,0,0,0,0,0,0,0,0,False,1,100000,team-10-v3-controlled,0,1,0,0,
2021-03-25T08:00:00Z,0,0,0,0,0,0,-0,0,0,0,0,0,0,0,-0,0,0,0,0,0,0,0,0,0,False,1,100000,team-10-v3-controlled,0,1,0,0,
2021-03-25T16:00:00Z,0,0,0,0,0,0,-0,0,0,0,0,0,0,0,-0,0,0,0,0,0,0,0,0,0,False,1,100000,team-10-v3-controlled,0,1,0,0,
2021-03-26T00:00:00Z,0,0,0,0,0,0,-0,0,0,0,0,0,0,0,-0,0,0,0,0,0,0,0,0,0,False,1,100000,team-10-v3-controlled,0,1,0,0,
2021-03-26T08:00:00Z,0,0,0,0,0,0,-0,0,0,0,0,0,0,0,-0,0,0,0,0,0,0,0,0,0,False,1,100000,team-10-v3-controlled,0,1,0,0,
2021-03-26T16:00:00Z,0,0,0,0,0,0,-0,0,0,0,0,0,0,0,-0,0,0,0,0,0,0,0,0,0,False,1,100000,team-10-v3-controlled,0,1,0,0,
2021-03-27T00:00:00Z,0,0,0,0,0,0,-0,0,0,0,0,0,0,0,-0,0,0,0,0,0,0,0,0,0,False,1,100000,team-10-v3-controlled,0,1,0,0,
2021-03-27T08:00:00Z,0,0,0,0,0,0,-0,0,0,0,0,0,0,0,-0,0,0,0,0,0,0,0,0,0,False,1,100000,team-10-v3-controlled,0,1,0,0,
2021-03-27T16:00:00Z,0,0,0,0,0,0,-0,0,0,0,0,0,0,0,-0,0,0,0,0,0,0,0,0,0,False,1,100000,team-10-v3-controlled,0,1,0,0,
2021-03-28T00:00:00Z,0,0,0,0,0,0,-0,0,0,0,0,0,0,0,-0,0,0,0,0,0,0,0,0,0,False,1,100000,team-10-v3-controlled,0,1,0,0,
2021-03-28T08:00:00Z,0,0,0,0,0,0,-0,0,0,0,0,0,0,0,-0,0,0,0,0,0,0,0,0,0,False,1,100000,team-10-v3-controlled,0,1,0,0,
2021-03-28T16:00:00Z,0,0,0,0,0,0,-0,0,0,0,0,0,0,0,-0,0,0,0,0,0,0,0,0,0,False,1,100000,team-10-v3-controlled,0,1,0,0,
2021-03-29T00:00:00Z,0,0,0,0,0,0,-0,0,0,0,0,0,0,0,-0,0,0,0,0,0,0,0,0,0,False,1,100000,team-10-v3-controlled,0,1,0,0,
2021-03-29T08:00:00Z,0,0,0,0,0,0,-0,0,0,0,0,0,0,0,-0,0,0,0,0,0,0,0,0,0,False,1,100000,team-10-v3-controlled,0,1,0,0,
2021-03-29T16:00:00Z,0,0,0,0,0,0,-0,0,0,0,0,0,0,0,-0,0,0,0,0,0,0,0,0,0,False,1,100000,team-10-v3-controlled,0,1,0,0,
2021-03-30T00:00:00Z,0,0,0,0,0,0,-0,0,0,0,0,0,0,0,-0,0,0,0,0,0,0,0,0,0,False,1,100000,team-10-v3-controlled,0,1,0,0,
2021-03-30T08:00:00Z,0,0,0,0,0,0,-0,0,0,0,0,0,0,0,-0,0,0,0,0,0,0,0,0,0,False,1,100000,team-10-v3-controlled,0,1,0,0,
2021-03-30T16:00:00Z,0,0,0,0,0,0,-0,0,0,0,0,0,0,0,-0,0,0,0,0,0,0,0,0,0,False,1,100000,team-10-v3-controlled,0,1,0,0,
2021-03-31T00:00:00Z,0,0,0,0,0,0,-0,0,0,0,0,0,0,0,-0,0,0,0,0,0,0,0,0,0,False,1,100000,team-10-v3-controlled,0,1,0,0,
2021-03-31T08:00:00Z,0,0,0,0,0,0,-0,0,0,0,0,0,0,0,-0,0,0,0,0,0,0,0,0,0,False,1,100000,team-10-v3-controlled,0,1,0,0,
2021-03-31T16:00:00Z,0,0,0,0,0,0,-0,0,0,0,0,0,0,0,-0,0,0,0,0,0,0,0,0,0,False,1,100000,team-10-v3-controlled,0,1,0,0,
2021-04-01T00:00:00Z,0,0,0,0,0,0,-0,0,0,0,0,0,0,0,-0,0,0,0,0,0,0,0,0,0,False,1,100000,team-10-v3-controlled,0,1,0,0,
2021-04-01T08:00:00Z,0,0,0,0,0,0,-0,0,0,0,0,0,0,0,-0,0,0,0,0,0,0,0,0,0,False,1,100000,team-10-v3-controlled,0,1,0,0,
2021-04-01T16:00:00Z,0,0,0,0,0,0,-0,0,0,0,0,0,0,0,-0,0,0,0,0,0,0,0,0,0,False,1,100000,team-10-v3-controlled,0,1,0,0,
2021-04-02T00:00:00Z,0,0,0,0,0,0,-0,0,0,0,0,0,0,0,-0,0,0,0,0,0,0,0,0,0,False,1,100000,team-10-v3-controlled,0,1,0,0,
2021-04-02T08:00:00Z,0,0,0,0,0,0,-0,0,0,0,0,0,0,0,-0,0,0,0,0,0,0,0,0,0,False,1,100000,team-10-v3-controlled,0,1,0,0,
2021-04-02T16:00:00Z,0,0,0,0,0,0,-0,0,0,0,0,0,0,0,-0,0,0,0,0,0,0,0,0,0,False,1,100000,team-10-v3-controlled,0,1,0,0,
2021-04-03T00:00:00Z,0,0,0,0,0,0,-0,0,0,0,0,0,0,0,-0,0,0,0,0,0,0,0,0,0,False,1,100000,team-10-v3-controlled,0,1,0,0,
2021-04-03T08:00:00Z,0,0,0,0,0,0,-0,0,0,0,0,0,0,0,-0,0,0,0,0,0,0,0,0,0,False,1,100000,team-10-v3-controlled,0,1,0,0,
2021-04-03T16:00:00Z,0,0,0,0,0,0,-0,0,0,0,0,0,0,0,-0,0,0,0,0,0,0,0,0,0,False,1,100000,team-10-v3-controlled,0,1,0,0,
2021-04-04T00:00:00Z,0,0,0,0,0,0,-0,0,0,0,0,0,0,0,-0,0,0,0,0,0,0,0,0,0,False,1,100000,team-10-v3-controlled,0,1,0,0,
2021-04-04T08:00:00Z,0,0,0,0,0,0,-0,0,0,0,0,0,0,0,-0,0,0,0,0,0,0,0,0,0,False,1,100000,team-10-v3-controlled,0,1,0,0,
2021-04-04T16:00:00Z,0,0,0,0,0,0,-0,0,0,0,0,0,0,0,-0,0,0,0,0,0,0,0,0,0,False,1,100000,team-10-v3-controlled,0,1,0,0,
2021-04-05T00:00:00Z,0,0,0,0,0,0,-0,0,0,0,0,0,0,0,-0,0,0,0,0,0,0,0,0,0,False,1,100000,team-10-v3-controlled,0,1,0,0,
2021-04-05T08:00:00Z,0,0,0,0,0,0,-0,0,0,0,0,0,0,0,-0,0,0,0,0,0,0,0,0,0,False,1,100000,team-10-v3-controlled,0,1,0,0,
2021-04-05T16:00:00Z,0,0,0,0,0,0,-0,0,0,0,0,0,0,0,-0,0,0,0,0,0,0,0,0,0,False,1,100000,team-10-v3-controlled,0,1,0,0,
2021-04-06T00:00:00Z,0,0,0,0,0,0,-0,0,0,0,0,0,0,0,-0,0,0,0,0,0,0,0,0,0,False,1,100000,team-10-v3-controlled,0,1,0,0,
2021-04-06T08:00:00Z,0,0,0,0,0,0,-0,0,0,0,0,0,0,0,-0,0,0,0,0,0,0,0,0,0,False,1,100000,team-10-v3-controlled,0,1,0,0,
2021-04-06T16:00:00Z,0,0,0,0,0,0,-0,0,0,0,0,0,0,0,-0,0,0,0,0,0,0,0,0,0,False,1,100000,team-10-v3-controlled,0,1,0,0,
2021-04-07T00:00:00Z,0,0,0,0,0,0,-0,0,0,0,0,0,0,0,-0,0,0,0,0,0,0,0,0,0,False,1,100000,team-10-v3-controlled,0,1,0,0,
2021-04-07T08:00:00Z,0,0,0,0,0,0,-0,0,0,0,0,0,0,0,-0,0,0,0,0,0,0,0,0,0,False,1,100000,team-10-v3-controlled,0,1,0,0,
2021-04-07T16:00:00Z,0,0,0,0,0,0,-0,0,0,0,0,0,0,0,-0,0,0,0,0,0,0,0,0,0,False,1,100000,team-10-v3-controlled,0,1,0,0,
2021-04-08T00:00:00Z,0,0,0,0,0,0,-0,0,0,0,0,0,0,0,-0,0,0,0,0,0,0,0,0,0,False,1,100000,team-10-v3-controlled,0,1,0,0,
2021-04-08T08:00:00Z,0,0,0,0,0,0,-0,0,0,0,0,0,0,0,-0,0,0,0,0,0,0,0,0,0,False,1,100000,team-10-v3-controlled,0,1,0,0,
2021-04-08T16:00:00Z,0,0,0,0,0,0,-0,0,0,0,0,0,0,0,-0,0,0,0,0,0,0,0,0,0,False,1,100000,team-10-v3-controlled,0,1,0,0,
2021-04-09T00:00:00Z,0,0,0,0,0,0,-0,0,0,0,0,0,0,0,-0,0,0,0,0,0,0,0,0,0,False,1,100000,team-10-v3-controlled,0,1,0,0,
2021-04-09T08:00:00Z,0,0,0,0,0,0,-0,0,0,0,0,0,0,0,-0,0,0,0,0,0,0,0,0,0,False,1,100000,team-10-v3-controlled,0,1,0,0,
2021-04-09T16:00:00Z,0,0,0,0,0,0,-0,0,0,0,0,0,0,0,-0,0,0,0,0,0,0,0,0,0,False,1,100000,team-10-v3-controlled,0,1,0,0,
2021-04-10T00:00:00Z,0,0,0,0,0,0,-0,0,0,0,0,0,0,0,-0,0,0,0,0,0,0,0,0,0,False,1,100000,team-10-v3-controlled,0,1,0,0,
2021-04-10T08:00:00Z,0,0,0,0,0,0,-0,0,0,0,0,0,0,0,-0,0,0,0,0,0,0,0,0,0,False,1,100000,team-10-v3-controlled,0,1,0,0,
2021-04-10T16:00:00Z,0,0,0,0,0,0,-0,0,0,0,0,0,0,0,-0,0,0,0,0,0,0,0,0,0,False,1,100000,team-10-v3-controlled,0,1,0,0,
2021-04-11T00:00:00Z,0,0,0,0,0,0,-0,0,0,0,0,0,0,0,-0,0,0,0,0,0,0,0,0,0,False,1,100000,team-10-v3-controlled,0,1,0,0,
2021-04-11T08:00:00Z,0,0,0,0,0,0,-0,0,0,0,0,0,0,0,-0,0,0,0,0,0,0,0,0,0,False,1,100000,team-10-v3-controlled,0,1,0,0,
2021-04-11T16:00:00Z,0,0,0,0,0,0,-0,0,0,0,0,0,0,0,-0,0,0,0,0,0,0,0,0,0,False,1,100000,team-10-v3-controlled,0,1,0,0,
2021-04-12T00:00:00Z,0,0,0,0,0,0,-0,0,0,0,0,0,0,0,-0,0,0,0,0,0,0,0,0,0,False,1,100000,team-10-v3-controlled,0,1,0,0,
2021-04-12T08:00:00Z,0,0,0,0,0,0,-0,0,0,0,0,0,0,0,-0,0,0,0,0,0,0,0,0,0,False,1,100000,team-10-v3-controlled,0,1,0,0,
2021-04-12T16:00:00Z,0,0,0,0,0,0,-0,0,0,0,0,0,0,0,-0,0,0,0,0,0,0,0,0,0,False,1,100000,team-10-v3-controlled,0,1,0,0,
2021-04-13T00:00:00Z,0,0,0,0,0,0,-0,0,0,0,0,0,0,0,-0,0,0,0,0,0,0,0,0,0,False,1,100000,team-10-v3-controlled,0,1,0,0,
2021-04-13T08:00:00Z,0,0,0,0,0,0,-0,0,0,0,0,0,0,0,-0,0,0,0,0,0,0,0,0,0,False,1,100000,team-10-v3-controlled,0,1,0,0,
2021-04-13T16:00:00Z,0,0,0,0,0,0,-0,0,0,0,0,0,0,0,-0,0,0,0,0,0,0,0,0,0,False,1,100000,team-10-v3-controlled,0,1,0,0,
2021-04-14T00:00:00Z,0,0,0,0,0,0,-0,0,0,0,0,0,0,0,-0,0,0,0,0,0,0,0,0,0,False,1,100000,team-10-v3-controlled,0,1,0,0,
2021-04-14T08:00:00Z,0.0025967234098053971,-0.0016092729029889626,0.004205996312794359,0,0,0,-0,0.00010000000000000003,5.0000000000000016e-05,0.0024467234098053971,0.20000000000000007,0.19996809247110775,6.9388939039072284e-18,0.099984046235553875,0.099984046235553875,40012.384381688549,20012.384381688553,0,0,0,0,0,0,0,False,1,100244.67234098054,team-10-v3-controlled,0,1,0,0,
2021-04-14T16:00:00Z,0,0,0,-1.6079761820169959e-05,-0.00011064580349583121,9.4566041675661242e-05,-0,9.6855387049249198e-05,4.8427693524624599e-05,-0.00016136284239404375,0.19371077409849841,0,0,0,-0,19418.473078421674,0,0,0,0,0,0,0,0,False,1,100228.49657571674,team-10-v3-controlled,0,1,0,0.0085343545686297761,
2021-04-15T00:00:00Z,0,0,0,0,0,0,-0,0,0,0,0,0,0,0,-0,0,0,0,0,0,0,0,0,0,False,1,100228.49657571674,team-10-v3-controlled,0,1,0.00014528541672875761,0.008559202506129,
2021-04-15T08:00:00Z,0,0,0,0,0,0,-0,0,0,0,0,0,0,0,-0,0,0,0,0,0,0,0,0,0,False,1,100228.49657571674,team-10-v3-controlled,0,1,0.00014528541672875761,0.008559202506129,
2021-04-15T16:00:00Z,0,0,0,0,0,0,-0,0,0,0,0,0,0,0,-0,0,0,0,0,0,0,0,0,0,False,1,100228.49657571674,team-10-v3-controlled,0,1,0.00014528541672875761,0.008559202506129,
2021-04-16T00:00:00Z,0,0,0,0,0,0,-0,0,0,0,0,0,0,0,-0,0,0,0,0,0,0,0,0,0,False,1,100228.49657571674,team-10-v3-controlled,0,1,0.00014528541672875761,0.0085592025061290017,
2021-04-16T08:00:00Z,0,0,0,0,0,0,-0,0,0,0,0,0,0,0,-0,0,0,0,0,0,0,0,0,0,False,1,100228.49657571674,team-10-v3-controlled,0,1,0.00014528541672875761,0.008559202506129,
2021-04-16T16:00:00Z,0,0,0,0,0,0,-0,0,0,0,0,0,0,0,-0,0,0,0,0,0,0,0,0,0,False,1,100228.49657571674,team-10-v3-controlled,0,1,0.00014528541672875761,0.008559202506129,
2021-04-17T00:00:00Z,0,0,0,0,0,0,-0,0,0,0,0,0,0,0,-0,0,0,0,0,0,0,0,0,0,False,1,100228.49657571674,team-10-v3-controlled,0,1,0.00014528541672875761,0.008559202506129,
2021-04-17T08:00:00Z,-0.0014753958495930697,-0.0083960102536879029,0.0069206144040948334,0,0,0,-0,0.00010000000000000002,5.0000000000000009e-05,-0.0016253958495930697,0.20000000000000004,0.19994454230875913,6.9388939039072284e-18,0.099972271154379566,0.099972271154379552,40108.534875989426,20062.835560846081,0,0,0,0,0,0,0,False,1,100065.58559337161,team-10-v3-controlled,0,1,0.00014528541672875761,0.0085592025061290017,
2021-04-17T16:00:00Z,-0.0015814835267203568,-0.00062041007638241304,-0.00096107345033794359,2.4684769216302294e-05,-0.00012007626665926533,0.00014476103587556763,-0,0.00010000246847692163,5.0001234238460813e-05,-0.0017068024602194371,0.20000493695384325,0.16361701813757715,-0.038400865552512507,0.062608076292532316,0.10100894184504482,46620.153696141839,26606.542558290144,0,0,0,0,0,0,0,False,1,99894.79340569755,team-10-v3-controlled,0.044742030587795287,1,0.0017458040538215203,0.01031594943153176,position_stop+cooldown_or_reentry_block
2021-04-18T00:00:00Z,0,0,0,5.9114207723013253e-05,-6.6864177233940213e-05,0.00012597838495695347,-0,8.2077440657195243e-05,4.1038720328597621e-05,-6.4001953262779612e-05,0.16415488131439049,0,0,0,-0,16398.217955437838,0,0,0,0,0,0,0,0,False,1,99888.39994379881,team-10-v3-controlled,0,1,0.0034153169485228174,0.011923523494308428,cooldown_or_reentry_block
2021-04-18T08:00:00Z,0,0,0,0,0,0,-0,0,0,0,0,0,0,0,-0,0,0,0,0,0,0,0,0,0,False,1,99888.39994379881,team-10-v3-controlled,0,1,0.0035380053761681074,0.011924845154916956,cooldown_or_reentry_block
2021-04-18T16:00:00Z,0.0057636023491780394,0.0084224694982518444,-0.0026588671490738042,0,0,0,-0,9.9999999999999991e-05,4.9999999999999996e-05,0.0056136023491780386,0.20000000000000001,0.19998381155504164,-0.013332254103669443,0.093325778725686107,0.10665803282935554,37466.802190681352,17489.122201921593,0,0,0,0,0,0,0,False,1,100449.13370037895,team-10-v3-controlled,0,1,0.0035380053761681074,0.011924845154916956,cooldown_or_reentry_block
2021-04-19T00:00:00Z,-6.1492973527472843e-05,0.00018672236105716516,-0.00024821533458463803,-7.2542934304419727e-06,-1.827047345253956e-05,1.1016180022097587e-05,-0,9.9999274570656944e-05,4.9999637285328472e-05,-0.00021874617881390023,0.19999854914131387,0.0099036042403168982,-0.00035559437206724278,0.0047740049341248288,0.0051295993061920703,21084.576975699703,994.89597312205342,0,0,0,0,0,0,0,False,1,100427.16083621683,team-10-v3-controlled,0,1,0,0.022963216652111564,
2021-04-19T08:00:00Z,0,0,0,-6.0441155259300921e-07,-1.6008749350532246e-06,9.9646338246021529e-07,-0,5.1708376459865467e-06,2.5854188229932733e-06,-8.3606680215728283e-06,0.010341675291973093,0,0,0,-0,1038.5850878629115,0,0,0,0,0,0,0,0,False,1,100426.32119806473,team-10-v3-controlled,0.0021017765760298732,1,0.00021209770334218447,0.022981749051001341,position_stop+cooldown_or_reentry_block
2021-04-19T16:00:00Z,0,0,0,0,0,0,-0,0,0,0,0,0,0,0,-0,0,0,0,0,0,0,0,0,0,False,1,100426.32119806473,team-10-v3-controlled,0,1,0.00021985231941401562,0.022981980607227507,cooldown_or_reentry_block
2021-04-20T00:00:00Z,0,0,0,0,0,0,-0,0,0,0,0,0,0,0,-0,0,0,0,0,0,0,0,0,0,False,1,100426.32119806473,team-10-v3-controlled,0,1,0.00021985231941401562,0.022981980607227507,cooldown_or_reentry_block
2021-04-20T08:00:00Z,0,0,0,0,0,0,-0,0,0,0,0,0,0,0,-0,0,0,0,0,0,0,0,0,0,False,1,100426.32119806473,team-10-v3-controlled,0,1,0.00021985231941401562,0.02298198060722751,cooldown_or_reentry_block
2021-04-20T16:00:00Z,0,0,0,0,0,0,-0,0,0,0,0,0,0,0,-0,0,0,0,0,0,0,0,0,0,False,1,100426.32119806473,team-10-v3-controlled,0,1,0.00021985231941401562,0.02298198060722751,
2021-04-21T00:00:00Z,0,0,0,0,0,0,-0,0,0,0,0,0,0,0,-0,0,0,0,0,0,0,0,0,0,False,1,100426.32119806473,team-10-v3-controlled,0,1,0.00021985231941401562,0.02298198060722751,
2021-04-21T08:00:00Z,0,0,0,0,0,0,-0,0,0,0,0,0,0,0,-0,0,0,0,0,0,0,0,0,0,False,1,100426.32119806473,team-10-v3-controlled,0,1,0.00021985231941401562,0.022981980607227507,
2021-04-21T16:00:00Z,0.00048122898005681976,-0.0051297940203332898,0.0056110230003901095,0,0,0,-0,9.9999999999999978e-05,4.9999999999999989e-05,0.00033122898005681986,0.19999999999999998,0.19998957356225661,6.9388939039072284e-18,0.099994786781128303,0.099994786781128289,40178.649563411709,20093.385323798761,0,0,0,0,0,0,0,False,1,100459.58530600603,team-10-v3-controlled,0,1,0.00021985231941401562,0.02298198060722751,
2021-04-22T00:00:00Z,0,0,0,-2.5999783284231042e-06,-2.0216008393714849e-05,1.7616030065291743e-05,-0,9.4598257805190341e-05,4.729912890259517e-05,-0.00014449736503620861,0.18919651561038067,0,0,0,-0,19006.60349956014,0,0,0,0,0,0,0,0,False,1,100445.06916063669,team-10-v3-controlled,0.011481721628113459,1,0,0.023002588184724702,position_stop+cooldown_or_reentry_block
2021-04-22T08:00:00Z,0,0,0,0,0,0,-0,0,0,0,0,0,0,0,-0,0,0,0,0,0,0,0,0,0,False,1,100445.06916063669,team-10-v3-controlled,0,1,0.00014189775563877571,0.023012064229692576,cooldown_or_reentry_block
2021-04-22T16:00:00Z,0,0,0,0,0,0,-0,0,0,0,0,0,0,0,-0,0,0,0,0,0,0,0,0,0,False,1,100445.06916063669,team-10-v3-controlled,0,1,0.00014189775563877571,0.023012064229692573,cooldown_or_reentry_block
2021-04-23T00:00:00Z,0,0,0,0,0,0,-0,0,0,0,0,0,0,0,-0,0,0,0,0,0,0,0,0,0,False,1,100445.06916063669,team-10-v3-controlled,0,1,0.00014189775563877571,0.023012064229692573,cooldown_or_reentry_block
2021-04-23T08:00:00Z,-0.0053917297467747892,0.0071378391099949029,-0.012529568856769691,0,0,0,-0,0.0001,5.0000000000000002e-05,-0.00554172974677479,0.20000000000000004,0.20026617046428791,0,0.10013308523214395,0.10013308523214395,40130.647307415624,20041.633475288283,0,0,0,0,0,0,0,False,1,99888.42973295234,team-10-v3-controlled,0,1,0.00014189775563877571,0.023012064229692576,
2021-04-23T16:00:00Z,0.00062100833062949333,0.00067869440543775236,-5.7686074808259057e-05,4.8413207670680838e-07,-9.8284019327742182e-06,1.0312534009481026e-05,-0,0.00010000004841320767,5.0000024206603833e-05,0.00047149239008638865,0.20000009682641534,0.020898257078743147,0.016377579288804876,0.018637918183774013,0.0022603388949691359,22064.507985559467,2086.8123671304138,0,0,0,0,0,0,0,False,1,99935.526367429105,team-10-v3-controlled,0.10009643311311411,1,0.0056823597625691447,0.030165609413622715,position_stop+cooldown_or_reentry_block
2021-04-24T00:00:00Z,0,0,0,-1.6683188617993246e-06,-1.8999424704655167e-06,2.3162360866619196e-07,-0,1.0808810117461347e-05,5.4044050587306733e-06,-1.7881534037991343e-05,0.021617620234922693,0,0,0,-0,2160.3682569881857,0,0,0,0,0,0,0,0,False,1,99933.739366912763,team-10-v3-controlled,0,1,0.0052156877898671405,0.030212709923867369,cooldown_or_reentry_block
2021-04-24T08:00:00Z,0,0,0,0,0,0,-0,0,0,0,0,0,0,0,-0,0,0,0,0,0,0,0,0,0,False,1,99933.739366912763,team-10-v3-controlled,0,1,0.0052318164688827107,0.030212725124906501,cooldown_or_reentry_block
2021-04-24T16:00:00Z,0,0,0,0,0,0,-0,0,0,0,0,0,0,0,-0,0,0,0,0,0,0,0,0,0,False,1,99933.739366912763,team-10-v3-controlled,0,1,0.0052318164688827107,0.030212725124906498,cooldown_or_reentry_block
2021-04-25T00:00:00Z,0,0,0,0,0,0,-0,0,0,0,0,0,0,0,-0,0,0,0,0,0,0,0,0,0,False,1,99933.739366912763,team-10-v3-controlled,0,1,0.0052318164688827107,0.030212725124906498,
2021-04-25T08:00:00Z,0,0,0,0,0,0,-0,0,0,0,0,0,0,0,-0,0,0,0,0,0,0,0,0,0,False,1,99933.739366912763,team-10-v3-controlled,0,1,0.0052318164688827107,0.030212725124906498,
2021-04-25T16:00:00Z,0,0,0,0,0,0,-0,0,0,0,0,0,0,0,-0,0,0,0,0,0,0,0,0,0,False,1,99933.739366912763,team-10-v3-controlled,0,1,0.0052318164688827107,0.030212725124906498,
2021-04-26T00:00:00Z,0,0,0,0,0,0,-0,0,0,0,0,0,0,0,-0,0,0,0,0,0,0,0,0,0,False,1,99933.739366912763,team-10-v3-controlled,0,1,0.0052318164688827107,0.030212725124906498,
2021-04-26T08:00:00Z,0,0,0,0,0,0,-0,0,0,0,0,0,0,0,-0,0,0,0,0,0,0,0,0,0,False,1,99933.739366912763,team-10-v3-controlled,0,1,0.0052318164688827107,0.030212725124906498,
2021-04-26T16:00:00Z,0,0,0,0,0,0,-0,0,0,0,0,0,0,0,-0,0,0,0,0,0,0,0,0,0,False,1,99933.739366912763,team-10-v3-controlled,0,1,0.0052318164688827107,0.030212725124906498,
2021-04-27T00:00:00Z,0,0,0,0,0,0,-0,0,0,0,0,0,0,0,-0,0,0,0,0,0,0,0,0,0,False,1,99933.739366912763,team-10-v3-controlled,0,1,0.0052318164688827107,0.030212725124906498,
2021-04-27T08:00:00Z,0,0,0,0,0,0,-0,0,0,0,0,0,0,0,-0,0,0,0,0,0,0,0,0,0,False,1,99933.739366912763,team-10-v3-controlled,0,1,0.0052318164688827107,0.030212725124906498,
2021-04-27T16:00:00Z,0,0,0,0,0,0,-0,0,0,0,0,0,0,0,-0,0,0,0,0,0,0,0,0,0,False,1,99933.739366912763,team-10-v3-controlled,0,1,0.0052318164688827107,0.030212725124906498,
2021-04-28T00:00:00Z,0,0,0,0,0,0,-0,0,0,0,0,0,0,0,-0,0,0,0,0,0,0,0,0,0,False,1,99933.739366912763,team-10-v3-controlled,0,1,0.0052318164688827107,0.030212725124906498,
2021-04-28T08:00:00Z,0,0,0,0,0,0,-0,0,0,0,0,0,0,0,-0,0,0,0,0,0,0,0,0,0,False,1,99933.739366912763,team-10-v3-controlled,0,1,0.0052318164688827107,0.030212725124906498,
2021-04-28T16:00:00Z,0,0,0,0,0,0,-0,0,0,0,0,0,0,0,-0,0,0,0,0,0,0,0,0,0,False,1,99933.739366912763,team-10-v3-controlled,0,1,0.0052318164688827107,0.030212725124906498,
2021-04-29T00:00:00Z,0,0,0,0,0,0,-0,0,0,0,0,0,0,0,-0,0,0,0,0,0,0,0,0,0,False,1,99933.739366912763,team-10-v3-controlled,0,1,0.0052318164688827107,0.030212725124906498,
2021-04-29T08:00:00Z,0,0,0,0,0,0,-0,0,0,0,0,0,0,0,-0,0,0,0,0,0,0,0,0,0,False,1,99933.739366912763,team-10-v3-controlled,0,1,0.0052318164688827107,0.030212725124906498,
2021-04-29T16:00:00Z,0,0,0,0,0,0,-0,0,0,0,0,0,0,0,-0,0,0,0,0,0,0,0,0,0,False,1,99933.739366912763,team-10-v3-controlled,0,1,0.0052318164688827107,0.030212725124906501,
2021-04-30T00:00:00Z,0,0,0,0,0,0,-0,0,0,0,0,0,0,0,-0,0,0,0,0,0,0,0,0,0,False,1,99933.739366912763,team-10-v3-controlled,0,1,0.0052318164688827107,0.030212725124906498,
2021-04-30T08:00:00Z,0,0,0,0,0,0,-0,0,0,0,0,0,0,0,-0,0,0,0,0,0,0,0,0,0,False,1,99933.739366912763,team-10-v3-controlled,0,1,0.0052318164688827107,0.030212725124906501,
2021-04-30T16:00:00Z,0,0,0,0,0,0,-0,0,0,0,0,0,0,0,-0,0,0,0,0,0,0,0,0,0,False,1,99933.739366912763,team-10-v3-controlled,0,1,0.0052318164688827107,0.030212725124906498,
2021-05-01T00:00:00Z,0,0,0,0,0,0,-0,0,0,0,0,0,0,0,-0,0,0,0,0,0,0,0,0,0,False,1,99933.739366912763,team-10-v3-controlled,0,1,0.0052318164688827107,0.030212725124906501,
2021-05-01T08:00:00Z,0,0,0,0,0,0,-0,0,0,0,0,0,0,0,-0,0,0,0,0,0,0,0,0,0,False,1,99933.739366912763,team-10-v3-controlled,0,1,0.0052318164688827107,0.030212725124906498,
2021-05-01T16:00:00Z,0,0,0,0,0,0,-0,0,0,0,0,0,0,0,-0,0,0,0,0,0,0,0,0,0,False,1,99933.739366912763,team-10-v3-controlled,0,1,0.0052318164688827107,0.030212725124906501,
2021-05-02T00:00:00Z,0,0,0,0,0,0,-0,0,0,0,0,0,0,0,-0,0,0,0,0,0,0,0,0,0,False,1,99933.739366912763,team-10-v3-controlled,0,1,0.0052318164688827107,0.030212725124906498,
2021-05-02T08:00:00Z,0,0,0,0,0,0,-0,0,0,0,0,0,0,0,-0,0,0,0,0,0,0,0,0,0,False,1,99933.739366912763,team-10-v3-controlled,0,1,0.0052318164688827107,0.030212725124906501,
2021-05-02T16:00:00Z,0,0,0,0,0,0,-0,0,0,0,0,0,0,0,-0,0,0,0,0,0,0,0,0,0,False,1,99933.739366912763,team-10-v3-controlled,0,1,0.0052318164688827107,0.030212725124906498,
2021-05-03T00:00:00Z,0,0,0,0,0,0,-0,0,0,0,0,0,0,0,-0,0,0,0,0,0,0,0,0,0,False,1,99933.739366912763,team-10-v3-controlled,0,1,0.0052318164688827107,0.030212725124906501,
2021-05-03T08:00:00Z,0,0,0,0,0,0,-0,0,0,0,0,0,0,0,-0,0,0,0,0,0,0,0,0,0,False,1,99933.739366912763,team-10-v3-controlled,0,1,0.0052318164688827107,0.030212725124906498,
2021-05-03T16:00:00Z,0,0,0,0,0,0,-0,0,0,0,0,0,0,0,-0,0,0,0,0,0,0,0,0,0,False,1,99933.739366912763,team-10-v3-controlled,0,1,0.0052318164688827107,0.030212725124906501,
2021-05-04T00:00:00Z,0,0,0,0,0,0,-0,0,0,0,0,0,0,0,-0,0,0,0,0,0,0,0,0,0,False,1,99933.739366912763,team-10-v3-controlled,0,1,0.0052318164688827107,0.030212725124906498,
2021-05-04T08:00:00Z,0,0,0,0,0,0,-0,0,0,0,0,0,0,0,-0,0,0,0,0,0,0,0,0,0,False,1,99933.739366912763,team-10-v3-controlled,0,1,0.0052318164688827107,0.030212725124906501,
2021-05-04T16:00:00Z,-0.0006010626831345322,0.0017138368435358194,-0.0023148995266703515,0,0,0,-0,0.00010000000000000002,5.0000000000000009e-05,-0.00075106268313453238,0.20000000000000004,0.19994463789015193,3.4694469519536142e-18,0.099972318945075966,0.099972318945075966,39990.562480230299,20003.81460684774,0,0,0,0,0,0,0,False,1,99858.68286448819,team-10-v3-controlled,0,1,0.0052318164688827107,0.030212725124906498,
2021-05-05T00:00:00Z,0.00010777501194176164,0.00024065730413898838,-0.00013288229219722672,-2.4445824884497094e-05,-3.7935164856736411e-05,1.3489339972239321e-05,-0,9.9997555417511569e-05,4.9998777708755784e-05,-6.6667146069002817e-05,0.19999511083502314,0.0041875745812689977,0.00031656989447748259,0.0022520722378732401,0.0019355023433957573,20389.35456378074,418.10621645800029,0,0,0,0,0,0,0,False,1,99852.025571091406,team-10-v3-controlled,0.014853117372869869,1,0.0060032493944287557,0.030323974430663609,position_stop+cooldown_or_reentry_block
2021-05-05T08:00:00Z,0,0,0,-9.7518365710166228e-07,-1.8760198650152219e-06,9.008362079135592e-07,-0,2.2804113684285343e-06,1.1402056842142671e-06,-4.3958007097444643e-06,0.0045608227368570684,0,0,0,-0,455.40738854586709,0,0,0,0,0,0,0,0,False,1,99851.58664148653,team-10-v3-controlled,0.00030793069187734083,1,0.0060461875649153729,0.030324452259166735,position_stop+cooldown_or_reentry_block
2021-05-05T16:00:00Z,0.0024910923710213364,0.0067047646174119412,-0.0042136722463906057,0,0,0,-0,9.9999999999999991e-05,4.9999999999999996e-05,0.0023410923710213364,0.20000000000000001,0.19991187334725857,0,0.099955936673629286,0.099955936673629286,39964.236222430452,19993.918894133145,0,0,0,0,0,0,0,False,1,100085.3484292073,team-10-v3-controlled,0,1,0.0060495875035913027,0.030324427531191623,cooldown_or_reentry_block
2021-05-06T00:00:00Z,-9.7584004058305998e-06,-7.2868416386686531e-05,6.3110015980855945e-05,-3.4451616918515356e-05,-0.00010979038261002598,7.5338765691510633e-05,-0,9.9996554838308133e-05,4.9998277419154067e-05,-0.00019420484958180818,0.19999310967661629,0.010433409670466177,0.00087511603182797808,0.0056542628511470775,0.0047791468193190993,21060.540572792888,1044.1605073680764,0,0,0,0,0,0,0,False,1,100065.91136917027,team-10-v3-controlled,0.014030979550808587,1,0.0037569811410613774,0.03141941525271412,position_stop+cooldown_or_reentry_block
2021-05-06T08:00:00Z,0,0,0,-2.6444142592416354e-06,-6.6926283520640853e-06,4.048214092822449e-06,-0,5.1493612784064459e-06,2.574680639203223e-06,-1.0368456176851303e-05,0.010298722556812891,0,0,0,-0,1030.5510585857132,0,0,0,0,0,0,0,0,False,1,100064.87384015344,team-10-v3-controlled,0.00072096649716354739,1,0.0039187737254744448,0.031427471347908416,position_stop+cooldown_or_reentry_block
2021-05-06T16:00:00Z,0.0067895718319333602,0.0061197594868616966,0.0006698123450716634,0,0,0,-0,0.00010000000000000002,5.0000000000000009e-05,0.0066395718319333594,0.20000000000000004,0.19992746637346309,-8.6736173798840355e-18,0.099963733186731546,0.099963733186731546,35040.668171753285,15027.693403722598,0,0,0,0,0,0,0,False,1,100729.26175786849,team-10-v3-controlled,0,1,0.0039264675189651932,0.031427523684281186,cooldown_or_reentry_block
2021-05-07T00:00:00Z,5.8321960266689379e-05,4.6008508664486946e-05,1.2313451602202423e-05,-1.3639197529550214e-05,-7.0042424804400306e-05,5.6403227274850092e-05,-0,9.9998636080247068e-05,4.9999318040123534e-05,-0.00010531519138323144,0.19999727216049415,0.0040966200547695635,0.00013519952486915938,0.0021159097898193618,0.0019807102649502021,20558.323041209413,412.74546289533873,0,0,0,0,0,0,0,False,1,100718.65343638857,team-10-v3-controlled,0,1,0,0.03902298548055836,cooldown_or_reentry_block
2021-05-07T08:00:00Z,-0.0016879249583539352,0.00032364128979970317,-0.0020115662481536376,-7.7249756464050304e-08,-1.4679000670956439e-06,1.390650310631594e-06,-0,9.9999992275024343e-05,4.9999996137512172e-05,-0.0018380021965229358,0.19999998455004867,0.19994950874942471,-0.013028469484434563,0.093460519632495076,0.10648898911692964,37943.92591565683,17800.196784477404,0,0,0,0,0,0,0,False,1,100533.53233014166,team-10-v3-controlled,0.00030912478629719974,1,9.1754486932105195e-05,0.039027417917454642,position_stop+cooldown_or_reentry_block
2021-05-07T16:00:00Z,-0.00077957898496348378,-0.0039129399875806065,0.0031333610026171221,-1.3474443736444509e-05,-0.00010193485882143543,8.8460415084990919e-05,-0,9.999865255562637e-05,4.9999326277813185e-05,-0.00094305140753336771,0.19999730511125272,0.19264279447339619,-0.018883593585567311,0.086879600443914434,0.10576319402948176,49997.661017157538,29891.225477814201,0,0,0,0,0,0,0,False,1,100438.72404097342,team-10-v3-controlled,0,1,0.0019429593824541458,0.039596352268683056,cooldown_or_reentry_block
2021-05-08T00:00:00Z,0,0,0,5.9099361326690689e-06,-5.0880897217370082e-05,5.6790833350039153e-05,-0,9.2909716907006322e-05,4.6454858453503161e-05,-0.00013345463922784042,0.18581943381401264,0,0,0,-0,18663.466834295541,0,0,0,0,0,0,0,0,False,1,100425.32002729204,team-10-v3-controlled,0.0028927155414371465,1,0.0028648497471053247,0.039750219181941687,position_stop+cooldown_or_reentry_block
2021-05-08T08:00:00Z,0,0,0,0,0,0,-0,0,0,0,0,0,0,0,-0,0,0,0,0,0,0,0,0,0,False,1,100425.32002729204,team-10-v3-controlled,0,1,0.0030038142426259684,0.039754983185036362,cooldown_or_reentry_block
2021-05-08T16:00:00Z,-0.001785967463323553,0.0045137560164379741,-0.0062997234797615258,0,0,0,-0,9.9999999999999991e-05,4.9999999999999996e-05,-0.0019359674633235532,0.20000000000000001,0.19988766851922193,0.013325844567948116,0.10660675654358502,0.093280911975636913,37686.31157787484,17601.247572416432,0,0,0,0,0,0,0,False,1,100230.89987522534,team-10-v3-controlled,0,1,0.0030038142426259684,0.039754983185036369,cooldown_or_reentry_block
2021-05-09T00:00:00Z,-7.7430565403409739e-06,-7.0582692479497202e-05,6.283963593915622e-05,1.8670465794878579e-05,-6.2021971928754229e-05,8.0692437723632805e-05,-0,0.00010000186704657948,5.0000933523289739e-05,-0.0001390753913153316,0.20000373409315897,0.011214815894513314,0.0015440956048493842,0.0063794557496813491,0.0048353601448319645,21171.011144472803,1124.4568979101928,0,0,0,0,0,0,0,False,1,100216.96022360331,team-10-v3-controlled,0.015400475937753842,1,0.0049153880729664312,0.040352688538532966,position_stop+cooldown_or_reentry_block
2021-05-09T08:00:00Z,0,0,0,1.0350606506805431e-06,-1.9134371225771953e-06,2.9484977732577382e-06,-0,5.5433923329459468e-06,2.7716961664729734e-06,-7.2800278487383764e-06,0.011086784665891893,0,0,0,-0,1111.0838578693429,0,0,0,0,0,0,0,0,False,1,100216.23064134197,team-10-v3-controlled,0.0016946480714985831,1,0.0050713258068597611,0.040356721994485943,position_stop+cooldown_or_reentry_block
2021-05-09T16:00:00Z,0,0,0,0,0,0,-0,0,0,0,0,0,0,0,-0,0,0,0,0,0,0,0,0,0,False,1,100216.23064134197,team-10-v3-controlled,0,1,0.0050795987182732372,0.040356785058989625,cooldown_or_reentry_block
2021-05-10T00:00:00Z,0,0,0,0,0,0,-0,0,0,0,0,0,0,0,-0,0,0,0,0,0,0,0,0,0,False,1,100216.23064134197,team-10-v3-controlled,0,1,0.0050795987182732372,0.040356785058989625,cooldown_or_reentry_block
2021-05-10T08:00:00Z,0,0,0,0,0,0,-0,0,0,0,0,0,0,0,-0,0,0,0,0,0,0,0,0,0,False,1,100216.23064134197,team-10-v3-controlled,0,1,0.0050795987182732372,0.040356785058989618,cooldown_or_reentry_block
2021-05-10T16:00:00Z,0,0,0,0,0,0,-0,0,0,0,0,0,0,0,-0,0,0,0,0,0,0,0,0,0,False,1,100216.23064134197,team-10-v3-controlled,0,1,0.0050795987182732372,0.040356785058989618,
2021-05-11T00:00:00Z,0,0,0,0,0,0,-0,0,0,0,0,0,0,0,-0,0,0,0,0,0,0,0,0,0,False,1,100216.23064134197,team-10-v3-controlled,0,1,0.0050795987182732372,0.040356785058989618,
2021-05-11T08:00:00Z,0,0,0,0,0,0,-0,0,0,0,0,0,0,0,-0,0,0,0,0,0,0,0,0,0,False,1,100216.23064134197,team-10-v3-controlled,0,1,0.0050795987182732372,0.040356785058989618,
2021-05-11T16:00:00Z,0,0,0,0,0,0,-0,0,0,0,0,0,0,0,-0,0,0,0,0,0,0,0,0,0,False,1,100216.23064134197,team-10-v3-controlled,0,1,0.0050795987182732372,0.040356785058989618,
2021-05-12T00:00:00Z,0,0,0,0,0,0,-0,0,0,0,0,0,0,0,-0,0,0,0,0,0,0,0,0,0,False,1,100216.23064134197,team-10-v3-controlled,0,1,0.0050795987182732372,0.040356785058989618,
2021-05-12T08:00:00Z,0,0,0,0,0,0,-0,0,0,0,0,0,0,0,-0,0,0,0,0,0,0,0,0,0,False,1,100216.23064134197,team-10-v3-controlled,0,1,0.0050795987182732372,0.040356785058989618,
2021-05-12T16:00:00Z,0,0,0,0,0,0,-0,0,0,0,0,0,0,0,-0,0,0,0,0,0,0,0,0,0,False,1,100216.23064134197,team-10-v3-controlled,0,1,0.0050795987182732372,0.040356785058989618,
2021-05-13T00:00:00Z,0,0,0,0,0,0,-0,0,0,0,0,0,0,0,-0,0,0,0,0,0,0,0,0,0,False,1,100216.23064134197,team-10-v3-controlled,0,1,0.0050795987182732372,0.040356785058989625,
2021-05-13T08:00:00Z,0,0,0,0,0,0,-0,0,0,0,0,0,0,0,-0,0,0,0,0,0,0,0,0,0,False,1,100216.23064134197,team-10-v3-controlled,0,1,0.0050795987182732372,0.040356785058989625,
2021-05-13T16:00:00Z,0,0,0,0,0,0,-0,0,0,0,0,0,0,0,-0,0,0,0,0,0,0,0,0,0,False,1,100216.23064134197,team-10-v3-controlled,0,1,0.0050795987182732372,0.040356785058989625,
2021-05-14T00:00:00Z,0,0,0,0,0,0,-0,0,0,0,0,0,0,0,-0,0,0,0,0,0,0,0,0,0,False,1,100216.23064134197,team-10-v3-controlled,0,1,0.0050795987182732372,0.040356785058989625,
2021-05-14T08:00:00Z,0,0,0,0,0,0,-0,0,0,0,0,0,0,0,-0,0,0,0,0,0,0,0,0,0,False,1,100216.23064134197,team-10-v3-controlled,0,1,0.0050795987182732372,0.040356785058989625,
2021-05-14T16:00:00Z,-0.00058484031048384652,-0.00050513658689605356,-7.9703723587792839e-05,0,0,0,-0,9.9999999999999991e-05,4.9999999999999996e-05,-0.00073484031048384659,0.20000000000000001,0.20002835530492899,1.7347234759768071e-18,0.10001417765246448,0.10001417765246449,40086.822762041396,20043.576633773002,0,0,0,0,0,0,0,False,1,100142.58771530197,team-10-v3-controlled,0,1,0.0050795987182732372,0.039442201980013941,
2021-05-15T00:00:00Z,0,0,0,-8.1866046510111458e-06,-2.2665816998996563e-05,1.4479212347985414e-05,-0,9.9860665210574324e-05,4.9930332605287162e-05,-0.00015797760246687262,0.19972133042114865,0,0,0,-0,20000.610850316687,0,0,0,0,0,0,0,0,False,1,100126.76742938987,team-10-v3-controlled,0,1,0.0058188453695533493,0.039521273890132574,
2021-05-15T08:00:00Z,0,0,0,0,0,0,-0,0,0,0,0,0,0,0,-0,0,0,0,0,0,0,0,0,0,False,1,100126.76742938987,team-10-v3-controlled,0,1,0.0059677659758693435,0.039524681311990675,
2021-05-15T16:00:00Z,0,0,0,0,0,0,-0,0,0,0,0,0,0,0,-0,0,0,0,0,0,0,0,0,0,False,1,100126.76742938987,team-10-v3-controlled,0,1,0.0059677659758693435,0.039524681311990675,
2021-05-16T00:00:00Z,0,0,0,0,0,0,-0,0,0,0,0,0,0,0,-0,0,0,0,0,0,0,0,0,0,False,1,100126.76742938987,team-10-v3-controlled,0,1,0.0059677659758693435,0.039524681311990682,
2021-05-16T08:00:00Z,0,0,0,0,0,0,-0,0,0,0,0,0,0,0,-0,0,0,0,0,0,0,0,0,0,False,1,100126.76742938987,team-10-v3-controlled,0,1,0.0059677659758693435,0.039524681311990675,
2021-05-16T16:00:00Z,0,0,0,0,0,0,-0,0,0,0,0,0,0,0,-0,0,0,0,0,0,0,0,0,0,False,1,100126.76742938987,team-10-v3-controlled,0,1,0.0059677659758693435,0.039524681311990675,
2021-05-17T00:00:00Z,0,0,0,0,0,0,-0,0,0,0,0,0,0,0,-0,0,0,0,0,0,0,0,0,0,False,1,100126.76742938987,team-10-v3-controlled,0,1,0.0059677659758693435,0.039524681311990675,
2021-05-17T08:00:00Z,0.00019767210064257606,-0.0040392806848030668,0.0042369527854456438,0,0,0,-0,0.0001,5.0000000000000002e-05,4.7672100642576054e-05,0.20000000000000001,0.19998274732860977,3.4694469519536142e-18,0.099991373664304883,0.099991373664304883,40060.1712039259,20034.817718047922,0,0,0,0,0,0,0,False,1,100131.54068272379,team-10-v3-controlled,0,1,0.0059677659758693435,0.039524681311990682,
2021-05-17T16:00:00Z,0,0,0,7.9582372743284698e-06,-1.8921831015142459e-05,2.6880068289470934e-05,-0,9.5857313545376973e-05,4.7928656772688486e-05,-0.00013582773304373697,0.19171462709075396,0,0,0,-0,19196.68098201105,0,0,0,0,0,0,0,0,False,1,100117.94004254667,team-10-v3-controlled,0,1,0.0059124672496684294,0.039112361655791537,
2021-05-18T00:00:00Z,0,0,0,0,0,0,-0,0,0,0,0,0,0,0,-0,0,0,0,0,0,0,0,0,0,False,1,100117.94004254667,team-10-v3-controlled,0,1,0.0060554019526377623,0.038646020505125604,
2021-05-18T08:00:00Z,0.0021296373886879995,-0.0016414299635885497,0.003771067352276549,0,0,0,-0,0.00010000000000000002,5.0000000000000009e-05,0.0019796373886879991,0.20000000000000007,0.19994849069474904,-1.3877787807814457e-17,0.099974245347374507,0.099974245347374535,40063.502210441773,20039.914201932443,0,0,0,0,0,0,0,False,1,100316.13725993333,team-10-v3-controlled,0,1,0.0060554019526377623,0.038644842309668866,
2021-05-18T16:00:00Z,0,0,0,5.2804196996291294e-06,-1.9220386040176485e-05,2.4500805739805611e-05,-0,9.7101525531626426e-05,4.8550762765813213e-05,-0.00014037186859781051,0.19420305106325284,0,0,0,-0,19481.699926759113,0,0,0,0,0,0,0,0,False,1,100302.05569629563,team-10-v3-controlled,0,1,0.0040824932294056815,0.039240660164804486,
2021-05-19T00:00:00Z,0,0,0,0,0,0,-0,0,0,0,0,0,0,0,-0,0,0,0,0,0,0,0,0,0,False,1,100302.05569629563,team-10-v3-controlled,0,1,0.0042275501272609484,0.033980231515583624,
2021-05-19T08:00:00Z,-0.0067405781122770068,-0.020735975914552805,0.013995397802275792,0,0,0,-0,0.00010000000000000002,5.0000000000000009e-05,-0.0068905781122770059,0.20000000000000004,0.20011406465883785,5.2041704279304213e-18,0.10005703232941893,0.10005703232941891,40103.969076959933,20043.557937700803,0,0,0,0,0,0,0,False,1,99610.916546698354,team-10-v3-controlled,0,1,0.0042275501272609484,0.033972720039501358,
2021-05-19T16:00:00Z,0.0040679335748194023,-0.0045886300910555457,0.008656563665874948,3.2765255525762288e-05,0.00042841635342937077,-0.00039565109790360846,-0,0.00010000327652555259,5.0001638262776295e-05,0.0039506939155568351,0.20000655305110518,0.10758898144752319,-0.044124849656406534,0.031732065895558326,0.07585691555196486,46462.251402724884,26539.415337958453,0,0,0,0,0,0,0,False,1,100004.44878862244,team-10-v3-controlled,0.079836071695954219,1,0.011056596053488854,0.041588188593432482,position_stop+cooldown_or_reentry_block
2021-05-20T00:00:00Z,0,0,0,-1.272947433147653e-05,-2.9977709664616476e-06,-9.731703365014883e-06,-0,4.6985542468817111e-05,2.3492771234408556e-05,-8.3207788034702195e-05,0.093971084937634231,0,0,0,-0,9397.5265512569313,0,0,0,0,0,0,0,0,False,1,99996.127639645114,team-10-v3-controlled,0.027041525263765857,1,0.0071947513462402579,0.043911321812202038,position_stop+cooldown_or_reentry_block
2021-05-20T08:00:00Z,0.0042991634437224615,0.0050821072034711381,-0.00078294375974867643,0,0,0,-0,6.247679300215937e-05,3.1238396501079685e-05,0.0042054482542192226,0.12495358600431875,0.12501171549660789,0.075007029297964739,0.10000937239728633,0.025002343099321582,12494.874735119231,0,0,0,0,0,0,0,0,False,1,100416.65618005594,team-10-v3-controlled,0,1,0.0072647234767094782,0.043911210835132441,cooldown_or_reentry_block
2021-05-20T16:00:00Z,-0.002682562313054449,-0.00015036970463296601,-0.0025321926084214833,2.9316424188630333e-05,2.6751375215672618e-05,2.5650489729577162e-06,-0,0.00010000293164241887,5.0001465821209437e-05,-0.0028032502863294469,0.20000586328483774,0.15229920415583112,-0.029406258885332534,0.0614464726352493,0.09085273152058182,33181.596602931051,13097.676595462226,0,0,0,0,0,0,0,False,1,100135.16315986696,team-10-v3-controlled,0,1,0.0030606007996326623,0.046348865230644895,cooldown_or_reentry_block
2021-05-21T00:00:00Z,0,0,0,-2.4891454566321215e-05,7.9717799624180451e-06,-3.2863234528739264e-05,-0,7.7618362418955701e-05,3.880918120947785e-05,-0.00014131899819475475,0.1552367248379114,0,0,0,-0,15544.654770047631,0,0,0,0,0,0,0,0,False,1,100121.01215892514,team-10-v3-controlled,0.018263235513303382,1,0.0059091603529741743,0.047368963674295834,position_stop+cooldown_or_reentry_block
2021-05-21T08:00:00Z,0,0,0,0,0,0,-0,0,0,0,0,0,0,0,-0,0,0,0,0,0,0,0,0,0,False,1,100121.01215892514,team-10-v3-controlled,0,1,0.0060249027885753703,0.047370381513998583,cooldown_or_reentry_block
2021-05-21T16:00:00Z,-0.0021544256694298984,9.242530078162027e-05,-0.0022468509702115187,0,0,0,-0,0.00010000000000000002,5.0000000000000009e-05,-0.0023044256694298984,0.20000000000000004,0.19992476906344436,0.013328317937562948,0.10662654350050366,0.093298225562940706,37565.142515695159,17540.940083910129,0,0,0,0,0,0,0,False,1,99890.290728456806,team-10-v3-controlled,0,1,0.0060249027885753703,0.047370381513998583,cooldown_or_reentry_block
2021-05-22T00:00:00Z,2.9681651331641188e-05,-0.00011076681450476858,0.00014044846583640975,9.2905847911453418e-07,1.3332044445975938e-05,-1.2402985966861403e-05,-0,0.00010000009290584792,5.0000046452923962e-05,-0.00011938942954801615,0.20000018581169585,0.0028076073930055285,0.00015502474555674253,0.0014813160692811354,0.0013262913237243926,20258.41313975622,280.33643328053881,0,0,0,0,0,0,0,False,1,99878.364883629343,team-10-v3-controlled,0,1,0.0083145231844186096,0.048008965857796508,cooldown_or_reentry_block
2021-05-22T08:00:00Z,-0.00018547049766195282,0.0051896511516937409,-0.0053751216493556934,1.7467806774231318e-07,1.2205095339285187e-07,5.2627114349461318e-08,-0,0.00010000001746780677,5.0000008733903387e-05,-0.00033529584579592065,0.20000003493561352,0.20002542800510714,-0.013448134012114966,0.093288646996496069,0.10673678100861103,37499.826445290491,17524.149979252667,0,0,0,0,0,0,0,False,1,99844.876082798975,team-10-v3-controlled,0.00049266955699600005,1,0.0084336679658736369,0.048008515563217051,position_stop+cooldown_or_reentry_block
2021-05-22T16:00:00Z,7.6500526728231333e-05,-0.00014294640987370924,0.00021944693660194058,-6.1934513455471927e-06,-7.3504682869997417e-06,1.1570169414525505e-06,-0,9.9999380654865487e-05,4.9999690327432743e-05,-7.9691995599614083e-05,0.19999876130973093,0.010594956435931505,6.1858694783225882e-05,0.0053284075653573654,0.0052665488705741399,21026.671707883503,1057.820168200132,0,0,0,0,0,0,0,False,1,99836.919245373545,team-10-v3-controlled,0.014746871290801314,1,0.0087724483422575439,0.048017448011490493,position_stop+cooldown_or_reentry_block
2021-05-23T00:00:00Z,0,0,0,-2.6242482175758252e-07,-4.4692648671612412e-07,1.8450166495854165e-07,-0,5.1165293217688222e-06,2.5582646608844111e-06,-7.9372188044108152e-06,0.010233058643537645,0,0,0,-0,1021.6370494280395,0,0,0,0,0,0,0,0,False,1,99836.126817900731,team-10-v3-controlled,0,1,0.0088455626791429376,0.048016914149983506,cooldown_or_reentry_block
2021-05-23T08:00:00Z,0,0,0,0,0,0,-0,0,0,0,0,0,0,0,-0,0,0,0,0,0,0,0,0,0,False,1,99836.126817900731,team-10-v3-controlled,0,1,0.0088531695872505756,0.048016787021771701,cooldown_or_reentry_block
2021-05-23T16:00:00Z,-0.0035976753614373417,0.0069593049805343095,-0.010556980341971653,0,0,0,-0,9.9999999999999991e-05,4.9999999999999996e-05,-0.0037476753614373417,0.20000000000000001,0.20005650935641373,0.013337100623760922,0.10669680499008732,0.093359704366326401,37433.587441667056,17466.36207808691,0,0,0,0,0,0,0,False,1,99461.973425243952,team-10-v3-controlled,0,1,0.0088531695872505756,0.043961787336392298,cooldown_or_reentry_block
2021-05-24T00:00:00Z,0.00093972287409472503,0.001414863774112375,-0.00047514090001764985,-1.5005488685390615e-05,2.5208726884882112e-05,-4.0214215570272724e-05,-0,9.9998499451131468e-05,4.9999249725565734e-05,0.00077471963623263731,0.19999699890226294,0.018332987789552623,0.010144836883859866,0.014238912336706242,0.0040940754528463784,21715.983446416387,1823.8872564709675,0,0,0,0,0,0,0,False,1,99539.028569114933,team-10-v3-controlled,0.090099942207160083,1,0.012582483047868465,0.045823119001698609,position_stop+cooldown_or_reentry_block
2021-05-24T08:00:00Z,0,0,0,-2.4375047354953657e-07,-3.6187056809316589e-07,1.1812009454362932e-07,-0,1.0105939750787967e-05,5.0529698753939836e-06,-1.5402660099731487e-05,0.020211879501575936,0,0,0,-0,2011.8708511428754,0,0,0,0,0,0,0,0,False,1,99537.495403291221,team-10-v3-controlled,0.004567662826483211,1,0.011802923798229226,0.04591365352709581,position_stop+cooldown_or_reentry_block
2021-05-24T16:00:00Z,0,0,0,0,0,0,-0,0,0,0,0,0,0,0,-0,0,0,0,0,0,0,0,0,0,False,1,99537.495403291221,team-10-v3-controlled,0,1,0.01181790379205172,0.045913507399013072,cooldown_or_reentry_block
2021-05-25T00:00:00Z,0,0,0,0,0,0,-0,0,0,0,0,0,0,0,-0,0,0,0,0,0,0,0,0,0,False,1,99537.495403291221,team-10-v3-controlled,0,1,0.01181790379205172,0.045913507399013072,cooldown_or_reentry_block
2021-05-25T08:00:00Z,0,0,0,0,0,0,-0,0,0,0,0,0,0,0,-0,0,0,0,0,0,0,0,0,0,False,1,99537.495403291221,team-10-v3-controlled,0,1,0.01181790379205172,0.045913507399013072,cooldown_or_reentry_block
2021-05-25T16:00:00Z,0,0,0,0,0,0,-0,0,0,0,0,0,0,0,-0,0,0,0,0,0,0,0,0,0,False,1,99537.495403291221,team-10-v3-controlled,0,1,0.01181790379205172,0.045913507399013072,
2021-05-26T00:00:00Z,0,0,0,0,0,0,-0,0,0,0,0,0,0,0,-0,0,0,0,0,0,0,0,0,0,False,1,99537.495403291221,team-10-v3-controlled,0,1,0.01181790379205172,0.045913507399013072,
2021-05-26T08:00:00Z,0.00038232922510342596,-0.0050641529154501095,0.0054464821405535348,0,0,0,-0,0.0001,5.0000000000000002e-05,0.00023232922510342598,0.19999999999999998,0.20022992976668563,-6.9388939039072284e-18,0.10011496488334282,0.10011496488334282,39775.243744442429,19867.744663784186,0,0,0,0,0,0,0,False,1,99560.620872467,team-10-v3-controlled,0,1,0.01181790379205172,0.045913507399013072,
2021-05-26T16:00:00Z,0,0,0,-2.2082244274304864e-06,4.1658991912866321e-06,-6.3741236187171172e-06,-0,9.4722675626170223e-05,4.7361337813085111e-05,-0.00014429223786668581,0.18944535125234047,0,0,0,-0,18861.29679208561,0,0,0,0,0,0,0,0,False,1,99546.255047677914,team-10-v3-controlled,0.011231878384992209,1,0.011590502846194339,0.045923346982232695,position_stop+cooldown_or_reentry_block
2021-05-27T00:00:00Z,0,0,0,0,0,0,-0,0,0,0,0,0,0,0,-0,0,0,0,0,0,0,0,0,0,False,1,99546.255047677914,team-10-v3-controlled,0,1,0.01173094034458888,0.045924535097309128,cooldown_or_reentry_block
2021-05-27T08:00:00Z,0,0,0,0,0,0,-0,0,0,0,0,0,0,0,-0,0,0,0,0,0,0,0,0,0,False,1,99546.255047677914,team-10-v3-controlled,0,1,0.01173094034458888,0.045924535097309122,cooldown_or_reentry_block
2021-05-27T16:00:00Z,0,0,0,0,0,0,-0,0,0,0,0,0,0,0,-0,0,0,0,0,0,0,0,0,0,False,1,99546.255047677914,team-10-v3-controlled,0,1,0.01173094034458888,0.045924535097309128,cooldown_or_reentry_block
2021-05-28T00:00:00Z,0,0,0,0,0,0,-0,0,0,0,0,0,0,0,-0,0,0,0,0,0,0,0,0,0,False,1,99546.255047677914,team-10-v3-controlled,0,1,0.01173094034458888,0.045924535097309128,
2021-05-28T08:00:00Z,0,0,0,0,0,0,-0,0,0,0,0,0,0,0,-0,0,0,0,0,0,0,0,0,0,False,1,99546.255047677914,team-10-v3-controlled,0,1,0.01173094034458888,0.045924535097309122,
2021-05-28T16:00:00Z,0,0,0,0,0,0,-0,0,0,0,0,0,0,0,-0,0,0,0,0,0,0,0,0,0,False,1,99546.255047677914,team-10-v3-controlled,0,1,0.01173094034458888,0.045924535097309128,
2021-05-29T00:00:00Z,0,0,0,0,0,0,-0,0,0,0,0,0,0,0,-0,0,0,0,0,0,0,0,0,0,False,1,99546.255047677914,team-10-v3-controlled,0,1,0.01173094034458888,0.045924535097309128,
2021-05-29T08:00:00Z,0,0,0,0,0,0,-0,0,0,0,0,0,0,0,-0,0,0,0,0,0,0,0,0,0,False,1,99546.255047677914,team-10-v3-controlled,0,1,0.01173094034458888,0.045924535097309128,
2021-05-29T16:00:00Z,0,0,0,0,0,0,-0,0,0,0,0,0,0,0,-0,0,0,0,0,0,0,0,0,0,False,1,99546.255047677914,team-10-v3-controlled,0,1,0.01173094034458888,0.045924535097309122,
2021-05-30T00:00:00Z,0,0,0,0,0,0,-0,0,0,0,0,0,0,0,-0,0,0,0,0,0,0,0,0,0,False,1,99546.255047677914,team-10-v3-controlled,0,1,0.01173094034458888,0.045924535097309128,
2021-05-30T08:00:00Z,0,0,0,0,0,0,-0,0,0,0,0,0,0,0,-0,0,0,0,0,0,0,0,0,0,False,1,99546.255047677914,team-10-v3-controlled,0,1,0.01173094034458888,0.045924535097309128,
2021-05-30T16:00:00Z,0,0,0,0,0,0,-0,0,0,0,0,0,0,0,-0,0,0,0,0,0,0,0,0,0,False,1,99546.255047677914,team-10-v3-controlled,0,1,0.01173094034458888,0.045924535097309128,
2021-05-31T00:00:00Z,0,0,0,0,0,0,-0,0,0,0,0,0,0,0,-0,0,0,0,0,0,0,0,0,0,False,1,99546.255047677914,team-10-v3-controlled,0,1,0.01173094034458888,0.045924535097309122,
2021-05-31T08:00:00Z,0,0,0,0,0,0,-0,0,0,0,0,0,0,0,-0,0,0,0,0,0,0,0,0,0,False,1,99546.255047677914,team-10-v3-controlled,0,1,0.01173094034458888,0.045924535097309128,
2021-05-31T16:00:00Z,0,0,0,0,0,0,-0,0,0,0,0,0,0,0,-0,0,0,0,0,0,0,0,0,0,False,1,99546.255047677914,team-10-v3-controlled,0,1,0.01173094034458888,0.045924535097309128,
2021-06-01T00:00:00Z,0,0,0,0,0,0,-0,0,0,0,0,0,0,0,-0,0,0,0,0,0,0,0,0,0,False,1,99546.255047677914,team-10-v3-controlled,0,1,0.01173094034458888,0.045924535097309128,
2021-06-01T08:00:00Z,0,0,0,0,0,0,-0,0,0,0,0,0,0,0,-0,0,0,0,0,0,0,0,0,0,False,1,99546.255047677914,team-10-v3-controlled,0,1,0.01173094034458888,0.045924535097309128,
2021-06-01T16:00:00Z,0,0,0,0,0,0,-0,0,0,0,0,0,0,0,-0,0,0,0,0,0,0,0,0,0,False,1,99546.255047677914,team-10-v3-controlled,0,1,0.01173094034458888,0.045924535097309128,
2021-06-02T00:00:00Z,0,0,0,0,0,0,-0,0,0,0,0,0,0,0,-0,0,0,0,0,0,0,0,0,0,False,1,99546.255047677914,team-10-v3-controlled,0,1,0.01173094034458888,0.045924535097309128,
2021-06-02T08:00:00Z,0,0,0,0,0,0,-0,0,0,0,0,0,0,0,-0,0,0,0,0,0,0,0,0,0,False,1,99546.255047677914,team-10-v3-controlled,0,1,0.01173094034458888,0.045924535097309128,
2021-06-02T16:00:00Z,0,0,0,0,0,0,-0,0,0,0,0,0,0,0,-0,0,0,0,0,0,0,0,0,0,False,1,99546.255047677914,team-10-v3-controlled,0,1,0.01173094034458888,0.045924535097309128,
2021-06-03T00:00:00Z,0,0,0,0,0,0,-0,0,0,0,0,0,0,0,-0,0,0,0,0,0,0,0,0,0,False,1,99546.255047677914,team-10-v3-controlled,0,1,0.01173094034458888,0.045924535097309128,
2021-06-03T08:00:00Z,0,0,0,0,0,0,-0,0,0,0,0,0,0,0,-0,0,0,0,0,0,0,0,0,0,False,1,99546.255047677914,team-10-v3-controlled,0,1,0.01173094034458888,0.045924535097309128,
2021-06-03T16:00:00Z,0,0,0,0,0,0,-0,0,0,0,0,0,0,0,-0,0,0,0,0,0,0,0,0,0,False,1,99546.255047677914,team-10-v3-controlled,0,1,0.01173094034458888,0.045924535097309128,
2021-06-04T00:00:00Z,0,0,0,0,0,0,-0,0,0,0,0,0,0,0,-0,0,0,0,0,0,0,0,0,0,False,1,99546.255047677914,team-10-v3-controlled,0,1,0.01173094034458888,0.045856577322679191,
2021-06-04T08:00:00Z,0,0,0,0,0,0,-0,0,0,0,0,0,0,0,-0,0,0,0,0,0,0,0,0,0,False,1,99546.255047677914,team-10-v3-controlled,0,1,0.01173094034458888,0.045856580253307154,
2021-06-04T16:00:00Z,0,0,0,0,0,0,-0,0,0,0,0,0,0,0,-0,0,0,0,0,0,0,0,0,0,False,1,99546.255047677914,team-10-v3-controlled,0,1,0.01173094034458888,0.045856616702263472,
2021-06-05T00:00:00Z,0,0,0,0,0,0,-0,0,0,0,0,0,0,0,-0,0,0,0,0,0,0,0,0,0,False,1,99546.255047677914,team-10-v3-controlled,0,1,0.01173094034458888,0.045085954404458936,
2021-06-05T08:00:00Z,0,0,0,0,0,0,-0,0,0,0,0,0,0,0,-0,0,0,0,0,0,0,0,0,0,False,1,99546.255047677914,team-10-v3-controlled,0,1,0.01173094034458888,0.045083882690905658,
2021-06-05T16:00:00Z,0,0,0,0,0,0,-0,0,0,0,0,0,0,0,-0,0,0,0,0,0,0,0,0,0,False,1,99546.255047677914,team-10-v3-controlled,0,1,0.01173094034458888,0.045084028951859006,
2021-06-06T00:00:00Z,0,0,0,0,0,0,-0,0,0,0,0,0,0,0,-0,0,0,0,0,0,0,0,0,0,False,1,99546.255047677914,team-10-v3-controlled,0,1,0.01173094034458888,0.038404163353256388,
2021-06-06T08:00:00Z,0,0,0,0,0,0,-0,0,0,0,0,0,0,0,-0,0,0,0,0,0,0,0,0,0,False,1,99546.255047677914,team-10-v3-controlled,0,1,0.01173094034458888,0.038406772924418783,
2021-06-06T16:00:00Z,0,0,0,0,0,0,-0,0,0,0,0,0,0,0,-0,0,0,0,0,0,0,0,0,0,False,1,99546.255047677914,team-10-v3-controlled,0,1,0.01173094034458888,0.037932938385544374,
2021-06-07T00:00:00Z,0,0,0,0,0,0,-0,0,0,0,0,0,0,0,-0,0,0,0,0,0,0,0,0,0,False,1,99546.255047677914,team-10-v3-controlled,0,1,0.01173094034458888,0.037820280626511514,
2021-06-07T08:00:00Z,0,0,0,0,0,0,-0,0,0,0,0,0,0,0,-0,0,0,0,0,0,0,0,0,0,False,1,99546.255047677914,team-10-v3-controlled,0,1,0.01173094034458888,0.037821628652954742,
2021-06-07T16:00:00Z,0,0,0,0,0,0,-0,0,0,0,0,0,0,0,-0,0,0,0,0,0,0,0,0,0,False,1,99546.255047677914,team-10-v3-controlled,0,1,0.01173094034458888,0.037821628652954735,
2021-06-08T00:00:00Z,0,0,0,0,0,0,-0,0,0,0,0,0,0,0,-0,0,0,0,0,0,0,0,0,0,False,1,99546.255047677914,team-10-v3-controlled,0,1,0.01173094034458888,0.037262221986259454,
2021-06-08T08:00:00Z,0,0,0,0,0,0,-0,0,0,0,0,0,0,0,-0,0,0,0,0,0,0,0,0,0,False,1,99546.255047677914,team-10-v3-controlled,0,1,0.01173094034458888,0.037262461489817433,
2021-06-08T16:00:00Z,0,0,0,0,0,0,-0,0,0,0,0,0,0,0,-0,0,0,0,0,0,0,0,0,0,False,1,99546.255047677914,team-10-v3-controlled,0,1,0.01173094034458888,0.037262630472196169,
2021-06-09T00:00:00Z,0,0,0,0,0,0,-0,0,0,0,0,0,0,0,-0,0,0,0,0,0,0,0,0,0,False,1,99546.255047677914,team-10-v3-controlled,0,1,0.01173094034458888,0.037262630472196169,
2021-06-09T08:00:00Z,0,0,0,0,0,0,-0,0,0,0,0,0,0,0,-0,0,0,0,0,0,0,0,0,0,False,1,99546.255047677914,team-10-v3-controlled,0,1,0.01173094034458888,0.037262630472196169,
2021-06-09T16:00:00Z,0,0,0,0,0,0,-0,0,0,0,0,0,0,0,-0,0,0,0,0,0,0,0,0,0,False,1,99546.255047677914,team-10-v3-controlled,0,1,0.01173094034458888,0.037262630472196169,
2021-06-10T00:00:00Z,0,0,0,0,0,0,-0,0,0,0,0,0,0,0,-0,0,0,0,0,0,0,0,0,0,False,1,99546.255047677914,team-10-v3-controlled,0,1,0.01173094034458888,0.037262630472196169,
2021-06-10T08:00:00Z,0,0,0,0,0,0,-0,0,0,0,0,0,0,0,-0,0,0,0,0,0,0,0,0,0,False,1,99546.255047677914,team-10-v3-controlled,0,1,0.01173094034458888,0.037262630472196169,
2021-06-10T16:00:00Z,0,0,0,0,0,0,-0,0,0,0,0,0,0,0,-0,0,0,0,0,0,0,0,0,0,False,1,99546.255047677914,team-10-v3-controlled,0,1,0.01173094034458888,0.037262630472196169,
2021-06-11T00:00:00Z,0,0,0,0,0,0,-0,0,0,0,0,0,0,0,-0,0,0,0,0,0,0,0,0,0,False,1,99546.255047677914,team-10-v3-controlled,0,1,0.01173094034458888,0.037262630472196169,
2021-06-11T08:00:00Z,0,0,0,0,0,0,-0,0,0,0,0,0,0,0,-0,0,0,0,0,0,0,0,0,0,False,1,99546.255047677914,team-10-v3-controlled,0,1,0.01173094034458888,0.037262630472196169,
2021-06-11T16:00:00Z,0,0,0,0,0,0,-0,0,0,0,0,0,0,0,-0,0,0,0,0,0,0,0,0,0,False,1,99546.255047677914,team-10-v3-controlled,0,1,0.01173094034458888,0.037262630472196169,
2021-06-12T00:00:00Z,0,0,0,0,0,0,-0,0,0,0,0,0,0,0,-0,0,0,0,0,0,0,0,0,0,False,1,99546.255047677914,team-10-v3-controlled,0,1,0.01173094034458888,0.037262630472196169,
2021-06-12T08:00:00Z,0,0,0,0,0,0,-0,0,0,0,0,0,0,0,-0,0,0,0,0,0,0,0,0,0,False,1,99546.255047677914,team-10-v3-controlled,0,1,0.01173094034458888,0.037262630472196169,
2021-06-12T16:00:00Z,0,0,0,0,0,0,-0,0,0,0,0,0,0,0,-0,0,0,0,0,0,0,0,0,0,False,1,99546.255047677914,team-10-v3-controlled,0,1,0.01173094034458888,0.037262630472196169,
2021-06-13T00:00:00Z,0,0,0,0,0,0,-0,0,0,0,0,0,0,0,-0,0,0,0,0,0,0,0,0,0,False,1,99546.255047677914,team-10-v3-controlled,0,1,0.01173094034458888,0.037262630472196169,
2021-06-13T08:00:00Z,0,0,0,0,0,0,-0,0,0,0,0,0,0,0,-0,0,0,0,0,0,0,0,0,0,False,1,99546.255047677914,team-10-v3-controlled,0,1,0.01173094034458888,0.037262630472196169,
2021-06-13T16:00:00Z,0,0,0,0,0,0,-0,0,0,0,0,0,0,0,-0,0,0,0,0,0,0,0,0,0,False,1,99546.255047677914,team-10-v3-controlled,0,1,0.01173094034458888,0.037262630472196169,
2021-06-14T00:00:00Z,0,0,0,0,0,0,-0,0,0,0,0,0,0,0,-0,0,0,0,0,0,0,0,0,0,False,1,99546.255047677914,team-10-v3-controlled,0,1,0.01173094034458888,0.037190353162460499,
2021-06-14T08:00:00Z,0,0,0,0,0,0,-0,0,0,0,0,0,0,0,-0,0,0,0,0,0,0,0,0,0,False,1,99546.255047677914,team-10-v3-controlled,0,1,0.01173094034458888,0.037189614606952096,
2021-06-14T16:00:00Z,0,0,0,0,0,0,-0,0,0,0,0,0,0,0,-0,0,0,0,0,0,0,0,0,0,False,1,99546.255047677914,team-10-v3-controlled,0,1,0.01173094034458888,0.037189614606952096,
2021-06-15T00:00:00Z,0,0,0,0,0,0,-0,0,0,0,0,0,0,0,-0,0,0,0,0,0,0,0,0,0,False,1,99546.255047677914,team-10-v3-controlled,0,1,0.01173094034458888,0.037189614606952096,
2021-06-15T08:00:00Z,0,0,0,0,0,0,-0,0,0,0,0,0,0,0,-0,0,0,0,0,0,0,0,0,0,False,1,99546.255047677914,team-10-v3-controlled,0,1,0.01173094034458888,0.037189614606952096,
2021-06-15T16:00:00Z,0,0,0,0,0,0,-0,0,0,0,0,0,0,0,-0,0,0,0,0,0,0,0,0,0,False,1,99546.255047677914,team-10-v3-controlled,0,1,0.01173094034458888,0.037189614606952096,
2021-06-16T00:00:00Z,0,0,0,0,0,0,-0,0,0,0,0,0,0,0,-0,0,0,0,0,0,0,0,0,0,False,1,99546.255047677914,team-10-v3-controlled,0,1,0.01173094034458888,0.037189614606952096,
2021-06-16T08:00:00Z,0,0,0,0,0,0,-0,0,0,0,0,0,0,0,-0,0,0,0,0,0,0,0,0,0,False,1,99546.255047677914,team-10-v3-controlled,0,1,0.01173094034458888,0.037189614606952096,
2021-06-16T16:00:00Z,0,0,0,0,0,0,-0,0,0,0,0,0,0,0,-0,0,0,0,0,0,0,0,0,0,False,1,99546.255047677914,team-10-v3-controlled,0,1,0.01173094034458888,0.037188225439430518,
2021-06-17T00:00:00Z,0,0,0,0,0,0,-0,0,0,0,0,0,0,0,-0,0,0,0,0,0,0,0,0,0,False,1,99546.255047677914,team-10-v3-controlled,0,1,0.01173094034458888,0.037188038537148409,
2021-06-17T08:00:00Z,0,0,0,0,0,0,-0,0,0,0,0,0,0,0,-0,0,0,0,0,0,0,0,0,0,False,1,99546.255047677914,team-10-v3-controlled,0,1,0.01173094034458888,0.037188038537148409,
2021-06-17T16:00:00Z,0,0,0,0,0,0,-0,0,0,0,0,0,0,0,-0,0,0,0,0,0,0,0,0,0,False,1,99546.255047677914,team-10-v3-controlled,0,1,0.01173094034458888,0.036484642172269661,
2021-06-18T00:00:00Z,0,0,0,0,0,0,-0,0,0,0,0,0,0,0,-0,0,0,0,0,0,0,0,0,0,False,1,99546.255047677914,team-10-v3-controlled,0,1,0.01173094034458888,0.036485306308094358,
2021-06-18T08:00:00Z,0,0,0,0,0,0,-0,0,0,0,0,0,0,0,-0,0,0,0,0,0,0,0,0,0,False,1,99546.255047677914,team-10-v3-controlled,0,1,0.01173094034458888,0.036485306308094358,
2021-06-18T16:00:00Z,0,0,0,0,0,0,-0,0,0,0,0,0,0,0,-0,0,0,0,0,0,0,0,0,0,False,1,99546.255047677914,team-10-v3-controlled,0,1,0.01173094034458888,0.027471239848412304,
2021-06-19T00:00:00Z,0,0,0,0,0,0,-0,0,0,0,0,0,0,0,-0,0,0,0,0,0,0,0,0,0,False,1,99546.255047677914,team-10-v3-controlled,0,1,0.01173094034458888,0.023660859283872758,
2021-06-19T08:00:00Z,0,0,0,0,0,0,-0,0,0,0,0,0,0,0,-0,0,0,0,0,0,0,0,0,0,False,1,99546.255047677914,team-10-v3-controlled,0,1,0.01173094034458888,0.023661235914077317,
2021-06-19T16:00:00Z,0,0,0,0,0,0,-0,0,0,0,0,0,0,0,-0,0,0,0,0,0,0,0,0,0,False,1,99546.255047677914,team-10-v3-controlled,0,1,0.01173094034458888,0.018294349908293286,
2021-06-20T00:00:00Z,0,0,0,0,0,0,-0,0,0,0,0,0,0,0,-0,0,0,0,0,0,0,0,0,0,False,1,99546.255047677914,team-10-v3-controlled,0,1,0.01173094034458888,0.015607307013037348,
2021-06-20T08:00:00Z,0,0,0,0,0,0,-0,0,0,0,0,0,0,0,-0,0,0,0,0,0,0,0,0,0,False,1,99546.255047677914,team-10-v3-controlled,0,1,0.01173094034458888,0.015606636558528003,
2021-06-20T16:00:00Z,0,0,0,0,0,0,-0,0,0,0,0,0,0,0,-0,0,0,0,0,0,0,0,0,0,False,1,99546.255047677914,team-10-v3-controlled,0,1,0.01173094034458888,0.015606636558528002,
2021-06-21T00:00:00Z,0,0,0,0,0,0,-0,0,0,0,0,0,0,0,-0,0,0,0,0,0,0,0,0,0,False,1,99546.255047677914,team-10-v3-controlled,0,1,0.01173094034458888,0.013458326007170198,
2021-06-21T08:00:00Z,0,0,0,0,0,0,-0,0,0,0,0,0,0,0,-0,0,0,0,0,0,0,0,0,0,False,1,99546.255047677914,team-10-v3-controlled,0,1,0.01173094034458888,0.013455913006366102,
2021-06-21T16:00:00Z,0,0,0,0,0,0,-0,0,0,0,0,0,0,0,-0,0,0,0,0,0,0,0,0,0,False,1,99546.255047677914,team-10-v3-controlled,0,1,0.01173094034458888,0.013415203737130231,
2021-06-22T00:00:00Z,0,0,0,0,0,0,-0,0,0,0,0,0,0,0,-0,0,0,0,0,0,0,0,0,0,False,1,99546.255047677914,team-10-v3-controlled,0,1,0.01173094034458888,0.01341468559124894,
2021-06-22T08:00:00Z,0,0,0,0,0,0,-0,0,0,0,0,0,0,0,-0,0,0,0,0,0,0,0,0,0,False,1,99546.255047677914,team-10-v3-controlled,0,1,0.01173094034458888,0.013414891613772923,
2021-06-22T16:00:00Z,0,0,0,0,0,0,-0,0,0,0,0,0,0,0,-0,0,0,0,0,0,0,0,0,0,False,1,99546.255047677914,team-10-v3-controlled,0,1,0.01173094034458888,0.013414891613772923,
2021-06-23T00:00:00Z,0,0,0,0,0,0,-0,0,0,0,0,0,0,0,-0,0,0,0,0,0,0,0,0,0,False,1,99546.255047677914,team-10-v3-controlled,0,1,0.01173094034458888,0.0028652028295005467,
2021-06-23T08:00:00Z,0,0,0,0,0,0,-0,0,0,0,0,0,0,0,-0,0,0,0,0,0,0,0,0,0,False,1,99546.255047677914,team-10-v3-controlled,0,1,0.01173094034458888,0.00096044486831927875,
2021-06-23T16:00:00Z,0,0,0,0,0,0,-0,0,0,0,0,0,0,0,-0,0,0,0,0,0,0,0,0,0,False,1,99546.255047677914,team-10-v3-controlled,0,1,0.01173094034458888,0.00095874770346041484,
2021-06-24T00:00:00Z,0,0,0,0,0,0,-0,0,0,0,0,0,0,0,-0,0,0,0,0,0,0,0,0,0,False,1,99546.255047677914,team-10-v3-controlled,0,1,0.01173094034458888,0.00095874770346041484,
2021-06-24T08:00:00Z,0,0,0,0,0,0,-0,0,0,0,0,0,0,0,-0,0,0,0,0,0,0,0,0,0,False,1,99546.255047677914,team-10-v3-controlled,0,1,0.01173094034458888,0.00095874770346041484,
2021-06-24T16:00:00Z,0,0,0,0,0,0,-0,0,0,0,0,0,0,0,-0,0,0,0,0,0,0,0,0,0,False,1,99546.255047677914,team-10-v3-controlled,0,1,0.01173094034458888,0.00095874770346041484,
2021-06-25T00:00:00Z,0,0,0,0,0,0,-0,0,0,0,0,0,0,0,-0,0,0,0,0,0,0,0,0,0,False,1,99546.255047677914,team-10-v3-controlled,0,1,0.01173094034458888,0.00095874770346041484,
2021-06-25T08:00:00Z,0,0,0,0,0,0,-0,0,0,0,0,0,0,0,-0,0,0,0,0,0,0,0,0,0,False,1,99546.255047677914,team-10-v3-controlled,0,1,0.01173094034458888,0.00095874770346041484,
2021-06-25T16:00:00Z,0,0,0,0,0,0,-0,0,0,0,0,0,0,0,-0,0,0,0,0,0,0,0,0,0,False,1,99546.255047677914,team-10-v3-controlled,0,1,0.01173094034458888,0.00050330213644921484,
2021-06-26T00:00:00Z,0,0,0,0,0,0,-0,0,0,0,0,0,0,0,-0,0,0,0,0,0,0,0,0,0,False,1,99546.255047677914,team-10-v3-controlled,0,1,0.01173094034458888,0,
2021-06-26T08:00:00Z,0,0,0,0,0,0,-0,0,0,0,0,0,0,0,-0,0,0,0,0,0,0,0,0,0,False,1,99546.255047677914,team-10-v3-controlled,0,1,0.01173094034458888,0,
2021-06-26T16:00:00Z,0,0,0,0,0,0,-0,0,0,0,0,0,0,0,-0,0,0,0,0,0,0,0,0,0,False,1,99546.255047677914,team-10-v3-controlled,0,1,0.01173094034458888,0,
2021-06-27T00:00:00Z,0,0,0,0,0,0,-0,0,0,0,0,0,0,0,-0,0,0,0,0,0,0,0,0,0,False,1,99546.255047677914,team-10-v3-controlled,0,1,0.01173094034458888,0,
2021-06-27T08:00:00Z,0,0,0,0,0,0,-0,0,0,0,0,0,0,0,-0,0,0,0,0,0,0,0,0,0,False,1,99546.255047677914,team-10-v3-controlled,0,1,0.01173094034458888,0,
2021-06-27T16:00:00Z,0,0,0,0,0,0,-0,0,0,0,0,0,0,0,-0,0,0,0,0,0,0,0,0,0,False,1,99546.255047677914,team-10-v3-controlled,0,1,0.01173094034458888,0,
2021-06-28T00:00:00Z,0,0,0,0,0,0,-0,0,0,0,0,0,0,0,-0,0,0,0,0,0,0,0,0,0,False,1,99546.255047677914,team-10-v3-controlled,0,1,0.01173094034458888,0,
2021-06-28T08:00:00Z,0,0,0,0,0,0,-0,0,0,0,0,0,0,0,-0,0,0,0,0,0,0,0,0,0,False,1,99546.255047677914,team-10-v3-controlled,0,1,0.01173094034458888,0,
2021-06-28T16:00:00Z,0,0,0,0,0,0,-0,0,0,0,0,0,0,0,-0,0,0,0,0,0,0,0,0,0,False,1,99546.255047677914,team-10-v3-controlled,0,1,0.01173094034458888,0,
2021-06-29T00:00:00Z,0,0,0,0,0,0,-0,0,0,0,0,0,0,0,-0,0,0,0,0,0,0,0,0,0,False,1,99546.255047677914,team-10-v3-controlled,0,1,0.01173094034458888,0,
2021-06-29T08:00:00Z,0,0,0,0,0,0,-0,0,0,0,0,0,0,0,-0,0,0,0,0,0,0,0,0,0,False,1,99546.255047677914,team-10-v3-controlled,0,1,0.01173094034458888,0,
2021-06-29T16:00:00Z,0,0,0,0,0,0,-0,0,0,0,0,0,0,0,-0,0,0,0,0,0,0,0,0,0,False,1,99546.255047677914,team-10-v3-controlled,0,1,0.01173094034458888,0,
2021-06-30T00:00:00Z,0,0,0,0,0,0,-0,0,0,0,0,0,0,0,-0,0,0,0,0,0,0,0,0,0,False,1,99546.255047677914,team-10-v3-controlled,0,1,0.01173094034458888,0,
2021-06-30T08:00:00Z,0,0,0,0,0,0,-0,0,0,0,0,0,0,0,-0,0,0,0,0,0,0,0,0,0,False,1,99546.255047677914,team-10-v3-controlled,0,1,0.01173094034458888,0,
2021-06-30T16:00:00Z,0,0,0,0,0,0,-0,0,0,0,0,0,0,0,-0,0,0,0,0,0,0,0,0,0,False,1,99546.255047677914,team-10-v3-controlled,0,1,0.01173094034458888,0,
2021-07-01T00:00:00Z,0,0,0,0,0,0,-0,0,0,0,0,0,0,0,-0,0,0,0,0,0,0,0,0,0,False,1,99546.255047677914,team-10-v3-controlled,0,1,0.01173094034458888,0,
2021-07-01T08:00:00Z,0,0,0,0,0,0,-0,0,0,0,0,0,0,0,-0,0,0,0,0,0,0,0,0,0,False,1,99546.255047677914,team-10-v3-controlled,0,1,0.01173094034458888,0,
2021-07-01T16:00:00Z,0,0,0,0,0,0,-0,0,0,0,0,0,0,0,-0,0,0,0,0,0,0,0,0,0,False,1,99546.255047677914,team-10-v3-controlled,0,1,0.01173094034458888,0,
2021-07-02T00:00:00Z,0,0,0,0,0,0,-0,0,0,0,0,0,0,0,-0,0,0,0,0,0,0,0,0,0,False,1,99546.255047677914,team-10-v3-controlled,0,1,0.01173094034458888,0,
2021-07-02T08:00:00Z,0,0,0,0,0,0,-0,0,0,0,0,0,0,0,-0,0,0,0,0,0,0,0,0,0,False,1,99546.255047677914,team-10-v3-controlled,0,1,0.01173094034458888,0,
2021-07-02T16:00:00Z,0,0,0,0,0,0,-0,0,0,0,0,0,0,0,-0,0,0,0,0,0,0,0,0,0,False,1,99546.255047677914,team-10-v3-controlled,0,1,0.01173094034458888,0,
2021-07-03T00:00:00Z,0,0,0,0,0,0,-0,0,0,0,0,0,0,0,-0,0,0,0,0,0,0,0,0,0,False,1,99546.255047677914,team-10-v3-controlled,0,1,0.01173094034458888,0,
2021-07-03T08:00:00Z,0,0,0,0,0,0,-0,0,0,0,0,0,0,0,-0,0,0,0,0,0,0,0,0,0,False,1,99546.255047677914,team-10-v3-controlled,0,1,0.01173094034458888,0,
2021-07-03T16:00:00Z,0,0,0,0,0,0,-0,0,0,0,0,0,0,0,-0,0,0,0,0,0,0,0,0,0,False,1,99546.255047677914,team-10-v3-controlled,0,1,0.01173094034458888,0,
2021-07-04T00:00:00Z,0,0,0,0,0,0,-0,0,0,0,0,0,0,0,-0,0,0,0,0,0,0,0,0,0,False,1,99546.255047677914,team-10-v3-controlled,0,1,0.01173094034458888,0,
2021-07-04T08:00:00Z,0,0,0,0,0,0,-0,0,0,0,0,0,0,0,-0,0,0,0,0,0,0,0,0,0,False,1,99546.255047677914,team-10-v3-controlled,0,1,0.01173094034458888,0,
2021-07-04T16:00:00Z,0,0,0,0,0,0,-0,0,0,0,0,0,0,0,-0,0,0,0,0,0,0,0,0,0,False,1,99546.255047677914,team-10-v3-controlled,0,1,0.01173094034458888,0,
2021-07-05T00:00:00Z,0,0,0,0,0,0,-0,0,0,0,0,0,0,0,-0,0,0,0,0,0,0,0,0,0,False,1,99546.255047677914,team-10-v3-controlled,0,1,0.01173094034458888,0,
2021-07-05T08:00:00Z,0,0,0,0,0,0,-0,0,0,0,0,0,0,0,-0,0,0,0,0,0,0,0,0,0,False,1,99546.255047677914,team-10-v3-controlled,0,1,0.01173094034458888,0,
2021-07-05T16:00:00Z,0,0,0,0,0,0,-0,0,0,0,0,0,0,0,-0,0,0,0,0,0,0,0,0,0,False,1,99546.255047677914,team-10-v3-controlled,0,1,0.01173094034458888,0,
2021-07-06T00:00:00Z,0,0,0,0,0,0,-0,0,0,0,0,0,0,0,-0,0,0,0,0,0,0,0,0,0,False,1,99546.255047677914,team-10-v3-controlled,0,1,0.01173094034458888,0,
2021-07-06T08:00:00Z,0,0,0,0,0,0,-0,0,0,0,0,0,0,0,-0,0,0,0,0,0,0,0,0,0,False,1,99546.255047677914,team-10-v3-controlled,0,1,0.01173094034458888,0,
2021-07-06T16:00:00Z,0,0,0,0,0,0,-0,0,0,0,0,0,0,0,-0,0,0,0,0,0,0,0,0,0,False,1,99546.255047677914,team-10-v3-controlled,0,1,0.01173094034458888,0,
2021-07-07T00:00:00Z,0,0,0,0,0,0,-0,0,0,0,0,0,0,0,-0,0,0,0,0,0,0,0,0,0,False,1,99546.255047677914,team-10-v3-controlled,0,1,0.01173094034458888,0,
2021-07-07T08:00:00Z,0,0,0,0,0,0,-0,0,0,0,0,0,0,0,-0,0,0,0,0,0,0,0,0,0,False,1,99546.255047677914,team-10-v3-controlled,0,1,0.01173094034458888,0,
2021-07-07T16:00:00Z,0,0,0,0,0,0,-0,0,0,0,0,0,0,0,-0,0,0,0,0,0,0,0,0,0,False,1,99546.255047677914,team-10-v3-controlled,0,1,0.01173094034458888,0,
2021-07-08T00:00:00Z,0,0,0,0,0,0,-0,0,0,0,0,0,0,0,-0,0,0,0,0,0,0,0,0,0,False,1,99546.255047677914,team-10-v3-controlled,0,1,0.01173094034458888,0,
2021-07-08T08:00:00Z,0,0,0,0,0,0,-0,0,0,0,0,0,0,0,-0,0,0,0,0,0,0,0,0,0,False,1,99546.255047677914,team-10-v3-controlled,0,1,0.01173094034458888,0,
2021-07-08T16:00:00Z,0,0,0,0,0,0,-0,0,0,0,0,0,0,0,-0,0,0,0,0,0,0,0,0,0,False,1,99546.255047677914,team-10-v3-controlled,0,1,0.01173094034458888,0,
2021-07-09T00:00:00Z,0,0,0,0,0,0,-0,0,0,0,0,0,0,0,-0,0,0,0,0,0,0,0,0,0,False,1,99546.255047677914,team-10-v3-controlled,0,1,0.01173094034458888,0,
2021-07-09T08:00:00Z,0,0,0,0,0,0,-0,0,0,0,0,0,0,0,-0,0,0,0,0,0,0,0,0,0,False,1,99546.255047677914,team-10-v3-controlled,0,1,0.01173094034458888,0,
2021-07-09T16:00:00Z,0,0,0,0,0,0,-0,0,0,0,0,0,0,0,-0,0,0,0,0,0,0,0,0,0,False,1,99546.255047677914,team-10-v3-controlled,0,1,0.01173094034458888,0,
2021-07-10T00:00:00Z,0,0,0,0,0,0,-0,0,0,0,0,0,0,0,-0,0,0,0,0,0,0,0,0,0,False,1,99546.255047677914,team-10-v3-controlled,0,1,0.01173094034458888,0,
2021-07-10T08:00:00Z,0,0,0,0,0,0,-0,0,0,0,0,0,0,0,-0,0,0,0,0,0,0,0,0,0,False,1,99546.255047677914,team-10-v3-controlled,0,1,0.01173094034458888,0,
2021-07-10T16:00:00Z,0,0,0,0,0,0,-0,0,0,0,0,0,0,0,-0,0,0,0,0,0,0,0,0,0,False,1,99546.255047677914,team-10-v3-controlled,0,1,0.01173094034458888,0,
2021-07-11T00:00:00Z,0,0,0,0,0,0,-0,0,0,0,0,0,0,0,-0,0,0,0,0,0,0,0,0,0,False,1,99546.255047677914,team-10-v3-controlled,0,1,0.01173094034458888,0,
2021-07-11T08:00:00Z,0,0,0,0,0,0,-0,0,0,0,0,0,0,0,-0,0,0,0,0,0,0,0,0,0,False,1,99546.255047677914,team-10-v3-controlled,0,1,0.01173094034458888,0,
2021-07-11T16:00:00Z,0,0,0,0,0,0,-0,0,0,0,0,0,0,0,-0,0,0,0,0,0,0,0,0,0,False,1,99546.255047677914,team-10-v3-controlled,0,1,0.01173094034458888,0,
2021-07-12T00:00:00Z,0,0,0,0,0,0,-0,0,0,0,0,0,0,0,-0,0,0,0,0,0,0,0,0,0,False,1,99546.255047677914,team-10-v3-controlled,0,1,0.01173094034458888,0,
2021-07-12T08:00:00Z,0,0,0,0,0,0,-0,0,0,0,0,0,0,0,-0,0,0,0,0,0,0,0,0,0,False,1,99546.255047677914,team-10-v3-controlled,0,1,0.01173094034458888,0,
2021-07-12T16:00:00Z,0,0,0,0,0,0,-0,0,0,0,0,0,0,0,-0,0,0,0,0,0,0,0,0,0,False,1,99546.255047677914,team-10-v3-controlled,0,1,0.01173094034458888,0,
2021-07-13T00:00:00Z,0,0,0,0,0,0,-0,0,0,0,0,0,0,0,-0,0,0,0,0,0,0,0,0,0,False,1,99546.255047677914,team-10-v3-controlled,0,1,0.01173094034458888,0,
2021-07-13T08:00:00Z,0,0,0,0,0,0,-0,0,0,0,0,0,0,0,-0,0,0,0,0,0,0,0,0,0,False,1,99546.255047677914,team-10-v3-controlled,0,1,0.01173094034458888,0,
2021-07-13T16:00:00Z,0,0,0,0,0,0,-0,0,0,0,0,0,0,0,-0,0,0,0,0,0,0,0,0,0,False,1,99546.255047677914,team-10-v3-controlled,0,1,0.01173094034458888,0,
2021-07-14T00:00:00Z,0,0,0,0,0,0,-0,0,0,0,0,0,0,0,-0,0,0,0,0,0,0,0,0,0,False,1,99546.255047677914,team-10-v3-controlled,0,1,0.01173094034458888,0,
2021-07-14T08:00:00Z,0,0,0,0,0,0,-0,0,0,0,0,0,0,0,-0,0,0,0,0,0,0,0,0,0,False,1,99546.255047677914,team-10-v3-controlled,0,1,0.01173094034458888,0,
2021-07-14T16:00:00Z,0,0,0,0,0,0,-0,0,0,0,0,0,0,0,-0,0,0,0,0,0,0,0,0,0,False,1,99546.255047677914,team-10-v3-controlled,0,1,0.01173094034458888,0,
2021-07-15T00:00:00Z,0,0,0,0,0,0,-0,0,0,0,0,0,0,0,-0,0,0,0,0,0,0,0,0,0,False,1,99546.255047677914,team-10-v3-controlled,0,1,0.01173094034458888,0,
2021-07-15T08:00:00Z,0,0,0,0,0,0,-0,0,0,0,0,0,0,0,-0,0,0,0,0,0,0,0,0,0,False,1,99546.255047677914,team-10-v3-controlled,0,1,0.01173094034458888,0,
2021-07-15T16:00:00Z,0,0,0,0,0,0,-0,0,0,0,0,0,0,0,-0,0,0,0,0,0,0,0,0,0,False,1,99546.255047677914,team-10-v3-controlled,0,1,0.01173094034458888,0,
2021-07-16T00:00:00Z,0,0,0,0,0,0,-0,0,0,0,0,0,0,0,-0,0,0,0,0,0,0,0,0,0,False,1,99546.255047677914,team-10-v3-controlled,0,1,0.01173094034458888,0,
2021-07-16T08:00:00Z,0,0,0,0,0,0,-0,0,0,0,0,0,0,0,-0,0,0,0,0,0,0,0,0,0,False,1,99546.255047677914,team-10-v3-controlled,0,1,0.01173094034458888,0,
2021-07-16T16:00:00Z,0,0,0,0,0,0,-0,0,0,0,0,0,0,0,-0,0,0,0,0,0,0,0,0,0,False,1,99546.255047677914,team-10-v3-controlled,0,1,0.01173094034458888,0,
2021-07-17T00:00:00Z,0,0,0,0,0,0,-0,0,0,0,0,0,0,0,-0,0,0,0,0,0,0,0,0,0,False,1,99546.255047677914,team-10-v3-controlled,0,1,0.01173094034458888,0,
2021-07-17T08:00:00Z,0,0,0,0,0,0,-0,0,0,0,0,0,0,0,-0,0,0,0,0,0,0,0,0,0,False,1,99546.255047677914,team-10-v3-controlled,0,1,0.01173094034458888,0,
2021-07-17T16:00:00Z,0,0,0,0,0,0,-0,0,0,0,0,0,0,0,-0,0,0,0,0,0,0,0,0,0,False,1,99546.255047677914,team-10-v3-controlled,0,1,0.01173094034458888,0,
2021-07-18T00:00:00Z,0,0,0,0,0,0,-0,0,0,0,0,0,0,0,-0,0,0,0,0,0,0,0,0,0,False,1,99546.255047677914,team-10-v3-controlled,0,1,0.01173094034458888,0,
2021-07-18T08:00:00Z,0,0,0,0,0,0,-0,0,0,0,0,0,0,0,-0,0,0,0,0,0,0,0,0,0,False,1,99546.255047677914,team-10-v3-controlled,0,1,0.01173094034458888,0,
2021-07-18T16:00:00Z,0,0,0,0,0,0,-0,0,0,0,0,0,0,0,-0,0,0,0,0,0,0,0,0,0,False,1,99546.255047677914,team-10-v3-controlled,0,1,0.01173094034458888,0,
2021-07-19T00:00:00Z,0,0,0,0,0,0,-0,0,0,0,0,0,0,0,-0,0,0,0,0,0,0,0,0,0,False,1,99546.255047677914,team-10-v3-controlled,0,1,0.01173094034458888,0,
2021-07-19T08:00:00Z,0,0,0,0,0,0,-0,0,0,0,0,0,0,0,-0,0,0,0,0,0,0,0,0,0,False,1,99546.255047677914,team-10-v3-controlled,0,1,0.01173094034458888,0,
2021-07-19T16:00:00Z,0,0,0,0,0,0,-0,0,0,0,0,0,0,0,-0,0,0,0,0,0,0,0,0,0,False,1,99546.255047677914,team-10-v3-controlled,0,1,0.01173094034458888,0,
2021-07-20T00:00:00Z,0,0,0,0,0,0,-0,0,0,0,0,0,0,0,-0,0,0,0,0,0,0,0,0,0,False,1,99546.255047677914,team-10-v3-controlled,0,1,0.01173094034458888,0,
2021-07-20T08:00:00Z,0,0,0,0,0,0,-0,0,0,0,0,0,0,0,-0,0,0,0,0,0,0,0,0,0,False,1,99546.255047677914,team-10-v3-controlled,0,1,0.01173094034458888,0,
2021-07-20T16:00:00Z,0,0,0,0,0,0,-0,0,0,0,0,0,0,0,-0,0,0,0,0,0,0,0,0,0,False,1,99546.255047677914,team-10-v3-controlled,0,1,0.01173094034458888,0,
2021-07-21T00:00:00Z,0,0,0,0,0,0,-0,0,0,0,0,0,0,0,-0,0,0,0,0,0,0,0,0,0,False,1,99546.255047677914,team-10-v3-controlled,0,1,0.01173094034458888,0,
2021-07-21T08:00:00Z,0,0,0,0,0,0,-0,0,0,0,0,0,0,0,-0,0,0,0,0,0,0,0,0,0,False,1,99546.255047677914,team-10-v3-controlled,0,1,0.01173094034458888,0,
2021-07-21T16:00:00Z,0,0,0,0,0,0,-0,0,0,0,0,0,0,0,-0,0,0,0,0,0,0,0,0,0,False,1,99546.255047677914,team-10-v3-controlled,0,1,0.01173094034458888,0,
2021-07-22T00:00:00Z,0,0,0,0,0,0,-0,0,0,0,0,0,0,0,-0,0,0,0,0,0,0,0,0,0,False,1,99546.255047677914,team-10-v3-controlled,0,1,0.01173094034458888,0,
2021-07-22T08:00:00Z,0,0,0,0,0,0,-0,0,0,0,0,0,0,0,-0,0,0,0,0,0,0,0,0,0,False,1,99546.255047677914,team-10-v3-controlled,0,1,0.01173094034458888,0,
2021-07-22T16:00:00Z,0,0,0,0,0,0,-0,0,0,0,0,0,0,0,-0,0,0,0,0,0,0,0,0,0,False,1,99546.255047677914,team-10-v3-controlled,0,1,0.01173094034458888,0,
2021-07-23T00:00:00Z,0,0,0,0,0,0,-0,0,0,0,0,0,0,0,-0,0,0,0,0,0,0,0,0,0,False,1,99546.255047677914,team-10-v3-controlled,0,1,0.01173094034458888,0,
2021-07-23T08:00:00Z,0,0,0,0,0,0,-0,0,0,0,0,0,0,0,-0,0,0,0,0,0,0,0,0,0,False,1,99546.255047677914,team-10-v3-controlled,0,1,0.01173094034458888,0,
2021-07-23T16:00:00Z,0,0,0,0,0,0,-0,0,0,0,0,0,0,0,-0,0,0,0,0,0,0,0,0,0,False,1,99546.255047677914,team-10-v3-controlled,0,1,0.01173094034458888,0,
2021-07-24T00:00:00Z,0,0,0,0,0,0,-0,0,0,0,0,0,0,0,-0,0,0,0,0,0,0,0,0,0,False,1,99546.255047677914,team-10-v3-controlled,0,1,0.01173094034458888,0,
2021-07-24T08:00:00Z,0,0,0,0,0,0,-0,0,0,0,0,0,0,0,-0,0,0,0,0,0,0,0,0,0,False,1,99546.255047677914,team-10-v3-controlled,0,1,0.01173094034458888,0,
2021-07-24T16:00:00Z,0,0,0,0,0,0,-0,0,0,0,0,0,0,0,-0,0,0,0,0,0,0,0,0,0,False,1,99546.255047677914,team-10-v3-controlled,0,1,0.01173094034458888,0,
2021-07-25T00:00:00Z,0,0,0,0,0,0,-0,0,0,0,0,0,0,0,-0,0,0,0,0,0,0,0,0,0,False,1,99546.255047677914,team-10-v3-controlled,0,1,0.01173094034458888,0,
2021-07-25T08:00:00Z,0,0,0,0,0,0,-0,0,0,0,0,0,0,0,-0,0,0,0,0,0,0,0,0,0,False,1,99546.255047677914,team-10-v3-controlled,0,1,0.01173094034458888,0,
2021-07-25T16:00:00Z,0,0,0,0,0,0,-0,0,0,0,0,0,0,0,-0,0,0,0,0,0,0,0,0,0,False,1,99546.255047677914,team-10-v3-controlled,0,1,0.01173094034458888,0,
2021-07-26T00:00:00Z,0,0,0,0,0,0,-0,0,0,0,0,0,0,0,-0,0,0,0,0,0,0,0,0,0,False,1,99546.255047677914,team-10-v3-controlled,0,1,0.01173094034458888,0,
2021-07-26T08:00:00Z,0,0,0,0,0,0,-0,0,0,0,0,0,0,0,-0,0,0,0,0,0,0,0,0,0,False,1,99546.255047677914,team-10-v3-controlled,0,1,0.01173094034458888,0,
2021-07-26T16:00:00Z,0,0,0,0,0,0,-0,0,0,0,0,0,0,0,-0,0,0,0,0,0,0,0,0,0,False,1,99546.255047677914,team-10-v3-controlled,0,1,0.01173094034458888,0,
2021-07-27T00:00:00Z,0,0,0,0,0,0,-0,0,0,0,0,0,0,0,-0,0,0,0,0,0,0,0,0,0,False,1,99546.255047677914,team-10-v3-controlled,0,1,0.01173094034458888,0,
2021-07-27T08:00:00Z,0,0,0,0,0,0,-0,0,0,0,0,0,0,0,-0,0,0,0,0,0,0,0,0,0,False,1,99546.255047677914,team-10-v3-controlled,0,1,0.01173094034458888,0,
2021-07-27T16:00:00Z,0,0,0,0,0,0,-0,0,0,0,0,0,0,0,-0,0,0,0,0,0,0,0,0,0,False,1,99546.255047677914,team-10-v3-controlled,0,1,0.01173094034458888,0,
2021-07-28T00:00:00Z,0,0,0,0,0,0,-0,0,0,0,0,0,0,0,-0,0,0,0,0,0,0,0,0,0,False,1,99546.255047677914,team-10-v3-controlled,0,1,0.01173094034458888,0,
2021-07-28T08:00:00Z,0,0,0,0,0,0,-0,0,0,0,0,0,0,0,-0,0,0,0,0,0,0,0,0,0,False,1,99546.255047677914,team-10-v3-controlled,0,1,0.01173094034458888,0,
2021-07-28T16:00:00Z,0,0,0,0,0,0,-0,0,0,0,0,0,0,0,-0,0,0,0,0,0,0,0,0,0,False,1,99546.255047677914,team-10-v3-controlled,0,1,0.01173094034458888,0,
2021-07-29T00:00:00Z,0,0,0,0,0,0,-0,0,0,0,0,0,0,0,-0,0,0,0,0,0,0,0,0,0,False,1,99546.255047677914,team-10-v3-controlled,0,1,0.01173094034458888,0,
2021-07-29T08:00:00Z,0,0,0,0,0,0,-0,0,0,0,0,0,0,0,-0,0,0,0,0,0,0,0,0,0,False,1,99546.255047677914,team-10-v3-controlled,0,1,0.01173094034458888,0,
2021-07-29T16:00:00Z,0,0,0,0,0,0,-0,0,0,0,0,0,0,0,-0,0,0,0,0,0,0,0,0,0,False,1,99546.255047677914,team-10-v3-controlled,0,1,0.01173094034458888,0,
2021-07-30T00:00:00Z,0,0,0,0,0,0,-0,0,0,0,0,0,0,0,-0,0,0,0,0,0,0,0,0,0,False,1,99546.255047677914,team-10-v3-controlled,0,1,0.01173094034458888,0,
2021-07-30T08:00:00Z,0,0,0,0,0,0,-0,0,0,0,0,0,0,0,-0,0,0,0,0,0,0,0,0,0,False,1,99546.255047677914,team-10-v3-controlled,0,1,0.01173094034458888,0,
2021-07-30T16:00:00Z,0,0,0,0,0,0,-0,0,0,0,0,0,0,0,-0,0,0,0,0,0,0,0,0,0,False,1,99546.255047677914,team-10-v3-controlled,0,1,0.01173094034458888,0,
2021-07-31T00:00:00Z,0,0,0,0,0,0,-0,0,0,0,0,0,0,0,-0,0,0,0,0,0,0,0,0,0,False,1,99546.255047677914,team-10-v3-controlled,0,1,0.01173094034458888,0,
2021-07-31T08:00:00Z,0,0,0,0,0,0,-0,0,0,0,0,0,0,0,-0,0,0,0,0,0,0,0,0,0,False,1,99546.255047677914,team-10-v3-controlled,0,1,0.01173094034458888,0,
2021-07-31T16:00:00Z,0,0,0,0,0,0,-0,0,0,0,0,0,0,0,-0,0,0,0,0,0,0,0,0,0,False,1,99546.255047677914,team-10-v3-controlled,0,1,0.01173094034458888,0,
2021-08-01T00:00:00Z,0,0,0,0,0,0,-0,0,0,0,0,0,0,0,-0,0,0,0,0,0,0,0,0,0,False,1,99546.255047677914,team-10-v3-controlled,0,1,0.01173094034458888,0,
2021-08-01T08:00:00Z,0,0,0,0,0,0,-0,0,0,0,0,0,0,0,-0,0,0,0,0,0,0,0,0,0,False,1,99546.255047677914,team-10-v3-controlled,0,1,0.01173094034458888,0,
2021-08-01T16:00:00Z,0,0,0,0,0,0,-0,0,0,0,0,0,0,0,-0,0,0,0,0,0,0,0,0,0,False,1,99546.255047677914,team-10-v3-controlled,0,1,0.01173094034458888,0,
2021-08-02T00:00:00Z,0,0,0,0,0,0,-0,0,0,0,0,0,0,0,-0,0,0,0,0,0,0,0,0,0,False,1,99546.255047677914,team-10-v3-controlled,0,1,0.01173094034458888,0,
2021-08-02T08:00:00Z,0,0,0,0,0,0,-0,0,0,0,0,0,0,0,-0,0,0,0,0,0,0,0,0,0,False,1,99546.255047677914,team-10-v3-controlled,0,1,0.01173094034458888,0,
2021-08-02T16:00:00Z,0,0,0,0,0,0,-0,0,0,0,0,0,0,0,-0,0,0,0,0,0,0,0,0,0,False,1,99546.255047677914,team-10-v3-controlled,0,1,0.01173094034458888,0,
2021-08-03T00:00:00Z,0,0,0,0,0,0,-0,0,0,0,0,0,0,0,-0,0,0,0,0,0,0,0,0,0,False,1,99546.255047677914,team-10-v3-controlled,0,1,0.01173094034458888,0,
2021-08-03T08:00:00Z,0,0,0,0,0,0,-0,0,0,0,0,0,0,0,-0,0,0,0,0,0,0,0,0,0,False,1,99546.255047677914,team-10-v3-controlled,0,1,0.01173094034458888,0,
2021-08-03T16:00:00Z,0,0,0,0,0,0,-0,0,0,0,0,0,0,0,-0,0,0,0,0,0,0,0,0,0,False,1,99546.255047677914,team-10-v3-controlled,0,1,0.01173094034458888,0,
2021-08-04T00:00:00Z,0,0,0,0,0,0,-0,0,0,0,0,0,0,0,-0,0,0,0,0,0,0,0,0,0,False,1,99546.255047677914,team-10-v3-controlled,0,1,0.01173094034458888,0,
2021-08-04T08:00:00Z,0,0,0,0,0,0,-0,0,0,0,0,0,0,0,-0,0,0,0,0,0,0,0,0,0,False,1,99546.255047677914,team-10-v3-controlled,0,1,0.01173094034458888,0,
2021-08-04T16:00:00Z,0,0,0,0,0,0,-0,0,0,0,0,0,0,0,-0,0,0,0,0,0,0,0,0,0,False,1,99546.255047677914,team-10-v3-controlled,0,1,0.01173094034458888,0,
2021-08-05T00:00:00Z,0,0,0,0,0,0,-0,0,0,0,0,0,0,0,-0,0,0,0,0,0,0,0,0,0,False,1,99546.255047677914,team-10-v3-controlled,0,1,0.01173094034458888,0,
2021-08-05T08:00:00Z,0,0,0,0,0,0,-0,0,0,0,0,0,0,0,-0,0,0,0,0,0,0,0,0,0,False,1,99546.255047677914,team-10-v3-controlled,0,1,0.01173094034458888,0,
2021-08-05T16:00:00Z,0,0,0,0,0,0,-0,0,0,0,0,0,0,0,-0,0,0,0,0,0,0,0,0,0,False,1,99546.255047677914,team-10-v3-controlled,0,1,0.01173094034458888,0,
2021-08-06T00:00:00Z,0,0,0,0,0,0,-0,0,0,0,0,0,0,0,-0,0,0,0,0,0,0,0,0,0,False,1,99546.255047677914,team-10-v3-controlled,0,1,0.01173094034458888,0,
2021-08-06T08:00:00Z,0,0,0,0,0,0,-0,0,0,0,0,0,0,0,-0,0,0,0,0,0,0,0,0,0,False,1,99546.255047677914,team-10-v3-controlled,0,1,0.01173094034458888,0,
2021-08-06T16:00:00Z,0,0,0,0,0,0,-0,0,0,0,0,0,0,0,-0,0,0,0,0,0,0,0,0,0,False,1,99546.255047677914,team-10-v3-controlled,0,1,0.01173094034458888,0,
2021-08-07T00:00:00Z,0,0,0,0,0,0,-0,0,0,0,0,0,0,0,-0,0,0,0,0,0,0,0,0,0,False,1,99546.255047677914,team-10-v3-controlled,0,1,0.01173094034458888,0,
2021-08-07T08:00:00Z,0,0,0,0,0,0,-0,0,0,0,0,0,0,0,-0,0,0,0,0,0,0,0,0,0,False,1,99546.255047677914,team-10-v3-controlled,0,1,0.01173094034458888,0,
2021-08-07T16:00:00Z,0,0,0,0,0,0,-0,0,0,0,0,0,0,0,-0,0,0,0,0,0,0,0,0,0,False,1,99546.255047677914,team-10-v3-controlled,0,1,0.01173094034458888,0,
2021-08-08T00:00:00Z,0,0,0,0,0,0,-0,0,0,0,0,0,0,0,-0,0,0,0,0,0,0,0,0,0,False,1,99546.255047677914,team-10-v3-controlled,0,1,0.01173094034458888,0,
2021-08-08T08:00:00Z,0,0,0,0,0,0,-0,0,0,0,0,0,0,0,-0,0,0,0,0,0,0,0,0,0,False,1,99546.255047677914,team-10-v3-controlled,0,1,0.01173094034458888,0,
2021-08-08T16:00:00Z,0,0,0,0,0,0,-0,0,0,0,0,0,0,0,-0,0,0,0,0,0,0,0,0,0,False,1,99546.255047677914,team-10-v3-controlled,0,1,0.01173094034458888,0,
2021-08-09T00:00:00Z,0,0,0,0,0,0,-0,0,0,0,0,0,0,0,-0,0,0,0,0,0,0,0,0,0,False,1,99546.255047677914,team-10-v3-controlled,0,1,0.01173094034458888,0,
2021-08-09T08:00:00Z,0,0,0,0,0,0,-0,0,0,0,0,0,0,0,-0,0,0,0,0,0,0,0,0,0,False,1,99546.255047677914,team-10-v3-controlled,0,1,0.01173094034458888,0,
2021-08-09T16:00:00Z,0,0,0,0,0,0,-0,0,0,0,0,0,0,0,-0,0,0,0,0,0,0,0,0,0,False,1,99546.255047677914,team-10-v3-controlled,0,1,0.01173094034458888,0,
2021-08-10T00:00:00Z,0,0,0,0,0,0,-0,0,0,0,0,0,0,0,-0,0,0,0,0,0,0,0,0,0,False,1,99546.255047677914,team-10-v3-controlled,0,1,0.01173094034458888,0,
2021-08-10T08:00:00Z,0,0,0,0,0,0,-0,0,0,0,0,0,0,0,-0,0,0,0,0,0,0,0,0,0,False,1,99546.255047677914,team-10-v3-controlled,0,1,0.01173094034458888,0,
2021-08-10T16:00:00Z,0,0,0,0,0,0,-0,0,0,0,0,0,0,0,-0,0,0,0,0,0,0,0,0,0,False,1,99546.255047677914,team-10-v3-controlled,0,1,0.01173094034458888,0,
2021-08-11T00:00:00Z,0,0,0,0,0,0,-0,0,0,0,0,0,0,0,-0,0,0,0,0,0,0,0,0,0,False,1,99546.255047677914,team-10-v3-controlled,0,1,0.01173094034458888,0,
2021-08-11T08:00:00Z,0,0,0,0,0,0,-0,0,0,0,0,0,0,0,-0,0,0,0,0,0,0,0,0,0,False,1,99546.255047677914,team-10-v3-controlled,0,1,0.01173094034458888,0,
2021-08-11T16:00:00Z,0,0,0,0,0,0,-0,0,0,0,0,0,0,0,-0,0,0,0,0,0,0,0,0,0,False,1,99546.255047677914,team-10-v3-controlled,0,1,0.01173094034458888,0,
2021-08-12T00:00:00Z,0,0,0,0,0,0,-0,0,0,0,0,0,0,0,-0,0,0,0,0,0,0,0,0,0,False,1,99546.255047677914,team-10-v3-controlled,0,1,0.01173094034458888,0,
2021-08-12T08:00:00Z,0,0,0,0,0,0,-0,0,0,0,0,0,0,0,-0,0,0,0,0,0,0,0,0,0,False,1,99546.255047677914,team-10-v3-controlled,0,1,0.01173094034458888,0,
2021-08-12T16:00:00Z,0,0,0,0,0,0,-0,0,0,0,0,0,0,0,-0,0,0,0,0,0,0,0,0,0,False,1,99546.255047677914,team-10-v3-controlled,0,1,0.01173094034458888,0,
2021-08-13T00:00:00Z,0,0,0,0,0,0,-0,0,0,0,0,0,0,0,-0,0,0,0,0,0,0,0,0,0,False,1,99546.255047677914,team-10-v3-controlled,0,1,0.01173094034458888,0,
2021-08-13T08:00:00Z,0,0,0,0,0,0,-0,0,0,0,0,0,0,0,-0,0,0,0,0,0,0,0,0,0,False,1,99546.255047677914,team-10-v3-controlled,0,1,0.01173094034458888,0,
2021-08-13T16:00:00Z,0,0,0,0,0,0,-0,0,0,0,0,0,0,0,-0,0,0,0,0,0,0,0,0,0,False,1,99546.255047677914,team-10-v3-controlled,0,1,0.01173094034458888,0,
2021-08-14T00:00:00Z,0,0,0,0,0,0,-0,0,0,0,0,0,0,0,-0,0,0,0,0,0,0,0,0,0,False,1,99546.255047677914,team-10-v3-controlled,0,1,0.01173094034458888,0,
2021-08-14T08:00:00Z,0,0,0,0,0,0,-0,0,0,0,0,0,0,0,-0,0,0,0,0,0,0,0,0,0,False,1,99546.255047677914,team-10-v3-controlled,0,1,0.01173094034458888,0,
2021-08-14T16:00:00Z,0,0,0,0,0,0,-0,0,0,0,0,0,0,0,-0,0,0,0,0,0,0,0,0,0,False,1,99546.255047677914,team-10-v3-controlled,0,1,0.01173094034458888,0,
2021-08-15T00:00:00Z,0,0,0,0,0,0,-0,0,0,0,0,0,0,0,-0,0,0,0,0,0,0,0,0,0,False,1,99546.255047677914,team-10-v3-controlled,0,1,0.01173094034458888,0,
2021-08-15T08:00:00Z,0,0,0,0,0,0,-0,0,0,0,0,0,0,0,-0,0,0,0,0,0,0,0,0,0,False,1,99546.255047677914,team-10-v3-controlled,0,1,0.01173094034458888,0,
2021-08-15T16:00:00Z,0,0,0,0,0,0,-0,0,0,0,0,0,0,0,-0,0,0,0,0,0,0,0,0,0,False,1,99546.255047677914,team-10-v3-controlled,0,1,0.01173094034458888,0,
2021-08-16T00:00:00Z,0,0,0,0,0,0,-0,0,0,0,0,0,0,0,-0,0,0,0,0,0,0,0,0,0,False,1,99546.255047677914,team-10-v3-controlled,0,1,0.01173094034458888,0,
2021-08-16T08:00:00Z,0,0,0,0,0,0,-0,0,0,0,0,0,0,0,-0,0,0,0,0,0,0,0,0,0,False,1,99546.255047677914,team-10-v3-controlled,0,1,0.01173094034458888,0,
2021-08-16T16:00:00Z,0,0,0,0,0,0,-0,0,0,0,0,0,0,0,-0,0,0,0,0,0,0,0,0,0,False,1,99546.255047677914,team-10-v3-controlled,0,1,0.01173094034458888,0,
2021-08-17T00:00:00Z,0,0,0,0,0,0,-0,0,0,0,0,0,0,0,-0,0,0,0,0,0,0,0,0,0,False,1,99546.255047677914,team-10-v3-controlled,0,1,0.01173094034458888,0,
2021-08-17T08:00:00Z,0,0,0,0,0,0,-0,0,0,0,0,0,0,0,-0,0,0,0,0,0,0,0,0,0,False,1,99546.255047677914,team-10-v3-controlled,0,1,0.01173094034458888,0,
2021-08-17T16:00:00Z,0,0,0,0,0,0,-0,0,0,0,0,0,0,0,-0,0,0,0,0,0,0,0,0,0,False,1,99546.255047677914,team-10-v3-controlled,0,1,0.01173094034458888,0,
2021-08-18T00:00:00Z,0,0,0,0,0,0,-0,0,0,0,0,0,0,0,-0,0,0,0,0,0,0,0,0,0,False,1,99546.255047677914,team-10-v3-controlled,0,1,0.01173094034458888,0,
2021-08-18T08:00:00Z,0,0,0,0,0,0,-0,0,0,0,0,0,0,0,-0,0,0,0,0,0,0,0,0,0,False,1,99546.255047677914,team-10-v3-controlled,0,1,0.01173094034458888,0,
2021-08-18T16:00:00Z,0,0,0,0,0,0,-0,0,0,0,0,0,0,0,-0,0,0,0,0,0,0,0,0,0,False,1,99546.255047677914,team-10-v3-controlled,0,1,0.01173094034458888,0,
2021-08-19T00:00:00Z,0,0,0,0,0,0,-0,0,0,0,0,0,0,0,-0,0,0,0,0,0,0,0,0,0,False,1,99546.255047677914,team-10-v3-controlled,0,1,0.01173094034458888,0,
2021-08-19T08:00:00Z,0,0,0,0,0,0,-0,0,0,0,0,0,0,0,-0,0,0,0,0,0,0,0,0,0,False,1,99546.255047677914,team-10-v3-controlled,0,1,0.01173094034458888,0,
2021-08-19T16:00:00Z,0,0,0,0,0,0,-0,0,0,0,0,0,0,0,-0,0,0,0,0,0,0,0,0,0,False,1,99546.255047677914,team-10-v3-controlled,0,1,0.01173094034458888,0,
2021-08-20T00:00:00Z,0,0,0,0,0,0,-0,0,0,0,0,0,0,0,-0,0,0,0,0,0,0,0,0,0,False,1,99546.255047677914,team-10-v3-controlled,0,1,0.01173094034458888,0,
2021-08-20T08:00:00Z,0,0,0,0,0,0,-0,0,0,0,0,0,0,0,-0,0,0,0,0,0,0,0,0,0,False,1,99546.255047677914,team-10-v3-controlled,0,1,0.01173094034458888,0,
2021-08-20T16:00:00Z,0,0,0,0,0,0,-0,0,0,0,0,0,0,0,-0,0,0,0,0,0,0,0,0,0,False,1,99546.255047677914,team-10-v3-controlled,0,1,0.01173094034458888,0,
2021-08-21T00:00:00Z,0,0,0,0,0,0,-0,0,0,0,0,0,0,0,-0,0,0,0,0,0,0,0,0,0,False,1,99546.255047677914,team-10-v3-controlled,0,1,0.01173094034458888,0,
2021-08-21T08:00:00Z,0,0,0,0,0,0,-0,0,0,0,0,0,0,0,-0,0,0,0,0,0,0,0,0,0,False,1,99546.255047677914,team-10-v3-controlled,0,1,0.01173094034458888,0,
2021-08-21T16:00:00Z,0,0,0,0,0,0,-0,0,0,0,0,0,0,0,-0,0,0,0,0,0,0,0,0,0,False,1,99546.255047677914,team-10-v3-controlled,0,1,0.01173094034458888,0,
2021-08-22T00:00:00Z,0,0,0,0,0,0,-0,0,0,0,0,0,0,0,-0,0,0,0,0,0,0,0,0,0,False,1,99546.255047677914,team-10-v3-controlled,0,1,0.01173094034458888,0,
2021-08-22T08:00:00Z,0,0,0,0,0,0,-0,0,0,0,0,0,0,0,-0,0,0,0,0,0,0,0,0,0,False,1,99546.255047677914,team-10-v3-controlled,0,1,0.01173094034458888,0,
2021-08-22T16:00:00Z,0,0,0,0,0,0,-0,0,0,0,0,0,0,0,-0,0,0,0,0,0,0,0,0,0,False,1,99546.255047677914,team-10-v3-controlled,0,1,0.01173094034458888,0,
2021-08-23T00:00:00Z,0,0,0,0,0,0,-0,0,0,0,0,0,0,0,-0,0,0,0,0,0,0,0,0,0,False,1,99546.255047677914,team-10-v3-controlled,0,1,0.01173094034458888,0,
2021-08-23T08:00:00Z,0,0,0,0,0,0,-0,0,0,0,0,0,0,0,-0,0,0,0,0,0,0,0,0,0,False,1,99546.255047677914,team-10-v3-controlled,0,1,0.01173094034458888,0,
2021-08-23T16:00:00Z,0,0,0,0,0,0,-0,0,0,0,0,0,0,0,-0,0,0,0,0,0,0,0,0,0,False,1,99546.255047677914,team-10-v3-controlled,0,1,0.01173094034458888,0,
2021-08-24T00:00:00Z,0,0,0,0,0,0,-0,0,0,0,0,0,0,0,-0,0,0,0,0,0,0,0,0,0,False,1,99546.255047677914,team-10-v3-controlled,0,1,0.01173094034458888,0,
2021-08-24T08:00:00Z,0,0,0,0,0,0,-0,0,0,0,0,0,0,0,-0,0,0,0,0,0,0,0,0,0,False,1,99546.255047677914,team-10-v3-controlled,0,1,0.01173094034458888,0,
2021-08-24T16:00:00Z,0,0,0,0,0,0,-0,0,0,0,0,0,0,0,-0,0,0,0,0,0,0,0,0,0,False,1,99546.255047677914,team-10-v3-controlled,0,1,0.01173094034458888,0,
2021-08-25T00:00:00Z,0,0,0,0,0,0,-0,0,0,0,0,0,0,0,-0,0,0,0,0,0,0,0,0,0,False,1,99546.255047677914,team-10-v3-controlled,0,1,0.01173094034458888,0,
2021-08-25T08:00:00Z,0,0,0,0,0,0,-0,0,0,0,0,0,0,0,-0,0,0,0,0,0,0,0,0,0,False,1,99546.255047677914,team-10-v3-controlled,0,1,0.01173094034458888,0,
2021-08-25T16:00:00Z,0,0,0,0,0,0,-0,0,0,0,0,0,0,0,-0,0,0,0,0,0,0,0,0,0,False,1,99546.255047677914,team-10-v3-controlled,0,1,0.01173094034458888,0,
2021-08-26T00:00:00Z,0,0,0,0,0,0,-0,0,0,0,0,0,0,0,-0,0,0,0,0,0,0,0,0,0,False,1,99546.255047677914,team-10-v3-controlled,0,1,0.01173094034458888,0,
2021-08-26T08:00:00Z,0,0,0,0,0,0,-0,0,0,0,0,0,0,0,-0,0,0,0,0,0,0,0,0,0,False,1,99546.255047677914,team-10-v3-controlled,0,1,0.01173094034458888,0,
2021-08-26T16:00:00Z,0,0,0,0,0,0,-0,0,0,0,0,0,0,0,-0,0,0,0,0,0,0,0,0,0,False,1,99546.255047677914,team-10-v3-controlled,0,1,0.01173094034458888,0,
2021-08-27T00:00:00Z,0,0,0,0,0,0,-0,0,0,0,0,0,0,0,-0,0,0,0,0,0,0,0,0,0,False,1,99546.255047677914,team-10-v3-controlled,0,1,0.01173094034458888,0,
2021-08-27T08:00:00Z,0,0,0,0,0,0,-0,0,0,0,0,0,0,0,-0,0,0,0,0,0,0,0,0,0,False,1,99546.255047677914,team-10-v3-controlled,0,1,0.01173094034458888,0,
2021-08-27T16:00:00Z,0,0,0,0,0,0,-0,0,0,0,0,0,0,0,-0,0,0,0,0,0,0,0,0,0,False,1,99546.255047677914,team-10-v3-controlled,0,1,0.01173094034458888,0,
2021-08-28T00:00:00Z,0,0,0,0,0,0,-0,0,0,0,0,0,0,0,-0,0,0,0,0,0,0,0,0,0,False,1,99546.255047677914,team-10-v3-controlled,0,1,0.01173094034458888,0,
2021-08-28T08:00:00Z,0,0,0,0,0,0,-0,0,0,0,0,0,0,0,-0,0,0,0,0,0,0,0,0,0,False,1,99546.255047677914,team-10-v3-controlled,0,1,0.01173094034458888,0,
2021-08-28T16:00:00Z,0,0,0,0,0,0,-0,0,0,0,0,0,0,0,-0,0,0,0,0,0,0,0,0,0,False,1,99546.255047677914,team-10-v3-controlled,0,1,0.01173094034458888,0,
2021-08-29T00:00:00Z,0,0,0,0,0,0,-0,0,0,0,0,0,0,0,-0,0,0,0,0,0,0,0,0,0,False,1,99546.255047677914,team-10-v3-controlled,0,1,0.01173094034458888,0,
2021-08-29T08:00:00Z,0,0,0,0,0,0,-0,0,0,0,0,0,0,0,-0,0,0,0,0,0,0,0,0,0,False,1,99546.255047677914,team-10-v3-controlled,0,1,0.01173094034458888,0,
2021-08-29T16:00:00Z,0,0,0,0,0,0,-0,0,0,0,0,0,0,0,-0,0,0,0,0,0,0,0,0,0,False,1,99546.255047677914,team-10-v3-controlled,0,1,0.01173094034458888,0,
2021-08-30T00:00:00Z,0,0,0,0,0,0,-0,0,0,0,0,0,0,0,-0,0,0,0,0,0,0,0,0,0,False,1,99546.255047677914,team-10-v3-controlled,0,1,0.01173094034458888,0,
2021-08-30T08:00:00Z,0,0,0,0,0,0,-0,0,0,0,0,0,0,0,-0,0,0,0,0,0,0,0,0,0,False,1,99546.255047677914,team-10-v3-controlled,0,1,0.01173094034458888,0,
2021-08-30T16:00:00Z,0,0,0,0,0,0,-0,0,0,0,0,0,0,0,-0,0,0,0,0,0,0,0,0,0,False,1,99546.255047677914,team-10-v3-controlled,0,1,0.01173094034458888,0,
2021-08-31T00:00:00Z,0,0,0,0,0,0,-0,0,0,0,0,0,0,0,-0,0,0,0,0,0,0,0,0,0,False,1,99546.255047677914,team-10-v3-controlled,0,1,0.01173094034458888,0,
2021-08-31T08:00:00Z,0,0,0,0,0,0,-0,0,0,0,0,0,0,0,-0,0,0,0,0,0,0,0,0,0,False,1,99546.255047677914,team-10-v3-controlled,0,1,0.01173094034458888,0,
2021-08-31T16:00:00Z,0,0,0,0,0,0,-0,0,0,0,0,0,0,0,-0,0,0,0,0,0,0,0,0,0,False,1,99546.255047677914,team-10-v3-controlled,0,1,0.01173094034458888,0,
2021-09-01T00:00:00Z,0,0,0,0,0,0,-0,0,0,0,0,0,0,0,-0,0,0,0,0,0,0,0,0,0,False,1,99546.255047677914,team-10-v3-controlled,0,1,0.01173094034458888,0,
2021-09-01T08:00:00Z,0,0,0,0,0,0,-0,0,0,0,0,0,0,0,-0,0,0,0,0,0,0,0,0,0,False,1,99546.255047677914,team-10-v3-controlled,0,1,0.01173094034458888,0,
2021-09-01T16:00:00Z,0,0,0,0,0,0,-0,0,0,0,0,0,0,0,-0,0,0,0,0,0,0,0,0,0,False,1,99546.255047677914,team-10-v3-controlled,0,1,0.01173094034458888,0,
2021-09-02T00:00:00Z,0,0,0,0,0,0,-0,0,0,0,0,0,0,0,-0,0,0,0,0,0,0,0,0,0,False,1,99546.255047677914,team-10-v3-controlled,0,1,0.01173094034458888,0,
2021-09-02T08:00:00Z,0,0,0,0,0,0,-0,0,0,0,0,0,0,0,-0,0,0,0,0,0,0,0,0,0,False,1,99546.255047677914,team-10-v3-controlled,0,1,0.01173094034458888,0,
2021-09-02T16:00:00Z,0,0,0,0,0,0,-0,0,0,0,0,0,0,0,-0,0,0,0,0,0,0,0,0,0,False,1,99546.255047677914,team-10-v3-controlled,0,1,0.01173094034458888,0,
2021-09-03T00:00:00Z,0,0,0,0,0,0,-0,0,0,0,0,0,0,0,-0,0,0,0,0,0,0,0,0,0,False,1,99546.255047677914,team-10-v3-controlled,0,1,0.01173094034458888,0,
2021-09-03T08:00:00Z,0,0,0,0,0,0,-0,0,0,0,0,0,0,0,-0,0,0,0,0,0,0,0,0,0,False,1,99546.255047677914,team-10-v3-controlled,0,1,0.01173094034458888,0,
2021-09-03T16:00:00Z,0,0,0,0,0,0,-0,0,0,0,0,0,0,0,-0,0,0,0,0,0,0,0,0,0,False,1,99546.255047677914,team-10-v3-controlled,0,1,0.01173094034458888,0,
2021-09-04T00:00:00Z,0,0,0,0,0,0,-0,0,0,0,0,0,0,0,-0,0,0,0,0,0,0,0,0,0,False,1,99546.255047677914,team-10-v3-controlled,0,1,0.01173094034458888,0,
2021-09-04T08:00:00Z,0,0,0,0,0,0,-0,0,0,0,0,0,0,0,-0,0,0,0,0,0,0,0,0,0,False,1,99546.255047677914,team-10-v3-controlled,0,1,0.01173094034458888,0,
2021-09-04T16:00:00Z,0,0,0,0,0,0,-0,0,0,0,0,0,0,0,-0,0,0,0,0,0,0,0,0,0,False,1,99546.255047677914,team-10-v3-controlled,0,1,0.01173094034458888,0,
2021-09-05T00:00:00Z,0,0,0,0,0,0,-0,0,0,0,0,0,0,0,-0,0,0,0,0,0,0,0,0,0,False,1,99546.255047677914,team-10-v3-controlled,0,1,0.01173094034458888,0,
2021-09-05T08:00:00Z,0,0,0,0,0,0,-0,0,0,0,0,0,0,0,-0,0,0,0,0,0,0,0,0,0,False,1,99546.255047677914,team-10-v3-controlled,0,1,0.01173094034458888,0,
2021-09-05T16:00:00Z,0,0,0,0,0,0,-0,0,0,0,0,0,0,0,-0,0,0,0,0,0,0,0,0,0,False,1,99546.255047677914,team-10-v3-controlled,0,1,0.01173094034458888,0,
2021-09-06T00:00:00Z,0,0,0,0,0,0,-0,0,0,0,0,0,0,0,-0,0,0,0,0,0,0,0,0,0,False,1,99546.255047677914,team-10-v3-controlled,0,1,0.01173094034458888,0,
2021-09-06T08:00:00Z,0,0,0,0,0,0,-0,0,0,0,0,0,0,0,-0,0,0,0,0,0,0,0,0,0,False,1,99546.255047677914,team-10-v3-controlled,0,1,0.01173094034458888,0,
2021-09-06T16:00:00Z,0,0,0,0,0,0,-0,0,0,0,0,0,0,0,-0,0,0,0,0,0,0,0,0,0,False,1,99546.255047677914,team-10-v3-controlled,0,1,0.01173094034458888,0,
2021-09-07T00:00:00Z,0,0,0,0,0,0,-0,0,0,0,0,0,0,0,-0,0,0,0,0,0,0,0,0,0,False,1,99546.255047677914,team-10-v3-controlled,0,1,0.01173094034458888,0,
2021-09-07T08:00:00Z,0,0,0,0,0,0,-0,0,0,0,0,0,0,0,-0,0,0,0,0,0,0,0,0,0,False,1,99546.255047677914,team-10-v3-controlled,0,1,0.01173094034458888,0,
2021-09-07T16:00:00Z,0.00099761191973211363,0.0020614993499576471,-0.0010638874302255335,0,0,0,-0,0.0001,5.0000000000000002e-05,0.00084761191973211367,0.20000000000000001,0.2000766544363774,6.9388939039072284e-18,0.1000383272181887,0.1000383272181887,39809.217924611548,19899.966915075966,0,0,0,0,0,0,0,False,1,99630.63164002102,team-10-v3-controlled,0,1,0.01173094034458888,0,
2021-09-08T00:00:00Z,1.8985403630625426e-05,-0.00010809043007086448,0.00012707583370148988,3.4078257009981968e-06,-6.6017136206184515e-06,1.0009539321616648e-05,-0,0.00010000034078257012,5.0000170391285061e-05,-0.00012760728184223159,0.20000068156514025,0.0029510894375955935,1.3802558877259725e-05,0.0014824459982364267,0.001468643439359167,20220.371559078339,294.17732630871228,0,0,0,0,0,0,0,False,1,99617.918045929211,team-10-v3-controlled,0,1,0.010889901006392866,0.0029565338814354046,
2021-09-08T08:00:00Z,0,0,0,-2.6979944719559177e-08,-1.6084008786220037e-07,1.3386014314264119e-07,-0,1.3589300409983445e-06,6.7946502049917226e-07,-2.0653750062170763e-06,0.0027178600819966888,0,0,0,-0,270.7475629086486,0,0,0,0,0,0,0,0,False,1,99617.71229757111,team-10-v3-controlled,0.00016459215196567729,1,0.011019515613411079,0.0029947925105968209,position_stop+cooldown_or_reentry_block
2021-09-08T16:00:00Z,0,0,0,0,0,0,-0,0,0,0,0,0,0,0,-0,0,0,0,0,0,0,0,0,0,False,1,99617.71229757111,team-10-v3-controlled,0,1,0.011021531546400731,0.0029948690558332146,cooldown_or_reentry_block
2021-09-09T00:00:00Z,0,0,0,0,0,0,-0,0,0,0,0,0,0,0,-0,0,0,0,0,0,0,0,0,0,False,1,99617.71229757111,team-10-v3-controlled,0,1,0.011021531546400731,0.0029948690558332146,cooldown_or_reentry_block
2021-09-09T08:00:00Z,0,0,0,0,0,0,-0,0,0,0,0,0,0,0,-0,0,0,0,0,0,0,0,0,0,False,1,99617.71229757111,team-10-v3-controlled,0,1,0.011021531546400731,0.0029948690558332146,cooldown_or_reentry_block
2021-09-09T16:00:00Z,0,0,0,0,0,0,-0,0,0,0,0,0,0,0,-0,0,0,0,0,0,0,0,0,0,False,1,99617.71229757111,team-10-v3-controlled,0,1,0.011021531546400731,0.0029948690558332146,
2021-09-10T00:00:00Z,0,0,0,0,0,0,-0,0,0,0,0,0,0,0,-0,0,0,0,0,0,0,0,0,0,False,1,99617.71229757111,team-10-v3-controlled,0,1,0.011021531546400731,0.0029948690558332146,
2021-09-10T08:00:00Z,0,0,0,0,0,0,-0,0,0,0,0,0,0,0,-0,0,0,0,0,0,0,0,0,0,False,1,99617.71229757111,team-10-v3-controlled,0,1,0.011021531546400731,0.0029948690558332146,
2021-09-10T16:00:00Z,0,0,0,0,0,0,-0,0,0,0,0,0,0,0,-0,0,0,0,0,0,0,0,0,0,False,1,99617.71229757111,team-10-v3-controlled,0,1,0.011021531546400731,0.0029948690558332146,
2021-09-11T00:00:00Z,0,0,0,0,0,0,-0,0,0,0,0,0,0,0,-0,0,0,0,0,0,0,0,0,0,False,1,99617.71229757111,team-10-v3-controlled,0,1,0.011021531546400731,0.0029948690558332146,
2021-09-11T08:00:00Z,0,0,0,0,0,0,-0,0,0,0,0,0,0,0,-0,0,0,0,0,0,0,0,0,0,False,1,99617.71229757111,team-10-v3-controlled,0,1,0.011021531546400731,0.0029948690558332146,
2021-09-11T16:00:00Z,0,0,0,0,0,0,-0,0,0,0,0,0,0,0,-0,0,0,0,0,0,0,0,0,0,False,1,99617.71229757111,team-10-v3-controlled,0,1,0.011021531546400731,0.0029948690558332146,
2021-09-12T00:00:00Z,0,0,0,0,0,0,-0,0,0,0,0,0,0,0,-0,0,0,0,0,0,0,0,0,0,False,1,99617.71229757111,team-10-v3-controlled,0,1,0.011021531546400731,0.0029948690558332146,
2021-09-12T08:00:00Z,0,0,0,0,0,0,-0,0,0,0,0,0,0,0,-0,0,0,0,0,0,0,0,0,0,False,1,99617.71229757111,team-10-v3-controlled,0,1,0.011021531546400731,0.0029948690558332146,
2021-09-12T16:00:00Z,0,0,0,0,0,0,-0,0,0,0,0,0,0,0,-0,0,0,0,0,0,0,0,0,0,False,1,99617.71229757111,team-10-v3-controlled,0,1,0.011021531546400731,0.0029948690558332146,
2021-09-13T00:00:00Z,0,0,0,0,0,0,-0,0,0,0,0,0,0,0,-0,0,0,0,0,0,0,0,0,0,False,1,99617.71229757111,team-10-v3-controlled,0,1,0.011021531546400731,0.0029948690558332146,
2021-09-13T08:00:00Z,0,0,0,0,0,0,-0,0,0,0,0,0,0,0,-0,0,0,0,0,0,0,0,0,0,False,1,99617.71229757111,team-10-v3-controlled,0,1,0.011021531546400731,0.0029948690558332146,
2021-09-13T16:00:00Z,0,0,0,0,0,0,-0,0,0,0,0,0,0,0,-0,0,0,0,0,0,0,0,0,0,False,1,99617.71229757111,team-10-v3-controlled,0,1,0.011021531546400731,0.0029948690558332146,
2021-09-14T00:00:00Z,0,0,0,0,0,0,-0,0,0,0,0,0,0,0,-0,0,0,0,0,0,0,0,0,0,False,1,99617.71229757111,team-10-v3-controlled,0,1,0.011021531546400731,0.0029948690558332146,
2021-09-14T08:00:00Z,0,0,0,0,0,0,-0,0,0,0,0,0,0,0,-0,0,0,0,0,0,0,0,0,0,False,1,99617.71229757111,team-10-v3-controlled,0,1,0.011021531546400731,0.0029948690558332146,
2021-09-14T16:00:00Z,1.3461162906583033e-05,0.00015992411673538466,-0.00014646295382880162,0,0,0,-0,0.0001,5.0000000000000002e-05,-0.00013653883709341698,0.19999999999999998,0.19992605311540151,6.9388939039072284e-18,0.099963026557700757,0.099963026557700743,39867.803377738062,19944.260918223838,0,0,0,0,0,0,0,False,1,99604.110610980089,team-10-v3-controlled,0,1,0.011021531546400731,0.0029948690558332146,
2021-09-15T00:00:00Z,2.587647152071307e-06,5.0040134667785234e-06,-2.4163663147072169e-06,8.9823915805460693e-07,-1.0019655955014334e-05,1.091789511306894e-05,-0,0.00010000008982391579,5.0000044911957897e-05,-0.00014651424842574779,0.20000017964783159,0.00033364691272003968,6.2469690819577e-08,0.00016685469120542962,0.00016679222151461001,19954.064038561381,33.224022702871707,0,0,0,0,0,0,0,False,1,99589.517189573802,team-10-v3-controlled,0,1,0.011155677298499866,0.003036916747347991,
2021-09-15T08:00:00Z,0,0,0,2.5187331761415533e-09,-1.7192410040509659e-08,1.9711143216651212e-08,-0,1.7051555218784576e-07,8.5257776093922881e-08,-2.5325459510562709e-07,0.00034103110437569152,0,0,0,-0,33.963123031402269,0,0,0,0,0,0,0,0,False,1,99589.491968070943,team-10-v3-controlled,0,1,0.011301442678740115,0.0030833955347732336,
2021-09-15T16:00:00Z,0,0,0,0,0,0,-0,0,0,0,0,0,0,0,-0,0,0,0,0,0,0,0,0,0,False,1,99589.491968070943,team-10-v3-controlled,0,1,0.011301695561460212,0.0030834005442929441,
2021-09-16T00:00:00Z,0,0,0,0,0,0,-0,0,0,0,0,0,0,0,-0,0,0,0,0,0,0,0,0,0,False,1,99589.491968070943,team-10-v3-controlled,0,1,0.011301695561460212,0.0030834005442929441,
2021-09-16T08:00:00Z,0,0,0,0,0,0,-0,0,0,0,0,0,0,0,-0,0,0,0,0,0,0,0,0,0,False,1,99589.491968070943,team-10-v3-controlled,0,1,0.011301695561460212,0.0030834005442929436,
2021-09-16T16:00:00Z,0,0,0,0,0,0,-0,0,0,0,0,0,0,0,-0,0,0,0,0,0,0,0,0,0,False,1,99589.491968070943,team-10-v3-controlled,0,1,0.011301695561460212,0.0030834005442929441,
2021-09-17T00:00:00Z,0,0,0,0,0,0,-0,0,0,0,0,0,0,0,-0,0,0,0,0,0,0,0,0,0,False,1,99589.491968070943,team-10-v3-controlled,0,1,0.011301695561460212,0.0030834005442929441,
2021-09-17T08:00:00Z,0,0,0,0,0,0,-0,0,0,0,0,0,0,0,-0,0,0,0,0,0,0,0,0,0,False,1,99589.491968070943,team-10-v3-controlled,0,1,0.011301695561460212,0.0030834005442929441,
2021-09-17T16:00:00Z,0,0,0,0,0,0,-0,0,0,0,0,0,0,0,-0,0,0,0,0,0,0,0,0,0,False,1,99589.491968070943,team-10-v3-controlled,0,1,0.011301695561460212,0.0030834005442929436,
2021-09-18T00:00:00Z,0,0,0,0,0,0,-0,0,0,0,0,0,0,0,-0,0,0,0,0,0,0,0,0,0,False,1,99589.491968070943,team-10-v3-controlled,0,1,0.011301695561460212,0.0030834005442929441,
2021-09-18T08:00:00Z,0,0,0,0,0,0,-0,0,0,0,0,0,0,0,-0,0,0,0,0,0,0,0,0,0,False,1,99589.491968070943,team-10-v3-controlled,0,1,0.011301695561460212,0.0030834005442929441,
2021-09-18T16:00:00Z,0,0,0,0,0,0,-0,0,0,0,0,0,0,0,-0,0,0,0,0,0,0,0,0,0,False,1,99589.491968070943,team-10-v3-controlled,0,1,0.011301695561460212,0.0030834005442929441,
2021-09-19T00:00:00Z,0,0,0,0,0,0,-0,0,0,0,0,0,0,0,-0,0,0,0,0,0,0,0,0,0,False,1,99589.491968070943,team-10-v3-controlled,0,1,0.011301695561460212,0.0030834005442929436,
2021-09-19T08:00:00Z,0,0,0,0,0,0,-0,0,0,0,0,0,0,0,-0,0,0,0,0,0,0,0,0,0,False,1,99589.491968070943,team-10-v3-controlled,0,1,0.011301695561460212,0.0030834005442929436,
2021-09-19T16:00:00Z,0,0,0,0,0,0,-0,0,0,0,0,0,0,0,-0,0,0,0,0,0,0,0,0,0,False,1,99589.491968070943,team-10-v3-controlled,0,1,0.011301695561460212,0.0030834005442929436,
2021-09-20T00:00:00Z,0,0,0,0,0,0,-0,0,0,0,0,0,0,0,-0,0,0,0,0,0,0,0,0,0,False,1,99589.491968070943,team-10-v3-controlled,0,1,0.011301695561460212,0.0030834005442929436,
2021-09-20T08:00:00Z,0,0,0,0,0,0,-0,0,0,0,0,0,0,0,-0,0,0,0,0,0,0,0,0,0,False,1,99589.491968070943,team-10-v3-controlled,0,1,0.011301695561460212,0.0030834005442929432,
2021-09-20T16:00:00Z,0,0,0,0,0,0,-0,0,0,0,0,0,0,0,-0,0,0,0,0,0,0,0,0,0,False,1,99589.491968070943,team-10-v3-controlled,0,1,0.011301695561460212,0.0030834005442929436,
2021-09-21T00:00:00Z,0,0,0,0,0,0,-0,0,0,0,0,0,0,0,-0,0,0,0,0,0,0,0,0,0,False,1,99589.491968070943,team-10-v3-controlled,0,1,0.011301695561460212,0.0030834005442929436,
2021-09-21T08:00:00Z,0,0,0,0,0,0,-0,0,0,0,0,0,0,0,-0,0,0,0,0,0,0,0,0,0,False,1,99589.491968070943,team-10-v3-controlled,0,1,0.011301695561460212,0.0030834005442929436,
2021-09-21T16:00:00Z,0,0,0,0,0,0,-0,0,0,0,0,0,0,0,-0,0,0,0,0,0,0,0,0,0,False,1,99589.491968070943,team-10-v3-controlled,0,1,0.011301695561460212,0.0030834005442929432,
2021-09-22T00:00:00Z,0,0,0,0,0,0,-0,0,0,0,0,0,0,0,-0,0,0,0,0,0,0,0,0,0,False,1,99589.491968070943,team-10-v3-controlled,0,1,0.011301695561460212,0.0030834005442929436,
2021-09-22T08:00:00Z,0,0,0,0,0,0,-0,0,0,0,0,0,0,0,-0,0,0,0,0,0,0,0,0,0,False,1,99589.491968070943,team-10-v3-controlled,0,1,0.011301695561460212,0.0030834005442929436,
2021-09-22T16:00:00Z,0,0,0,0,0,0,-0,0,0,0,0,0,0,0,-0,0,0,0,0,0,0,0,0,0,False,1,99589.491968070943,team-10-v3-controlled,0,1,0.011301695561460212,0.0030834005442929436,
2021-09-23T00:00:00Z,0,0,0,0,0,0,-0,0,0,0,0,0,0,0,-0,0,0,0,0,0,0,0,0,0,False,1,99589.491968070943,team-10-v3-controlled,0,1,0.011301695561460212,0.0030834005442929432,
2021-09-23T08:00:00Z,0,0,0,0,0,0,-0,0,0,0,0,0,0,0,-0,0,0,0,0,0,0,0,0,0,False,1,99589.491968070943,team-10-v3-controlled,0,1,0.011301695561460212,0.0030834005442929436,
2021-09-23T16:00:00Z,0,0,0,0,0,0,-0,0,0,0,0,0,0,0,-0,0,0,0,0,0,0,0,0,0,False,1,99589.491968070943,team-10-v3-controlled,0,1,0.011301695561460212,0.0030834005442929436,
2021-09-24T00:00:00Z,0,0,0,0,0,0,-0,0,0,0,0,0,0,0,-0,0,0,0,0,0,0,0,0,0,False,1,99589.491968070943,team-10-v3-controlled,0,1,0.011301695561460212,0.0030834005442929436,
2021-09-24T08:00:00Z,0,0,0,0,0,0,-0,0,0,0,0,0,0,0,-0,0,0,0,0,0,0,0,0,0,False,1,99589.491968070943,team-10-v3-controlled,0,1,0.011301695561460212,0.0030834005442929432,
2021-09-24T16:00:00Z,0,0,0,0,0,0,-0,0,0,0,0,0,0,0,-0,0,0,0,0,0,0,0,0,0,False,1,99589.491968070943,team-10-v3-controlled,0,1,0.011301695561460212,0.0030834005442929436,
2021-09-25T00:00:00Z,0,0,0,0,0,0,-0,0,0,0,0,0,0,0,-0,0,0,0,0,0,0,0,0,0,False,1,99589.491968070943,team-10-v3-controlled,0,1,0.011301695561460212,0.0030834005442929436,
2021-09-25T08:00:00Z,0,0,0,0,0,0,-0,0,0,0,0,0,0,0,-0,0,0,0,0,0,0,0,0,0,False,1,99589.491968070943,team-10-v3-controlled,0,1,0.011301695561460212,0.0030834005442929436,
2021-09-25T16:00:00Z,0,0,0,0,0,0,-0,0,0,0,0,0,0,0,-0,0,0,0,0,0,0,0,0,0,False,1,99589.491968070943,team-10-v3-controlled,0,1,0.011301695561460212,0.0030834005442929432,
2021-09-26T00:00:00Z,0,0,0,0,0,0,-0,0,0,0,0,0,0,0,-0,0,0,0,0,0,0,0,0,0,False,1,99589.491968070943,team-10-v3-controlled,0,1,0.011301695561460212,0.0030834005442929436,
2021-09-26T08:00:00Z,0,0,0,0,0,0,-0,0,0,0,0,0,0,0,-0,0,0,0,0,0,0,0,0,0,False,1,99589.491968070943,team-10-v3-controlled,0,1,0.011301695561460212,0.0030834005442929436,
2021-09-26T16:00:00Z,0,0,0,0,0,0,-0,0,0,0,0,0,0,0,-0,0,0,0,0,0,0,0,0,0,False,1,99589.491968070943,team-10-v3-controlled,0,1,0.011301695561460212,0.0030834005442929436,
2021-09-27T00:00:00Z,0,0,0,0,0,0,-0,0,0,0,0,0,0,0,-0,0,0,0,0,0,0,0,0,0,False,1,99589.491968070943,team-10-v3-controlled,0,1,0.011301695561460212,0.0030834005442929432,
2021-09-27T08:00:00Z,0,0,0,0,0,0,-0,0,0,0,0,0,0,0,-0,0,0,0,0,0,0,0,0,0,False,1,99589.491968070943,team-10-v3-controlled,0,1,0.011301695561460212,0.0030834005442929432,
2021-09-27T16:00:00Z,0,0,0,0,0,0,-0,0,0,0,0,0,0,0,-0,0,0,0,0,0,0,0,0,0,False,1,99589.491968070943,team-10-v3-controlled,0,1,0.011301695561460212,0.0030834005442929432,
2021-09-28T00:00:00Z,0,0,0,0,0,0,-0,0,0,0,0,0,0,0,-0,0,0,0,0,0,0,0,0,0,False,1,99589.491968070943,team-10-v3-controlled,0,1,0.011301695561460212,0.0030834005442929432,
2021-09-28T08:00:00Z,0,0,0,0,0,0,-0,0,0,0,0,0,0,0,-0,0,0,0,0,0,0,0,0,0,False,1,99589.491968070943,team-10-v3-controlled,0,1,0.011301695561460212,0.0030834005442929432,
2021-09-28T16:00:00Z,0,0,0,0,0,0,-0,0,0,0,0,0,0,0,-0,0,0,0,0,0,0,0,0,0,False,1,99589.491968070943,team-10-v3-controlled,0,1,0.011301695561460212,0.0030834005442929432,
2021-09-29T00:00:00Z,0,0,0,0,0,0,-0,0,0,0,0,0,0,0,-0,0,0,0,0,0,0,0,0,0,False,1,99589.491968070943,team-10-v3-controlled,0,1,0.011301695561460212,0.0030834005442929432,
2021-09-29T08:00:00Z,0,0,0,0,0,0,-0,0,0,0,0,0,0,0,-0,0,0,0,0,0,0,0,0,0,False,1,99589.491968070943,team-10-v3-controlled,0,1,0.011301695561460212,0.0030834005442929432,
2021-09-29T16:00:00Z,0,0,0,0,0,0,-0,0,0,0,0,0,0,0,-0,0,0,0,0,0,0,0,0,0,False,1,99589.491968070943,team-10-v3-controlled,0,1,0.011301695561460212,0.0030834005442929432,
2021-09-30T00:00:00Z,0,0,0,0,0,0,-0,0,0,0,0,0,0,0,-0,0,0,0,0,0,0,0,0,0,False,1,99589.491968070943,team-10-v3-controlled,0,1,0.011301695561460212,0.0030834005442929432,
2021-09-30T08:00:00Z,0,0,0,0,0,0,-0,0,0,0,0,0,0,0,-0,0,0,0,0,0,0,0,0,0,False,1,99589.491968070943,team-10-v3-controlled,0,1,0.011301695561460212,0.0030834005442929432,
2021-09-30T16:00:00Z,0,0,0,0,0,0,-0,0,0,0,0,0,0,0,-0,0,0,0,0,0,0,0,0,0,False,1,99589.491968070943,team-10-v3-controlled,0,1,0.011301695561460212,0.0030834005442929432,
2021-10-01T00:00:00Z,0,0,0,0,0,0,-0,0,0,0,0,0,0,0,-0,0,0,0,0,0,0,0,0,0,False,1,99589.491968070943,team-10-v3-controlled,0,1,0.011301695561460212,0.0030834005442929432,
2021-10-01T08:00:00Z,0,0,0,0,0,0,-0,0,0,0,0,0,0,0,-0,0,0,0,0,0,0,0,0,0,False,1,99589.491968070943,team-10-v3-controlled,0,1,0.011301695561460212,0.0030834005442929432,
2021-10-01T16:00:00Z,0,0,0,0,0,0,-0,0,0,0,0,0,0,0,-0,0,0,0,0,0,0,0,0,0,False,1,99589.491968070943,team-10-v3-controlled,0,1,0.011301695561460212,0.0030834005442929432,
2021-10-02T00:00:00Z,0,0,0,0,0,0,-0,0,0,0,0,0,0,0,-0,0,0,0,0,0,0,0,0,0,False,1,99589.491968070943,team-10-v3-controlled,0,1,0.011301695561460212,0.0030834005442929432,
2021-10-02T08:00:00Z,0,0,0,0,0,0,-0,0,0,0,0,0,0,0,-0,0,0,0,0,0,0,0,0,0,False,1,99589.491968070943,team-10-v3-controlled,0,1,0.011301695561460212,0.0030834005442929432,
2021-10-02T16:00:00Z,0,0,0,0,0,0,-0,0,0,0,0,0,0,0,-0,0,0,0,0,0,0,0,0,0,False,1,99589.491968070943,team-10-v3-controlled,0,1,0.011301695561460212,0.0030834005442929432,
2021-10-03T00:00:00Z,0,0,0,0,0,0,-0,0,0,0,0,0,0,0,-0,0,0,0,0,0,0,0,0,0,False,1,99589.491968070943,team-10-v3-controlled,0,1,0.011301695561460212,0.0030834005442929432,
2021-10-03T08:00:00Z,0,0,0,0,0,0,-0,0,0,0,0,0,0,0,-0,0,0,0,0,0,0,0,0,0,False,1,99589.491968070943,team-10-v3-controlled,0,1,0.011301695561460212,0.0030834005442929432,
2021-10-03T16:00:00Z,0,0,0,0,0,0,-0,0,0,0,0,0,0,0,-0,0,0,0,0,0,0,0,0,0,False,1,99589.491968070943,team-10-v3-controlled,0,1,0.011301695561460212,0.0030834005442929432,
2021-10-04T00:00:00Z,0,0,0,0,0,0,-0,0,0,0,0,0,0,0,-0,0,0,0,0,0,0,0,0,0,False,1,99589.491968070943,team-10-v3-controlled,0,1,0.011301695561460212,0.0030834005442929432,
2021-10-04T08:00:00Z,0,0,0,0,0,0,-0,0,0,0,0,0,0,0,-0,0,0,0,0,0,0,0,0,0,False,1,99589.491968070943,team-10-v3-controlled,0,1,0.011301695561460212,0.0030834005442929432,
2021-10-04T16:00:00Z,0,0,0,0,0,0,-0,0,0,0,0,0,0,0,-0,0,0,0,0,0,0,0,0,0,False,1,99589.491968070943,team-10-v3-controlled,0,1,0.011301695561460212,0.0030834005442929432,
2021-10-05T00:00:00Z,0,0,0,0,0,0,-0,0,0,0,0,0,0,0,-0,0,0,0,0,0,0,0,0,0,False,1,99589.491968070943,team-10-v3-controlled,0,1,0.011301695561460212,0.0030834005442929432,
2021-10-05T08:00:00Z,0,0,0,0,0,0,-0,0,0,0,0,0,0,0,-0,0,0,0,0,0,0,0,0,0,False,1,99589.491968070943,team-10-v3-controlled,0,1,0.011301695561460212,0.0030834005442929432,
2021-10-05T16:00:00Z,0,0,0,0,0,0,-0,0,0,0,0,0,0,0,-0,0,0,0,0,0,0,0,0,0,False,1,99589.491968070943,team-10-v3-controlled,0,1,0.011301695561460212,0.0030834005442929432,
2021-10-06T00:00:00Z,0,0,0,0,0,0,-0,0,0,0,0,0,0,0,-0,0,0,0,0,0,0,0,0,0,False,1,99589.491968070943,team-10-v3-controlled,0,1,0.011301695561460212,0.0030834005442929432,
2021-10-06T08:00:00Z,0,0,0,0,0,0,-0,0,0,0,0,0,0,0,-0,0,0,0,0,0,0,0,0,0,False,1,99589.491968070943,team-10-v3-controlled,0,1,0.011301695561460212,0.0030834005442929432,
2021-10-06T16:00:00Z,0,0,0,0,0,0,-0,0,0,0,0,0,0,0,-0,0,0,0,0,0,0,0,0,0,False,1,99589.491968070943,team-10-v3-controlled,0,1,0.011301695561460212,0.0030834005442929432,
2021-10-07T00:00:00Z,0,0,0,0,0,0,-0,0,0,0,0,0,0,0,-0,0,0,0,0,0,0,0,0,0,False,1,99589.491968070943,team-10-v3-controlled,0,1,0.011301695561460212,0.0030834005442929432,
2021-10-07T08:00:00Z,0,0,0,0,0,0,-0,0,0,0,0,0,0,0,-0,0,0,0,0,0,0,0,0,0,False,1,99589.491968070943,team-10-v3-controlled,0,1,0.011301695561460212,0.0030834005442929432,
2021-10-07T16:00:00Z,0,0,0,0,0,0,-0,0,0,0,0,0,0,0,-0,0,0,0,0,0,0,0,0,0,False,1,99589.491968070943,team-10-v3-controlled,0,1,0.011301695561460212,0.0030834005442929432,
2021-10-08T00:00:00Z,0,0,0,0,0,0,-0,0,0,0,0,0,0,0,-0,0,0,0,0,0,0,0,0,0,False,1,99589.491968070943,team-10-v3-controlled,0,1,0.011301695561460212,0.00081887782089450393,
2021-10-08T08:00:00Z,0,0,0,0,0,0,-0,0,0,0,0,0,0,0,-0,0,0,0,0,0,0,0,0,0,False,1,99589.491968070943,team-10-v3-controlled,0,1,0.011301695561460212,0.00069455009091313807,
2021-10-08T16:00:00Z,0,0,0,0,0,0,-0,0,0,0,0,0,0,0,-0,0,0,0,0,0,0,0,0,0,False,1,99589.491968070943,team-10-v3-controlled,0,1,0.011301695561460212,0.00069462789243570537,
2021-10-09T00:00:00Z,0,0,0,0,0,0,-0,0,0,0,0,0,0,0,-0,0,0,0,0,0,0,0,0,0,False,1,99589.491968070943,team-10-v3-controlled,0,1,0.011301695561460212,0.00069462789243570527,
2021-10-09T08:00:00Z,0,0,0,0,0,0,-0,0,0,0,0,0,0,0,-0,0,0,0,0,0,0,0,0,0,False,1,99589.491968070943,team-10-v3-controlled,0,1,0.011301695561460212,0.00069462789243570537,
2021-10-09T16:00:00Z,0,0,0,0,0,0,-0,0,0,0,0,0,0,0,-0,0,0,0,0,0,0,0,0,0,False,1,99589.491968070943,team-10-v3-controlled,0,1,0.011301695561460212,0.00069462789243570537,
2021-10-10T00:00:00Z,0,0,0,0,0,0,-0,0,0,0,0,0,0,0,-0,0,0,0,0,0,0,0,0,0,False,1,99589.491968070943,team-10-v3-controlled,0,1,0.011301695561460212,0.00069462789243570537,
2021-10-10T08:00:00Z,0,0,0,0,0,0,-0,0,0,0,0,0,0,0,-0,0,0,0,0,0,0,0,0,0,False,1,99589.491968070943,team-10-v3-controlled,0,1,0.011301695561460212,0.00069462789243570537,
2021-10-10T16:00:00Z,0,0,0,0,0,0,-0,0,0,0,0,0,0,0,-0,0,0,0,0,0,0,0,0,0,False,1,99589.491968070943,team-10-v3-controlled,0,1,0.011301695561460212,0.00069462789243570537,
2021-10-11T00:00:00Z,0,0,0,0,0,0,-0,0,0,0,0,0,0,0,-0,0,0,0,0,0,0,0,0,0,False,1,99589.491968070943,team-10-v3-controlled,0,1,0.011301695561460212,0.00069462789243570537,
2021-10-11T08:00:00Z,0,0,0,0,0,0,-0,0,0,0,0,0,0,0,-0,0,0,0,0,0,0,0,0,0,False,1,99589.491968070943,team-10-v3-controlled,0,1,0.011301695561460212,0.00069462789243570537,
2021-10-11T16:00:00Z,0,0,0,0,0,0,-0,0,0,0,0,0,0,0,-0,0,0,0,0,0,0,0,0,0,False,1,99589.491968070943,team-10-v3-controlled,0,1,0.011301695561460212,0.00069462789243570537,
2021-10-12T00:00:00Z,0,0,0,0,0,0,-0,0,0,0,0,0,0,0,-0,0,0,0,0,0,0,0,0,0,False,1,99589.491968070943,team-10-v3-controlled,0,1,0.011301695561460212,0.00069462789243570537,
2021-10-12T08:00:00Z,0,0,0,0,0,0,-0,0,0,0,0,0,0,0,-0,0,0,0,0,0,0,0,0,0,False,1,99589.491968070943,team-10-v3-controlled,0,1,0.011301695561460212,0.00069462789243570537,
2021-10-12T16:00:00Z,0,0,0,0,0,0,-0,0,0,0,0,0,0,0,-0,0,0,0,0,0,0,0,0,0,False,1,99589.491968070943,team-10-v3-controlled,0,1,0.011301695561460212,0.00069462789243570537,
2021-10-13T00:00:00Z,0,0,0,0,0,0,-0,0,0,0,0,0,0,0,-0,0,0,0,0,0,0,0,0,0,False,1,99589.491968070943,team-10-v3-controlled,0,1,0.011301695561460212,0.00069462789243570537,
2021-10-13T08:00:00Z,0,0,0,0,0,0,-0,0,0,0,0,0,0,0,-0,0,0,0,0,0,0,0,0,0,False,1,99589.491968070943,team-10-v3-controlled,0,1,0.011301695561460212,0.00069462789243570537,
2021-10-13T16:00:00Z,0,0,0,0,0,0,-0,0,0,0,0,0,0,0,-0,0,0,0,0,0,0,0,0,0,False,1,99589.491968070943,team-10-v3-controlled,0,1,0.011301695561460212,0.00069462789243570537,
2021-10-14T00:00:00Z,0,0,0,0,0,0,-0,0,0,0,0,0,0,0,-0,0,0,0,0,0,0,0,0,0,False,1,99589.491968070943,team-10-v3-controlled,0,1,0.011301695561460212,0.00069462789243570537,
2021-10-14T08:00:00Z,0,0,0,0,0,0,-0,0,0,0,0,0,0,0,-0,0,0,0,0,0,0,0,0,0,False,1,99589.491968070943,team-10-v3-controlled,0,1,0.011301695561460212,0.00069462789243570537,
2021-10-14T16:00:00Z,0,0,0,0,0,0,-0,0,0,0,0,0,0,0,-0,0,0,0,0,0,0,0,0,0,False,1,99589.491968070943,team-10-v3-controlled,0,1,0.011301695561460212,0.00069462789243570537,
2021-10-15T00:00:00Z,0,0,0,0,0,0,-0,0,0,0,0,0,0,0,-0,0,0,0,0,0,0,0,0,0,False,1,99589.491968070943,team-10-v3-controlled,0,1,0.011301695561460212,0.00051104351362694792,
2021-10-15T08:00:00Z,0,0,0,0,0,0,-0,0,0,0,0,0,0,0,-0,0,0,0,0,0,0,0,0,0,False,1,99589.491968070943,team-10-v3-controlled,0,1,0.011301695561460212,8.8337100225730038e-07,
2021-10-15T16:00:00Z,0,0,0,0,0,0,-0,0,0,0,0,0,0,0,-0,0,0,0,0,0,0,0,0,0,False,1,99589.491968070943,team-10-v3-controlled,0,1,0.011301695561460212,0,
2021-10-16T00:00:00Z,0,0,0,0,0,0,-0,0,0,0,0,0,0,0,-0,0,0,0,0,0,0,0,0,0,False,1,99589.491968070943,team-10-v3-controlled,0,1,0.011301695561460212,0,
2021-10-16T08:00:00Z,0,0,0,0,0,0,-0,0,0,0,0,0,0,0,-0,0,0,0,0,0,0,0,0,0,False,1,99589.491968070943,team-10-v3-controlled,0,1,0.011301695561460212,0,
2021-10-16T16:00:00Z,0,0,0,0,0,0,-0,0,0,0,0,0,0,0,-0,0,0,0,0,0,0,0,0,0,False,1,99589.491968070943,team-10-v3-controlled,0,1,0.011301695561460212,0,
2021-10-17T00:00:00Z,0,0,0,0,0,0,-0,0,0,0,0,0,0,0,-0,0,0,0,0,0,0,0,0,0,False,1,99589.491968070943,team-10-v3-controlled,0,1,0.011301695561460212,0,
2021-10-17T08:00:00Z,0,0,0,0,0,0,-0,0,0,0,0,0,0,0,-0,0,0,0,0,0,0,0,0,0,False,1,99589.491968070943,team-10-v3-controlled,0,1,0.011301695561460212,0,
2021-10-17T16:00:00Z,0,0,0,0,0,0,-0,0,0,0,0,0,0,0,-0,0,0,0,0,0,0,0,0,0,False,1,99589.491968070943,team-10-v3-controlled,0,1,0.011301695561460212,0,
2021-10-18T00:00:00Z,0,0,0,0,0,0,-0,0,0,0,0,0,0,0,-0,0,0,0,0,0,0,0,0,0,False,1,99589.491968070943,team-10-v3-controlled,0,1,0.011301695561460212,0,
2021-10-18T08:00:00Z,0,0,0,0,0,0,-0,0,0,0,0,0,0,0,-0,0,0,0,0,0,0,0,0,0,False,1,99589.491968070943,team-10-v3-controlled,0,1,0.011301695561460212,0,
2021-10-18T16:00:00Z,0,0,0,0,0,0,-0,0,0,0,0,0,0,0,-0,0,0,0,0,0,0,0,0,0,False,1,99589.491968070943,team-10-v3-controlled,0,1,0.011301695561460212,0,
2021-10-19T00:00:00Z,0,0,0,0,0,0,-0,0,0,0,0,0,0,0,-0,0,0,0,0,0,0,0,0,0,False,1,99589.491968070943,team-10-v3-controlled,0,1,0.011301695561460212,0,
2021-10-19T08:00:00Z,0,0,0,0,0,0,-0,0,0,0,0,0,0,0,-0,0,0,0,0,0,0,0,0,0,False,1,99589.491968070943,team-10-v3-controlled,0,1,0.011301695561460212,0,
2021-10-19T16:00:00Z,0,0,0,0,0,0,-0,0,0,0,0,0,0,0,-0,0,0,0,0,0,0,0,0,0,False,1,99589.491968070943,team-10-v3-controlled,0,1,0.011301695561460212,0,
2021-10-20T00:00:00Z,0,0,0,0,0,0,-0,0,0,0,0,0,0,0,-0,0,0,0,0,0,0,0,0,0,False,1,99589.491968070943,team-10-v3-controlled,0,1,0.011301695561460212,0,
2021-10-20T08:00:00Z,0,0,0,0,0,0,-0,0,0,0,0,0,0,0,-0,0,0,0,0,0,0,0,0,0,False,1,99589.491968070943,team-10-v3-controlled,0,1,0.011301695561460212,0,
2021-10-20T16:00:00Z,0,0,0,0,0,0,-0,0,0,0,0,0,0,0,-0,0,0,0,0,0,0,0,0,0,False,1,99589.491968070943,team-10-v3-controlled,0,1,0.011301695561460212,0,
2021-10-21T00:00:00Z,0,0,0,0,0,0,-0,0,0,0,0,0,0,0,-0,0,0,0,0,0,0,0,0,0,False,1,99589.491968070943,team-10-v3-controlled,0,1,0.011301695561460212,0,
2021-10-21T08:00:00Z,0,0,0,0,0,0,-0,0,0,0,0,0,0,0,-0,0,0,0,0,0,0,0,0,0,False,1,99589.491968070943,team-10-v3-controlled,0,1,0.011301695561460212,0,
2021-10-21T16:00:00Z,0,0,0,0,0,0,-0,0,0,0,0,0,0,0,-0,0,0,0,0,0,0,0,0,0,False,1,99589.491968070943,team-10-v3-controlled,0,1,0.011301695561460212,0,
2021-10-22T00:00:00Z,0,0,0,0,0,0,-0,0,0,0,0,0,0,0,-0,0,0,0,0,0,0,0,0,0,False,1,99589.491968070943,team-10-v3-controlled,0,1,0.011301695561460212,0,
2021-10-22T08:00:00Z,0,0,0,0,0,0,-0,0,0,0,0,0,0,0,-0,0,0,0,0,0,0,0,0,0,False,1,99589.491968070943,team-10-v3-controlled,0,1,0.011301695561460212,0,
2021-10-22T16:00:00Z,0,0,0,0,0,0,-0,0,0,0,0,0,0,0,-0,0,0,0,0,0,0,0,0,0,False,1,99589.491968070943,team-10-v3-controlled,0,1,0.011301695561460212,0,
2021-10-23T00:00:00Z,0,0,0,0,0,0,-0,0,0,0,0,0,0,0,-0,0,0,0,0,0,0,0,0,0,False,1,99589.491968070943,team-10-v3-controlled,0,1,0.011301695561460212,0,
2021-10-23T08:00:00Z,0,0,0,0,0,0,-0,0,0,0,0,0,0,0,-0,0,0,0,0,0,0,0,0,0,False,1,99589.491968070943,team-10-v3-controlled,0,1,0.011301695561460212,0,
2021-10-23T16:00:00Z,0,0,0,0,0,0,-0,0,0,0,0,0,0,0,-0,0,0,0,0,0,0,0,0,0,False,1,99589.491968070943,team-10-v3-controlled,0,1,0.011301695561460212,0,
2021-10-24T00:00:00Z,0,0,0,0,0,0,-0,0,0,0,0,0,0,0,-0,0,0,0,0,0,0,0,0,0,False,1,99589.491968070943,team-10-v3-controlled,0,1,0.011301695561460212,0,
2021-10-24T08:00:00Z,0,0,0,0,0,0,-0,0,0,0,0,0,0,0,-0,0,0,0,0,0,0,0,0,0,False,1,99589.491968070943,team-10-v3-controlled,0,1,0.011301695561460212,0,
2021-10-24T16:00:00Z,0,0,0,0,0,0,-0,0,0,0,0,0,0,0,-0,0,0,0,0,0,0,0,0,0,False,1,99589.491968070943,team-10-v3-controlled,0,1,0.011301695561460212,0,
2021-10-25T00:00:00Z,0,0,0,0,0,0,-0,0,0,0,0,0,0,0,-0,0,0,0,0,0,0,0,0,0,False,1,99589.491968070943,team-10-v3-controlled,0,1,0.011301695561460212,0,
2021-10-25T08:00:00Z,0,0,0,0,0,0,-0,0,0,0,0,0,0,0,-0,0,0,0,0,0,0,0,0,0,False,1,99589.491968070943,team-10-v3-controlled,0,1,0.011301695561460212,0,
2021-10-25T16:00:00Z,0,0,0,0,0,0,-0,0,0,0,0,0,0,0,-0,0,0,0,0,0,0,0,0,0,False,1,99589.491968070943,team-10-v3-controlled,0,1,0.011301695561460212,0,
2021-10-26T00:00:00Z,0,0,0,0,0,0,-0,0,0,0,0,0,0,0,-0,0,0,0,0,0,0,0,0,0,False,1,99589.491968070943,team-10-v3-controlled,0,1,0.011301695561460212,0,
2021-10-26T08:00:00Z,0,0,0,0,0,0,-0,0,0,0,0,0,0,0,-0,0,0,0,0,0,0,0,0,0,False,1,99589.491968070943,team-10-v3-controlled,0,1,0.011301695561460212,0,
2021-10-26T16:00:00Z,0,0,0,0,0,0,-0,0,0,0,0,0,0,0,-0,0,0,0,0,0,0,0,0,0,False,1,99589.491968070943,team-10-v3-controlled,0,1,0.011301695561460212,0,
2021-10-27T00:00:00Z,0,0,0,0,0,0,-0,0,0,0,0,0,0,0,-0,0,0,0,0,0,0,0,0,0,False,1,99589.491968070943,team-10-v3-controlled,0,1,0.011301695561460212,0,
2021-10-27T08:00:00Z,0,0,0,0,0,0,-0,0,0,0,0,0,0,0,-0,0,0,0,0,0,0,0,0,0,False,1,99589.491968070943,team-10-v3-controlled,0,1,0.011301695561460212,0,
2021-10-27T16:00:00Z,0,0,0,0,0,0,-0,0,0,0,0,0,0,0,-0,0,0,0,0,0,0,0,0,0,False,1,99589.491968070943,team-10-v3-controlled,0,1,0.011301695561460212,0,
2021-10-28T00:00:00Z,0,0,0,0,0,0,-0,0,0,0,0,0,0,0,-0,0,0,0,0,0,0,0,0,0,False,1,99589.491968070943,team-10-v3-controlled,0,1,0.011301695561460212,0,
2021-10-28T08:00:00Z,0,0,0,0,0,0,-0,0,0,0,0,0,0,0,-0,0,0,0,0,0,0,0,0,0,False,1,99589.491968070943,team-10-v3-controlled,0,1,0.011301695561460212,0,
2021-10-28T16:00:00Z,0,0,0,0,0,0,-0,0,0,0,0,0,0,0,-0,0,0,0,0,0,0,0,0,0,False,1,99589.491968070943,team-10-v3-controlled,0,1,0.011301695561460212,0,
2021-10-29T00:00:00Z,0,0,0,0,0,0,-0,0,0,0,0,0,0,0,-0,0,0,0,0,0,0,0,0,0,False,1,99589.491968070943,team-10-v3-controlled,0,1,0.011301695561460212,0,
2021-10-29T08:00:00Z,0,0,0,0,0,0,-0,0,0,0,0,0,0,0,-0,0,0,0,0,0,0,0,0,0,False,1,99589.491968070943,team-10-v3-controlled,0,1,0.011301695561460212,0,
2021-10-29T16:00:00Z,0,0,0,0,0,0,-0,0,0,0,0,0,0,0,-0,0,0,0,0,0,0,0,0,0,False,1,99589.491968070943,team-10-v3-controlled,0,1,0.011301695561460212,0,
2021-10-30T00:00:00Z,0,0,0,0,0,0,-0,0,0,0,0,0,0,0,-0,0,0,0,0,0,0,0,0,0,False,1,99589.491968070943,team-10-v3-controlled,0,1,0.011301695561460212,0,
2021-10-30T08:00:00Z,0,0,0,0,0,0,-0,0,0,0,0,0,0,0,-0,0,0,0,0,0,0,0,0,0,False,1,99589.491968070943,team-10-v3-controlled,0,1,0.011301695561460212,0,
2021-10-30T16:00:00Z,0,0,0,0,0,0,-0,0,0,0,0,0,0,0,-0,0,0,0,0,0,0,0,0,0,False,1,99589.491968070943,team-10-v3-controlled,0,1,0.011301695561460212,0,
2021-10-31T00:00:00Z,0,0,0,0,0,0,-0,0,0,0,0,0,0,0,-0,0,0,0,0,0,0,0,0,0,False,1,99589.491968070943,team-10-v3-controlled,0,1,0.011301695561460212,0,
2021-10-31T08:00:00Z,0,0,0,0,0,0,-0,0,0,0,0,0,0,0,-0,0,0,0,0,0,0,0,0,0,False,1,99589.491968070943,team-10-v3-controlled,0,1,0.011301695561460212,0,
2021-10-31T16:00:00Z,0,0,0,0,0,0,-0,0,0,0,0,0,0,0,-0,0,0,0,0,0,0,0,0,0,False,1,99589.491968070943,team-10-v3-controlled,0,1,0.011301695561460212,0,
2021-11-01T00:00:00Z,0,0,0,0,0,0,-0,0,0,0,0,0,0,0,-0,0,0,0,0,0,0,0,0,0,False,1,99589.491968070943,team-10-v3-controlled,0,1,0.011301695561460212,0,
2021-11-01T08:00:00Z,0,0,0,0,0,0,-0,0,0,0,0,0,0,0,-0,0,0,0,0,0,0,0,0,0,False,1,99589.491968070943,team-10-v3-controlled,0,1,0.011301695561460212,0,
2021-11-01T16:00:00Z,0,0,0,0,0,0,-0,0,0,0,0,0,0,0,-0,0,0,0,0,0,0,0,0,0,False,1,99589.491968070943,team-10-v3-controlled,0,1,0.011301695561460212,0,
2021-11-02T00:00:00Z,0,0,0,0,0,0,-0,0,0,0,0,0,0,0,-0,0,0,0,0,0,0,0,0,0,False,1,99589.491968070943,team-10-v3-controlled,0,1,0.011301695561460212,0,
2021-11-02T08:00:00Z,0,0,0,0,0,0,-0,0,0,0,0,0,0,0,-0,0,0,0,0,0,0,0,0,0,False,1,99589.491968070943,team-10-v3-controlled,0,1,0.011301695561460212,0,
2021-11-02T16:00:00Z,0,0,0,0,0,0,-0,0,0,0,0,0,0,0,-0,0,0,0,0,0,0,0,0,0,False,1,99589.491968070943,team-10-v3-controlled,0,1,0.011301695561460212,0,
2021-11-03T00:00:00Z,0,0,0,0,0,0,-0,0,0,0,0,0,0,0,-0,0,0,0,0,0,0,0,0,0,False,1,99589.491968070943,team-10-v3-controlled,0,1,0.011301695561460212,0,
2021-11-03T08:00:00Z,0,0,0,0,0,0,-0,0,0,0,0,0,0,0,-0,0,0,0,0,0,0,0,0,0,False,1,99589.491968070943,team-10-v3-controlled,0,1,0.011301695561460212,0,
2021-11-03T16:00:00Z,0,0,0,0,0,0,-0,0,0,0,0,0,0,0,-0,0,0,0,0,0,0,0,0,0,False,1,99589.491968070943,team-10-v3-controlled,0,1,0.011301695561460212,0,
2021-11-04T00:00:00Z,0,0,0,0,0,0,-0,0,0,0,0,0,0,0,-0,0,0,0,0,0,0,0,0,0,False,1,99589.491968070943,team-10-v3-controlled,0,1,0.011301695561460212,0,
2021-11-04T08:00:00Z,0,0,0,0,0,0,-0,0,0,0,0,0,0,0,-0,0,0,0,0,0,0,0,0,0,False,1,99589.491968070943,team-10-v3-controlled,0,1,0.011301695561460212,0,
2021-11-04T16:00:00Z,0,0,0,0,0,0,-0,0,0,0,0,0,0,0,-0,0,0,0,0,0,0,0,0,0,False,1,99589.491968070943,team-10-v3-controlled,0,1,0.011301695561460212,0,
2021-11-05T00:00:00Z,0,0,0,0,0,0,-0,0,0,0,0,0,0,0,-0,0,0,0,0,0,0,0,0,0,False,1,99589.491968070943,team-10-v3-controlled,0,1,0.011301695561460212,0,
2021-11-05T08:00:00Z,0,0,0,0,0,0,-0,0,0,0,0,0,0,0,-0,0,0,0,0,0,0,0,0,0,False,1,99589.491968070943,team-10-v3-controlled,0,1,0.011301695561460212,0,
2021-11-05T16:00:00Z,0,0,0,0,0,0,-0,0,0,0,0,0,0,0,-0,0,0,0,0,0,0,0,0,0,False,1,99589.491968070943,team-10-v3-controlled,0,1,0.011301695561460212,0,
2021-11-06T00:00:00Z,0,0,0,0,0,0,-0,0,0,0,0,0,0,0,-0,0,0,0,0,0,0,0,0,0,False,1,99589.491968070943,team-10-v3-controlled,0,1,0.011301695561460212,0,
2021-11-06T08:00:00Z,0,0,0,0,0,0,-0,0,0,0,0,0,0,0,-0,0,0,0,0,0,0,0,0,0,False,1,99589.491968070943,team-10-v3-controlled,0,1,0.011301695561460212,0,
2021-11-06T16:00:00Z,0,0,0,0,0,0,-0,0,0,0,0,0,0,0,-0,0,0,0,0,0,0,0,0,0,False,1,99589.491968070943,team-10-v3-controlled,0,1,0.011301695561460212,0,
2021-11-07T00:00:00Z,0,0,0,0,0,0,-0,0,0,0,0,0,0,0,-0,0,0,0,0,0,0,0,0,0,False,1,99589.491968070943,team-10-v3-controlled,0,1,0.011301695561460212,0,
2021-11-07T08:00:00Z,0,0,0,0,0,0,-0,0,0,0,0,0,0,0,-0,0,0,0,0,0,0,0,0,0,False,1,99589.491968070943,team-10-v3-controlled,0,1,0.011301695561460212,0,
2021-11-07T16:00:00Z,0,0,0,0,0,0,-0,0,0,0,0,0,0,0,-0,0,0,0,0,0,0,0,0,0,False,1,99589.491968070943,team-10-v3-controlled,0,1,0.011301695561460212,0,
2021-11-08T00:00:00Z,0,0,0,0,0,0,-0,0,0,0,0,0,0,0,-0,0,0,0,0,0,0,0,0,0,False,1,99589.491968070943,team-10-v3-controlled,0,1,0.011301695561460212,0,
2021-11-08T08:00:00Z,0,0,0,0,0,0,-0,0,0,0,0,0,0,0,-0,0,0,0,0,0,0,0,0,0,False,1,99589.491968070943,team-10-v3-controlled,0,1,0.011301695561460212,0,
2021-11-08T16:00:00Z,0,0,0,0,0,0,-0,0,0,0,0,0,0,0,-0,0,0,0,0,0,0,0,0,0,False,1,99589.491968070943,team-10-v3-controlled,0,1,0.011301695561460212,0,
2021-11-09T00:00:00Z,0,0,0,0,0,0,-0,0,0,0,0,0,0,0,-0,0,0,0,0,0,0,0,0,0,False,1,99589.491968070943,team-10-v3-controlled,0,1,0.011301695561460212,0,
2021-11-09T08:00:00Z,0,0,0,0,0,0,-0,0,0,0,0,0,0,0,-0,0,0,0,0,0,0,0,0,0,False,1,99589.491968070943,team-10-v3-controlled,0,1,0.011301695561460212,0,
2021-11-09T16:00:00Z,0,0,0,0,0,0,-0,0,0,0,0,0,0,0,-0,0,0,0,0,0,0,0,0,0,False,1,99589.491968070943,team-10-v3-controlled,0,1,0.011301695561460212,0,
2021-11-10T00:00:00Z,0,0,0,0,0,0,-0,0,0,0,0,0,0,0,-0,0,0,0,0,0,0,0,0,0,False,1,99589.491968070943,team-10-v3-controlled,0,1,0.011301695561460212,0,
2021-11-10T08:00:00Z,0,0,0,0,0,0,-0,0,0,0,0,0,0,0,-0,0,0,0,0,0,0,0,0,0,False,1,99589.491968070943,team-10-v3-controlled,0,1,0.011301695561460212,0,
2021-11-10T16:00:00Z,0,0,0,0,0,0,-0,0,0,0,0,0,0,0,-0,0,0,0,0,0,0,0,0,0,False,1,99589.491968070943,team-10-v3-controlled,0,1,0.011301695561460212,0,
2021-11-11T00:00:00Z,0,0,0,0,0,0,-0,0,0,0,0,0,0,0,-0,0,0,0,0,0,0,0,0,0,False,1,99589.491968070943,team-10-v3-controlled,0,1,0.011301695561460212,0,
2021-11-11T08:00:00Z,0,0,0,-0,-0,-0,-0,0,0,0,0,0,0,0,-0,0,0,0,0,0,0,0,0,0,False,1,99589.491968070943,team-10-v3-controlled,0,1,0.011301695561460212,0,
2021-11-11T16:00:00Z,0,0,0,-0,-0,-0,-0,0,0,0,0,0,0,0,-0,0,0,0,0,0,0,0,0,0,False,1,99589.491968070943,team-10-v3-controlled,0,1,0.011301695561460212,0,
2021-11-12T00:00:00Z,0,0,0,0,0,0,-0,0,0,0,0,0,0,0,-0,0,0,0,0,0,0,0,0,0,False,1,99589.491968070943,team-10-v3-controlled,0,1,0.011301695561460212,0,
2021-11-12T08:00:00Z,0,0,0,0,0,0,-0,0,0,0,0,0,0,0,-0,0,0,0,0,0,0,0,0,0,False,1,99589.491968070943,team-10-v3-controlled,0,1,0.011301695561460212,0,
2021-11-12T16:00:00Z,0,0,0,0,0,0,-0,0,0,0,0,0,0,0,-0,0,0,0,0,0,0,0,0,0,False,1,99589.491968070943,team-10-v3-controlled,0,1,0.011301695561460212,0,
2021-11-13T00:00:00Z,0,0,0,0,0,0,-0,0,0,0,0,0,0,0,-0,0,0,0,0,0,0,0,0,0,False,1,99589.491968070943,team-10-v3-controlled,0,1,0.011301695561460212,0,
2021-11-13T08:00:00Z,0,0,0,0,0,0,-0,0,0,0,0,0,0,0,-0,0,0,0,0,0,0,0,0,0,False,1,99589.491968070943,team-10-v3-controlled,0,1,0.011301695561460212,0,
2021-11-13T16:00:00Z,0,0,0,0,0,0,-0,0,0,0,0,0,0,0,-0,0,0,0,0,0,0,0,0,0,False,1,99589.491968070943,team-10-v3-controlled,0,1,0.011301695561460212,0,
2021-11-14T00:00:00Z,0,0,0,0,0,0,-0,0,0,0,0,0,0,0,-0,0,0,0,0,0,0,0,0,0,False,1,99589.491968070943,team-10-v3-controlled,0,1,0.011301695561460212,0,
2021-11-14T08:00:00Z,0,0,0,0,0,0,-0,0,0,0,0,0,0,0,-0,0,0,0,0,0,0,0,0,0,False,1,99589.491968070943,team-10-v3-controlled,0,1,0.011301695561460212,0,
2021-11-14T16:00:00Z,0,0,0,0,0,0,-0,0,0,0,0,0,0,0,-0,0,0,0,0,0,0,0,0,0,False,1,99589.491968070943,team-10-v3-controlled,0,1,0.011301695561460212,0,
2021-11-15T00:00:00Z,0,0,0,0,0,0,-0,0,0,0,0,0,0,0,-0,0,0,0,0,0,0,0,0,0,False,1,99589.491968070943,team-10-v3-controlled,0,1,0.011301695561460212,0,
2021-11-15T08:00:00Z,0,0,0,0,0,0,-0,0,0,0,0,0,0,0,-0,0,0,0,0,0,0,0,0,0,False,1,99589.491968070943,team-10-v3-controlled,0,1,0.011301695561460212,0,
2021-11-15T16:00:00Z,0,0,0,0,0,0,-0,0,0,0,0,0,0,0,-0,0,0,0,0,0,0,0,0,0,False,1,99589.491968070943,team-10-v3-controlled,0,1,0.011301695561460212,0,
2021-11-16T00:00:00Z,0,0,0,0,0,0,-0,0,0,0,0,0,0,0,-0,0,0,0,0,0,0,0,0,0,False,1,99589.491968070943,team-10-v3-controlled,0,1,0.011301695561460212,0,
2021-11-16T08:00:00Z,0,0,0,0,0,0,-0,0,0,0,0,0,0,0,-0,0,0,0,0,0,0,0,0,0,False,1,99589.491968070943,team-10-v3-controlled,0,1,0.011301695561460212,0,
2021-11-16T16:00:00Z,0,0,0,0,0,0,-0,0,0,0,0,0,0,0,-0,0,0,0,0,0,0,0,0,0,False,1,99589.491968070943,team-10-v3-controlled,0,1,0.011301695561460212,0,
2021-11-17T00:00:00Z,0,0,0,0,0,0,-0,0,0,0,0,0,0,0,-0,0,0,0,0,0,0,0,0,0,False,1,99589.491968070943,team-10-v3-controlled,0,1,0.011301695561460212,0,
2021-11-17T08:00:00Z,0,0,0,0,0,0,-0,0,0,0,0,0,0,0,-0,0,0,0,0,0,0,0,0,0,False,1,99589.491968070943,team-10-v3-controlled,0,1,0.011301695561460212,0,
2021-11-17T16:00:00Z,0,0,0,0,0,0,-0,0,0,0,0,0,0,0,-0,0,0,0,0,0,0,0,0,0,False,1,99589.491968070943,team-10-v3-controlled,0,1,0.011301695561460212,0,
2021-11-18T00:00:00Z,0,0,0,0,0,0,-0,0,0,0,0,0,0,0,-0,0,0,0,0,0,0,0,0,0,False,1,99589.491968070943,team-10-v3-controlled,0,1,0.011301695561460212,0,
2021-11-18T08:00:00Z,0,0,0,0,0,0,-0,0,0,0,0,0,0,0,-0,0,0,0,0,0,0,0,0,0,False,1,99589.491968070943,team-10-v3-controlled,0,1,0.011301695561460212,0,
2021-11-18T16:00:00Z,0,0,0,0,0,0,-0,0,0,0,0,0,0,0,-0,0,0,0,0,0,0,0,0,0,False,1,99589.491968070943,team-10-v3-controlled,0,1,0.011301695561460212,0,
2021-11-19T00:00:00Z,0,0,0,0,0,0,-0,0,0,0,0,0,0,0,-0,0,0,0,0,0,0,0,0,0,False,1,99589.491968070943,team-10-v3-controlled,0,1,0.011301695561460212,0,
2021-11-19T08:00:00Z,0,0,0,0,0,0,-0,0,0,0,0,0,0,0,-0,0,0,0,0,0,0,0,0,0,False,1,99589.491968070943,team-10-v3-controlled,0,1,0.011301695561460212,0,
2021-11-19T16:00:00Z,0,0,0,0,0,0,-0,0,0,0,0,0,0,0,-0,0,0,0,0,0,0,0,0,0,False,1,99589.491968070943,team-10-v3-controlled,0,1,0.011301695561460212,0,
2021-11-20T00:00:00Z,0,0,0,0,0,0,-0,0,0,0,0,0,0,0,-0,0,0,0,0,0,0,0,0,0,False,1,99589.491968070943,team-10-v3-controlled,0,1,0.011301695561460212,0,
2021-11-20T08:00:00Z,0,0,0,0,0,0,-0,0,0,0,0,0,0,0,-0,0,0,0,0,0,0,0,0,0,False,1,99589.491968070943,team-10-v3-controlled,0,1,0.011301695561460212,0,
2021-11-20T16:00:00Z,0,0,0,0,0,0,-0,0,0,0,0,0,0,0,-0,0,0,0,0,0,0,0,0,0,False,1,99589.491968070943,team-10-v3-controlled,0,1,0.011301695561460212,0,
2021-11-21T00:00:00Z,0,0,0,0,0,0,-0,0,0,0,0,0,0,0,-0,0,0,0,0,0,0,0,0,0,False,1,99589.491968070943,team-10-v3-controlled,0,1,0.011301695561460212,0,
2021-11-21T08:00:00Z,0,0,0,0,0,0,-0,0,0,0,0,0,0,0,-0,0,0,0,0,0,0,0,0,0,False,1,99589.491968070943,team-10-v3-controlled,0,1,0.011301695561460212,0,
2021-11-21T16:00:00Z,0,0,0,0,0,0,-0,0,0,0,0,0,0,0,-0,0,0,0,0,0,0,0,0,0,False,1,99589.491968070943,team-10-v3-controlled,0,1,0.011301695561460212,0,
2021-11-22T00:00:00Z,0,0,0,0,0,0,-0,0,0,0,0,0,0,0,-0,0,0,0,0,0,0,0,0,0,False,1,99589.491968070943,team-10-v3-controlled,0,1,0.011301695561460212,0,
2021-11-22T08:00:00Z,0,0,0,0,0,0,-0,0,0,0,0,0,0,0,-0,0,0,0,0,0,0,0,0,0,False,1,99589.491968070943,team-10-v3-controlled,0,1,0.011301695561460212,0,
2021-11-22T16:00:00Z,0,0,0,0,0,0,-0,0,0,0,0,0,0,0,-0,0,0,0,0,0,0,0,0,0,False,1,99589.491968070943,team-10-v3-controlled,0,1,0.011301695561460212,0,
2021-11-23T00:00:00Z,0,0,0,0,0,0,-0,0,0,0,0,0,0,0,-0,0,0,0,0,0,0,0,0,0,False,1,99589.491968070943,team-10-v3-controlled,0,1,0.011301695561460212,0,
2021-11-23T08:00:00Z,0,0,0,0,0,0,-0,0,0,0,0,0,0,0,-0,0,0,0,0,0,0,0,0,0,False,1,99589.491968070943,team-10-v3-controlled,0,1,0.011301695561460212,0,
2021-11-23T16:00:00Z,0,0,0,0,0,0,-0,0,0,0,0,0,0,0,-0,0,0,0,0,0,0,0,0,0,False,1,99589.491968070943,team-10-v3-controlled,0,1,0.011301695561460212,0,
2021-11-24T00:00:00Z,0,0,0,0,0,0,-0,0,0,0,0,0,0,0,-0,0,0,0,0,0,0,0,0,0,False,1,99589.491968070943,team-10-v3-controlled,0,1,0.011301695561460212,0,
2021-11-24T08:00:00Z,0,0,0,0,0,0,-0,0,0,0,0,0,0,0,-0,0,0,0,0,0,0,0,0,0,False,1,99589.491968070943,team-10-v3-controlled,0,1,0.011301695561460212,0,
2021-11-24T16:00:00Z,0,0,0,0,0,0,-0,0,0,0,0,0,0,0,-0,0,0,0,0,0,0,0,0,0,False,1,99589.491968070943,team-10-v3-controlled,0,1,0.011301695561460212,0,
2021-11-25T00:00:00Z,0,0,0,0,0,0,-0,0,0,0,0,0,0,0,-0,0,0,0,0,0,0,0,0,0,False,1,99589.491968070943,team-10-v3-controlled,0,1,0.011301695561460212,0,
2021-11-25T08:00:00Z,0,0,0,0,0,0,-0,0,0,0,0,0,0,0,-0,0,0,0,0,0,0,0,0,0,False,1,99589.491968070943,team-10-v3-controlled,0,1,0.011301695561460212,0,
2021-11-25T16:00:00Z,0,0,0,0,0,0,-0,0,0,0,0,0,0,0,-0,0,0,0,0,0,0,0,0,0,False,1,99589.491968070943,team-10-v3-controlled,0,1,0.011301695561460212,0,
2021-11-26T00:00:00Z,0,0,0,0,0,0,-0,0,0,0,0,0,0,0,-0,0,0,0,0,0,0,0,0,0,False,1,99589.491968070943,team-10-v3-controlled,0,1,0.011301695561460212,0,
2021-11-26T08:00:00Z,0,0,0,0,0,0,-0,0,0,0,0,0,0,0,-0,0,0,0,0,0,0,0,0,0,False,1,99589.491968070943,team-10-v3-controlled,0,1,0.011301695561460212,0,
2021-11-26T16:00:00Z,0,0,0,0,0,0,-0,0,0,0,0,0,0,0,-0,0,0,0,0,0,0,0,0,0,False,1,99589.491968070943,team-10-v3-controlled,0,1,0.011301695561460212,0,
2021-11-27T00:00:00Z,0,0,0,0,0,0,-0,0,0,0,0,0,0,0,-0,0,0,0,0,0,0,0,0,0,False,1,99589.491968070943,team-10-v3-controlled,0,1,0.011301695561460212,0,
2021-11-27T08:00:00Z,0,0,0,0,0,0,-0,0,0,0,0,0,0,0,-0,0,0,0,0,0,0,0,0,0,False,1,99589.491968070943,team-10-v3-controlled,0,1,0.011301695561460212,0,
2021-11-27T16:00:00Z,0,0,0,0,0,0,-0,0,0,0,0,0,0,0,-0,0,0,0,0,0,0,0,0,0,False,1,99589.491968070943,team-10-v3-controlled,0,1,0.011301695561460212,0,
2021-11-28T00:00:00Z,0,0,0,0,0,0,-0,0,0,0,0,0,0,0,-0,0,0,0,0,0,0,0,0,0,False,1,99589.491968070943,team-10-v3-controlled,0,1,0.011301695561460212,0,
2021-11-28T08:00:00Z,0,0,0,0,0,0,-0,0,0,0,0,0,0,0,-0,0,0,0,0,0,0,0,0,0,False,1,99589.491968070943,team-10-v3-controlled,0,1,0.011301695561460212,0,
2021-11-28T16:00:00Z,0,0,0,0,0,0,-0,0,0,0,0,0,0,0,-0,0,0,0,0,0,0,0,0,0,False,1,99589.491968070943,team-10-v3-controlled,0,1,0.011301695561460212,0,
2021-11-29T00:00:00Z,0,0,0,0,0,0,-0,0,0,0,0,0,0,0,-0,0,0,0,0,0,0,0,0,0,False,1,99589.491968070943,team-10-v3-controlled,0,1,0.011301695561460212,0,
2021-11-29T08:00:00Z,0,0,0,0,0,0,-0,0,0,0,0,0,0,0,-0,0,0,0,0,0,0,0,0,0,False,1,99589.491968070943,team-10-v3-controlled,0,1,0.011301695561460212,0,
2021-11-29T16:00:00Z,0,0,0,0,0,0,-0,0,0,0,0,0,0,0,-0,0,0,0,0,0,0,0,0,0,False,1,99589.491968070943,team-10-v3-controlled,0,1,0.011301695561460212,0,
2021-11-30T00:00:00Z,0,0,0,0,0,0,-0,0,0,0,0,0,0,0,-0,0,0,0,0,0,0,0,0,0,False,1,99589.491968070943,team-10-v3-controlled,0,1,0.011301695561460212,0,
2021-11-30T08:00:00Z,0,0,0,0,0,0,-0,0,0,0,0,0,0,0,-0,0,0,0,0,0,0,0,0,0,False,1,99589.491968070943,team-10-v3-controlled,0,1,0.011301695561460212,0,
2021-11-30T16:00:00Z,0,0,0,0,0,0,-0,0,0,0,0,0,0,0,-0,0,0,0,0,0,0,0,0,0,False,1,99589.491968070943,team-10-v3-controlled,0,1,0.011301695561460212,0,
2021-12-01T00:00:00Z,0,0,0,0,0,0,-0,0,0,0,0,0,0,0,-0,0,0,0,0,0,0,0,0,0,False,1,99589.491968070943,team-10-v3-controlled,0,1,0.011301695561460212,0,
2021-12-01T08:00:00Z,0,0,0,0,0,0,-0,0,0,0,0,0,0,0,-0,0,0,0,0,0,0,0,0,0,False,1,99589.491968070943,team-10-v3-controlled,0,1,0.011301695561460212,0,
2021-12-01T16:00:00Z,0,0,0,0,0,0,-0,0,0,0,0,0,0,0,-0,0,0,0,0,0,0,0,0,0,False,1,99589.491968070943,team-10-v3-controlled,0,1,0.011301695561460212,0,
2021-12-02T00:00:00Z,0,0,0,0,0,0,-0,0,0,0,0,0,0,0,-0,0,0,0,0,0,0,0,0,0,False,1,99589.491968070943,team-10-v3-controlled,0,1,0.011301695561460212,0,
2021-12-02T08:00:00Z,0,0,0,0,0,0,-0,0,0,0,0,0,0,0,-0,0,0,0,0,0,0,0,0,0,False,1,99589.491968070943,team-10-v3-controlled,0,1,0.011301695561460212,0,
2021-12-02T16:00:00Z,0,0,0,0,0,0,-0,0,0,0,0,0,0,0,-0,0,0,0,0,0,0,0,0,0,False,1,99589.491968070943,team-10-v3-controlled,0,1,0.011301695561460212,0,
2021-12-03T00:00:00Z,0,0,0,0,0,0,-0,0,0,0,0,0,0,0,-0,0,0,0,0,0,0,0,0,0,False,1,99589.491968070943,team-10-v3-controlled,0,1,0.011301695561460212,0,
2021-12-03T08:00:00Z,0,0,0,0,0,0,-0,0,0,0,0,0,0,0,-0,0,0,0,0,0,0,0,0,0,False,1,99589.491968070943,team-10-v3-controlled,0,1,0.011301695561460212,0,
2021-12-03T16:00:00Z,0,0,0,0,0,0,-0,0,0,0,0,0,0,0,-0,0,0,0,0,0,0,0,0,0,False,1,99589.491968070943,team-10-v3-controlled,0,1,0.011301695561460212,0,
2021-12-04T00:00:00Z,0,0,0,0,0,0,-0,0,0,0,0,0,0,0,-0,0,0,0,0,0,0,0,0,0,False,1,99589.491968070943,team-10-v3-controlled,0,1,0.011301695561460212,0,
2021-12-04T08:00:00Z,0,0,0,0,0,0,-0,0,0,0,0,0,0,0,-0,0,0,0,0,0,0,0,0,0,False,1,99589.491968070943,team-10-v3-controlled,0,1,0.011301695561460212,0,
2021-12-04T16:00:00Z,0,0,0,0,0,0,-0,0,0,0,0,0,0,0,-0,0,0,0,0,0,0,0,0,0,False,1,99589.491968070943,team-10-v3-controlled,0,1,0.011301695561460212,0,
2021-12-05T00:00:00Z,0,0,0,0,0,0,-0,0,0,0,0,0,0,0,-0,0,0,0,0,0,0,0,0,0,False,1,99589.491968070943,team-10-v3-controlled,0,1,0.011301695561460212,0,
2021-12-05T08:00:00Z,0,0,0,0,0,0,-0,0,0,0,0,0,0,0,-0,0,0,0,0,0,0,0,0,0,False,1,99589.491968070943,team-10-v3-controlled,0,1,0.011301695561460212,0,
2021-12-05T16:00:00Z,0,0,0,0,0,0,-0,0,0,0,0,0,0,0,-0,0,0,0,0,0,0,0,0,0,False,1,99589.491968070943,team-10-v3-controlled,0,1,0.011301695561460212,0,
2021-12-06T00:00:00Z,0,0,0,0,0,0,-0,0,0,0,0,0,0,0,-0,0,0,0,0,0,0,0,0,0,False,1,99589.491968070943,team-10-v3-controlled,0,1,0.011301695561460212,0,
2021-12-06T08:00:00Z,0,0,0,0,0,0,-0,0,0,0,0,0,0,0,-0,0,0,0,0,0,0,0,0,0,False,1,99589.491968070943,team-10-v3-controlled,0,1,0.011301695561460212,0,
2021-12-06T16:00:00Z,0,0,0,0,0,0,-0,0,0,0,0,0,0,0,-0,0,0,0,0,0,0,0,0,0,False,1,99589.491968070943,team-10-v3-controlled,0,1,0.011301695561460212,0,
2021-12-07T00:00:00Z,0,0,0,0,0,0,-0,0,0,0,0,0,0,0,-0,0,0,0,0,0,0,0,0,0,False,1,99589.491968070943,team-10-v3-controlled,0,1,0.011301695561460212,0,
2021-12-07T08:00:00Z,0,0,0,0,0,0,-0,0,0,0,0,0,0,0,-0,0,0,0,0,0,0,0,0,0,False,1,99589.491968070943,team-10-v3-controlled,0,1,0.011301695561460212,0,
2021-12-07T16:00:00Z,0,0,0,0,0,0,-0,0,0,0,0,0,0,0,-0,0,0,0,0,0,0,0,0,0,False,1,99589.491968070943,team-10-v3-controlled,0,1,0.011301695561460212,0,
2021-12-08T00:00:00Z,0,0,0,0,0,0,-0,0,0,0,0,0,0,0,-0,0,0,0,0,0,0,0,0,0,False,1,99589.491968070943,team-10-v3-controlled,0,1,0.011301695561460212,0,
2021-12-08T08:00:00Z,0,0,0,0,0,0,-0,0,0,0,0,0,0,0,-0,0,0,0,0,0,0,0,0,0,False,1,99589.491968070943,team-10-v3-controlled,0,1,0.011301695561460212,0,
2021-12-08T16:00:00Z,0,0,0,0,0,0,-0,0,0,0,0,0,0,0,-0,0,0,0,0,0,0,0,0,0,False,1,99589.491968070943,team-10-v3-controlled,0,1,0.011301695561460212,0,
2021-12-09T00:00:00Z,0,0,0,0,0,0,-0,0,0,0,0,0,0,0,-0,0,0,0,0,0,0,0,0,0,False,1,99589.491968070943,team-10-v3-controlled,0,1,0.011301695561460212,0,
2021-12-09T08:00:00Z,0,0,0,0,0,0,-0,0,0,0,0,0,0,0,-0,0,0,0,0,0,0,0,0,0,False,1,99589.491968070943,team-10-v3-controlled,0,1,0.011301695561460212,0,
2021-12-09T16:00:00Z,0,0,0,0,0,0,-0,0,0,0,0,0,0,0,-0,0,0,0,0,0,0,0,0,0,False,1,99589.491968070943,team-10-v3-controlled,0,1,0.011301695561460212,0,
2021-12-10T00:00:00Z,0,0,0,0,0,0,-0,0,0,0,0,0,0,0,-0,0,0,0,0,0,0,0,0,0,False,1,99589.491968070943,team-10-v3-controlled,0,1,0.011301695561460212,0,
2021-12-10T08:00:00Z,0,0,0,0,0,0,-0,0,0,0,0,0,0,0,-0,0,0,0,0,0,0,0,0,0,False,1,99589.491968070943,team-10-v3-controlled,0,1,0.011301695561460212,0,
2021-12-10T16:00:00Z,0,0,0,0,0,0,-0,0,0,0,0,0,0,0,-0,0,0,0,0,0,0,0,0,0,False,1,99589.491968070943,team-10-v3-controlled,0,1,0.011301695561460212,0,
2021-12-11T00:00:00Z,0,0,0,0,0,0,-0,0,0,0,0,0,0,0,-0,0,0,0,0,0,0,0,0,0,False,1,99589.491968070943,team-10-v3-controlled,0,1,0.011301695561460212,0,
2021-12-11T08:00:00Z,0,0,0,0,0,0,-0,0,0,0,0,0,0,0,-0,0,0,0,0,0,0,0,0,0,False,1,99589.491968070943,team-10-v3-controlled,0,1,0.011301695561460212,0,
2021-12-11T16:00:00Z,0,0,0,0,0,0,-0,0,0,0,0,0,0,0,-0,0,0,0,0,0,0,0,0,0,False,1,99589.491968070943,team-10-v3-controlled,0,1,0.011301695561460212,0,
2021-12-12T00:00:00Z,0,0,0,0,0,0,-0,0,0,0,0,0,0,0,-0,0,0,0,0,0,0,0,0,0,False,1,99589.491968070943,team-10-v3-controlled,0,1,0.011301695561460212,0,
2021-12-12T08:00:00Z,0,0,0,0,0,0,-0,0,0,0,0,0,0,0,-0,0,0,0,0,0,0,0,0,0,False,1,99589.491968070943,team-10-v3-controlled,0,1,0.011301695561460212,0,
2021-12-12T16:00:00Z,0,0,0,0,0,0,-0,0,0,0,0,0,0,0,-0,0,0,0,0,0,0,0,0,0,False,1,99589.491968070943,team-10-v3-controlled,0,1,0.011301695561460212,0,
2021-12-13T00:00:00Z,0,0,0,0,0,0,-0,0,0,0,0,0,0,0,-0,0,0,0,0,0,0,0,0,0,False,1,99589.491968070943,team-10-v3-controlled,0,1,0.011301695561460212,0,
2021-12-13T08:00:00Z,0,0,0,0,0,0,-0,0,0,0,0,0,0,0,-0,0,0,0,0,0,0,0,0,0,False,1,99589.491968070943,team-10-v3-controlled,0,1,0.011301695561460212,0,
2021-12-13T16:00:00Z,0,0,0,0,0,0,-0,0,0,0,0,0,0,0,-0,0,0,0,0,0,0,0,0,0,False,1,99589.491968070943,team-10-v3-controlled,0,1,0.011301695561460212,0,
2021-12-14T00:00:00Z,0,0,0,0,0,0,-0,0,0,0,0,0,0,0,-0,0,0,0,0,0,0,0,0,0,False,1,99589.491968070943,team-10-v3-controlled,0,1,0.011301695561460212,0,
2021-12-14T08:00:00Z,0,0,0,0,0,0,-0,0,0,0,0,0,0,0,-0,0,0,0,0,0,0,0,0,0,False,1,99589.491968070943,team-10-v3-controlled,0,1,0.011301695561460212,0,
2021-12-14T16:00:00Z,0,0,0,0,0,0,-0,0,0,0,0,0,0,0,-0,0,0,0,0,0,0,0,0,0,False,1,99589.491968070943,team-10-v3-controlled,0,1,0.011301695561460212,0,
2021-12-15T00:00:00Z,0,0,0,0,0,0,-0,0,0,0,0,0,0,0,-0,0,0,0,0,0,0,0,0,0,False,1,99589.491968070943,team-10-v3-controlled,0,1,0.011301695561460212,0,
2021-12-15T08:00:00Z,0,0,0,0,0,0,-0,0,0,0,0,0,0,0,-0,0,0,0,0,0,0,0,0,0,False,1,99589.491968070943,team-10-v3-controlled,0,1,0.011301695561460212,0,
2021-12-15T16:00:00Z,0,0,0,0,0,0,-0,0,0,0,0,0,0,0,-0,0,0,0,0,0,0,0,0,0,False,1,99589.491968070943,team-10-v3-controlled,0,1,0.011301695561460212,0,
2021-12-16T00:00:00Z,-3.6033909566127096e-06,-0.00021893246230079313,0.0002153290713441804,0,0,0,-0,9.9999999999999991e-05,4.9999999999999996e-05,-0.00015360339095661269,0.20000000000000001,0.20004899570656953,-3.4694469519536142e-18,0.10002449785328477,0.10002449785328477,39832.015064575469,19914.116670961281,0,0,0,0,0,0,0,False,1,99574.194684400994,team-10-v3-controlled,0,1,0.011301695561460212,0,
2021-12-16T08:00:00Z,0,0,0,-3.898775827682321e-06,-9.9778898497612384e-06,6.0791140220789191e-06,-0,9.9798198574889993e-05,4.9899099287444997e-05,-0.00015359607369001732,0.19959639714978,0,0,0,-0,19874.650508097213,0,0,0,0,0,0,0,0,False,1,99558.900479056625,team-10-v3-controlled,0,1,0.011457417094608457,0.00053578013604400735,
2021-12-16T16:00:00Z,0,0,0,0,0,0,-0,0,0,0,0,0,0,0,-0,0,0,0,0,0,0,0,0,0,False,1,99558.900479056625,team-10-v3-controlled,0,1,0.011605399825042606,0.00075342078031725296,
2021-12-17T00:00:00Z,0,0,0,0,0,0,-0,0,0,0,0,0,0,0,-0,0,0,0,0,0,0,0,0,0,False,1,99558.900479056625,team-10-v3-controlled,0,1,0.011605399825042606,0.00075342078031725296,
2021-12-17T08:00:00Z,0,0,0,0,0,0,-0,0,0,0,0,0,0,0,-0,0,0,0,0,0,0,0,0,0,False,1,99558.900479056625,team-10-v3-controlled,0,1,0.011605399825042606,0.00075342078031725296,
2021-12-17T16:00:00Z,0,0,0,0,0,0,-0,0,0,0,0,0,0,0,-0,0,0,0,0,0,0,0,0,0,False,1,99558.900479056625,team-10-v3-controlled,0,1,0.011605399825042606,0.00075342078031725296,
2021-12-18T00:00:00Z,0,0,0,0,0,0,-0,0,0,0,0,0,0,0,-0,0,0,0,0,0,0,0,0,0,False,1,99558.900479056625,team-10-v3-controlled,0,1,0.011605399825042606,0.00075342078031725296,
2021-12-18T08:00:00Z,0,0,0,0,0,0,-0,0,0,0,0,0,0,0,-0,0,0,0,0,0,0,0,0,0,False,1,99558.900479056625,team-10-v3-controlled,0,1,0.011605399825042606,0.00075342078031725296,
2021-12-18T16:00:00Z,0,0,0,0,0,0,-0,0,0,0,0,0,0,0,-0,0,0,0,0,0,0,0,0,0,False,1,99558.900479056625,team-10-v3-controlled,0,1,0.011605399825042606,0.00075342078031725296,
2021-12-19T00:00:00Z,0,0,0,0,0,0,-0,0,0,0,0,0,0,0,-0,0,0,0,0,0,0,0,0,0,False,1,99558.900479056625,team-10-v3-controlled,0,1,0.011605399825042606,0.00075342078031725296,
2021-12-19T08:00:00Z,0,0,0,0,0,0,-0,0,0,0,0,0,0,0,-0,0,0,0,0,0,0,0,0,0,False,1,99558.900479056625,team-10-v3-controlled,0,1,0.011605399825042606,0.00075342078031725296,
2021-12-19T16:00:00Z,0,0,0,0,0,0,-0,0,0,0,0,0,0,0,-0,0,0,0,0,0,0,0,0,0,False,1,99558.900479056625,team-10-v3-controlled,0,1,0.011605399825042606,0.00075342078031725296,
2021-12-20T00:00:00Z,0,0,0,0,0,0,-0,0,0,0,0,0,0,0,-0,0,0,0,0,0,0,0,0,0,False,1,99558.900479056625,team-10-v3-controlled,0,1,0.011605399825042606,0.00075342078031725296,
2021-12-20T08:00:00Z,0,0,0,0,0,0,-0,0,0,0,0,0,0,0,-0,0,0,0,0,0,0,0,0,0,False,1,99558.900479056625,team-10-v3-controlled,0,1,0.011605399825042606,0.00075342078031725296,
2021-12-20T16:00:00Z,0,0,0,0,0,0,-0,0,0,0,0,0,0,0,-0,0,0,0,0,0,0,0,0,0,False,1,99558.900479056625,team-10-v3-controlled,0,1,0.011605399825042606,0.00075342078031725296,
2021-12-21T00:00:00Z,0,0,0,0,0,0,-0,0,0,0,0,0,0,0,-0,0,0,0,0,0,0,0,0,0,False,1,99558.900479056625,team-10-v3-controlled,0,1,0.011605399825042606,0.00075342078031725296,
2021-12-21T08:00:00Z,0,0,0,0,0,0,-0,0,0,0,0,0,0,0,-0,0,0,0,0,0,0,0,0,0,False,1,99558.900479056625,team-10-v3-controlled,0,1,0.011605399825042606,0.00075342078031725296,
2021-12-21T16:00:00Z,0,0,0,0,0,0,-0,0,0,0,0,0,0,0,-0,0,0,0,0,0,0,0,0,0,False,1,99558.900479056625,team-10-v3-controlled,0,1,0.011605399825042606,0.00075342078031725296,
2021-12-22T00:00:00Z,0,0,0,0,0,0,-0,0,0,0,0,0,0,0,-0,0,0,0,0,0,0,0,0,0,False,1,99558.900479056625,team-10-v3-controlled,0,1,0.011605399825042606,0.00075342078031725296,
2021-12-22T08:00:00Z,0,0,0,0,0,0,-0,0,0,0,0,0,0,0,-0,0,0,0,0,0,0,0,0,0,False,1,99558.900479056625,team-10-v3-controlled,0,1,0.011605399825042606,0.00075342078031725296,
2021-12-22T16:00:00Z,0,0,0,0,0,0,-0,0,0,0,0,0,0,0,-0,0,0,0,0,0,0,0,0,0,False,1,99558.900479056625,team-10-v3-controlled,0,1,0.011605399825042606,0.00075342078031725296,
2021-12-23T00:00:00Z,0,0,0,0,0,0,-0,0,0,0,0,0,0,0,-0,0,0,0,0,0,0,0,0,0,False,1,99558.900479056625,team-10-v3-controlled,0,1,0.011605399825042606,0.00075342078031725296,
2021-12-23T08:00:00Z,0,0,0,0,0,0,-0,0,0,0,0,0,0,0,-0,0,0,0,0,0,0,0,0,0,False,1,99558.900479056625,team-10-v3-controlled,0,1,0.011605399825042606,0.00075342078031725296,
2021-12-23T16:00:00Z,0,0,0,0,0,0,-0,0,0,0,0,0,0,0,-0,0,0,0,0,0,0,0,0,0,False,1,99558.900479056625,team-10-v3-controlled,0,1,0.011605399825042606,0.00075342078031725296,
2021-12-24T00:00:00Z,0,0,0,0,0,0,-0,0,0,0,0,0,0,0,-0,0,0,0,0,0,0,0,0,0,False,1,99558.900479056625,team-10-v3-controlled,0,1,0.011605399825042606,0.00075342078031725296,
2021-12-24T08:00:00Z,0,0,0,0,0,0,-0,0,0,0,0,0,0,0,-0,0,0,0,0,0,0,0,0,0,False,1,99558.900479056625,team-10-v3-controlled,0,1,0.011605399825042606,0.00075342078031725296,
2021-12-24T16:00:00Z,0,0,0,0,0,0,-0,0,0,0,0,0,0,0,-0,0,0,0,0,0,0,0,0,0,False,1,99558.900479056625,team-10-v3-controlled,0,1,0.011605399825042606,0.00075342078031725296,
2021-12-25T00:00:00Z,0,0,0,0,0,0,-0,0,0,0,0,0,0,0,-0,0,0,0,0,0,0,0,0,0,False,1,99558.900479056625,team-10-v3-controlled,0,1,0.011605399825042606,0.00075342078031725296,
2021-12-25T08:00:00Z,0,0,0,0,0,0,-0,0,0,0,0,0,0,0,-0,0,0,0,0,0,0,0,0,0,False,1,99558.900479056625,team-10-v3-controlled,0,1,0.011605399825042606,0.00075342078031725296,
2021-12-25T16:00:00Z,0,0,0,0,0,0,-0,0,0,0,0,0,0,0,-0,0,0,0,0,0,0,0,0,0,False,1,99558.900479056625,team-10-v3-controlled,0,1,0.011605399825042606,0.00075342078031725296,
2021-12-26T00:00:00Z,0,0,0,0,0,0,-0,0,0,0,0,0,0,0,-0,0,0,0,0,0,0,0,0,0,False,1,99558.900479056625,team-10-v3-controlled,0,1,0.011605399825042606,0.00075342078031725296,
2021-12-26T08:00:00Z,0,0,0,0,0,0,-0,0,0,0,0,0,0,0,-0,0,0,0,0,0,0,0,0,0,False,1,99558.900479056625,team-10-v3-controlled,0,1,0.011605399825042606,0.00075342078031725296,
2021-12-26T16:00:00Z,0,0,0,0,0,0,-0,0,0,0,0,0,0,0,-0,0,0,0,0,0,0,0,0,0,False,1,99558.900479056625,team-10-v3-controlled,0,1,0.011605399825042606,0.00075342078031725296,
2021-12-27T00:00:00Z,0,0,0,0,0,0,-0,0,0,0,0,0,0,0,-0,0,0,0,0,0,0,0,0,0,False,1,99558.900479056625,team-10-v3-controlled,0,1,0.011605399825042606,0.00075342078031725296,
2021-12-27T08:00:00Z,0,0,0,0,0,0,-0,0,0,0,0,0,0,0,-0,0,0,0,0,0,0,0,0,0,False,1,99558.900479056625,team-10-v3-controlled,0,1,0.011605399825042606,0.00075342078031725296,
2021-12-27T16:00:00Z,0,0,0,0,0,0,-0,0,0,0,0,0,0,0,-0,0,0,0,0,0,0,0,0,0,False,1,99558.900479056625,team-10-v3-controlled,0,1,0.011605399825042606,0.00075342078031725296,
2021-12-28T00:00:00Z,0,0,0,0,0,0,-0,0,0,0,0,0,0,0,-0,0,0,0,0,0,0,0,0,0,False,1,99558.900479056625,team-10-v3-controlled,0,1,0.011605399825042606,0.00075342078031725296,
2021-12-28T08:00:00Z,0,0,0,0,0,0,-0,0,0,0,0,0,0,0,-0,0,0,0,0,0,0,0,0,0,False,1,99558.900479056625,team-10-v3-controlled,0,1,0.011605399825042606,0.00075342078031725296,
2021-12-28T16:00:00Z,0,0,0,0,0,0,-0,0,0,0,0,0,0,0,-0,0,0,0,0,0,0,0,0,0,False,1,99558.900479056625,team-10-v3-controlled,0,1,0.011605399825042606,0.00075342078031725296,
2021-12-29T00:00:00Z,0,0,0,0,0,0,-0,0,0,0,0,0,0,0,-0,0,0,0,0,0,0,0,0,0,False,1,99558.900479056625,team-10-v3-controlled,0,1,0.011605399825042606,0.00075342078031725296,
2021-12-29T08:00:00Z,0,0,0,0,0,0,-0,0,0,0,0,0,0,0,-0,0,0,0,0,0,0,0,0,0,False,1,99558.900479056625,team-10-v3-controlled,0,1,0.011605399825042606,0.00075342078031725296,
2021-12-29T16:00:00Z,0,0,0,0,0,0,-0,0,0,0,0,0,0,0,-0,0,0,0,0,0,0,0,0,0,False,1,99558.900479056625,team-10-v3-controlled,0,1,0.011605399825042606,0.00075342078031725296,
2021-12-30T00:00:00Z,0,0,0,0,0,0,-0,0,0,0,0,0,0,0,-0,0,0,0,0,0,0,0,0,0,False,1,99558.900479056625,team-10-v3-controlled,0,1,0.011605399825042606,0.00075342078031725296,
2021-12-30T08:00:00Z,0,0,0,0,0,0,-0,0,0,0,0,0,0,0,-0,0,0,0,0,0,0,0,0,0,False,1,99558.900479056625,team-10-v3-controlled,0,1,0.011605399825042606,0.00075342078031725296,
2021-12-30T16:00:00Z,0,0,0,0,0,0,-0,0,0,0,0,0,0,0,-0,0,0,0,0,0,0,0,0,0,False,1,99558.900479056625,team-10-v3-controlled,0,1,0.011605399825042606,0.00075342078031725296,
2021-12-31T00:00:00Z,0,0,0,0,0,0,-0,0,0,0,0,0,0,0,-0,0,0,0,0,0,0,0,0,0,False,1,99558.900479056625,team-10-v3-controlled,0,1,0.011605399825042606,0.00075342078031725296,
2021-12-31T08:00:00Z,0,0,0,0,0,0,-0,0,0,0,0,0,0,0,-0,0,0,0,0,0,0,0,0,0,False,1,99558.900479056625,team-10-v3-controlled,0,1,0.011605399825042606,0.00075342078031725296,
2021-12-31T16:00:00Z,0,0,0,0,0,0,-0,0,0,0,0,0,0,0,-0,0,0,0,0,0,0,0,0,0,False,1,99558.900479056625,team-10-v3-controlled,0,1,0.011605399825042606,0.00075342078031725296,
2022-01-01T00:00:00Z,0,0,0,0,0,0,-0,0,0,0,0,0,0,0,-0,0,0,0,0,0,0,0,0,0,False,1,99558.900479056625,team-10-v3-controlled,0,1,0.011605399825042606,0.00075342078031725296,
2022-01-01T08:00:00Z,0,0,0,0,0,0,-0,0,0,0,0,0,0,0,-0,0,0,0,0,0,0,0,0,0,False,1,99558.900479056625,team-10-v3-controlled,0,1,0.011605399825042606,0.00075342078031725296,
2022-01-01T16:00:00Z,0,0,0,0,0,0,-0,0,0,0,0,0,0,0,-0,0,0,0,0,0,0,0,0,0,False,1,99558.900479056625,team-10-v3-controlled,0,1,0.011605399825042606,0.00075342078031725296,
2022-01-02T00:00:00Z,0,0,0,0,0,0,-0,0,0,0,0,0,0,0,-0,0,0,0,0,0,0,0,0,0,False,1,99558.900479056625,team-10-v3-controlled,0,1,0.011605399825042606,0.00075342078031725296,
2022-01-02T08:00:00Z,0,0,0,0,0,0,-0,0,0,0,0,0,0,0,-0,0,0,0,0,0,0,0,0,0,False,1,99558.900479056625,team-10-v3-controlled,0,1,0.011605399825042606,0.00075342078031725296,
2022-01-02T16:00:00Z,0,0,0,0,0,0,-0,0,0,0,0,0,0,0,-0,0,0,0,0,0,0,0,0,0,False,1,99558.900479056625,team-10-v3-controlled,0,1,0.011605399825042606,0.00075342078031725296,
2022-01-03T00:00:00Z,0,0,0,0,0,0,-0,0,0,0,0,0,0,0,-0,0,0,0,0,0,0,0,0,0,False,1,99558.900479056625,team-10-v3-controlled,0,1,0.011605399825042606,0.00075342078031725296,
2022-01-03T08:00:00Z,0,0,0,0,0,0,-0,0,0,0,0,0,0,0,-0,0,0,0,0,0,0,0,0,0,False,1,99558.900479056625,team-10-v3-controlled,0,1,0.011605399825042606,0.00075342078031725296,
2022-01-03T16:00:00Z,0,0,0,0,0,0,-0,0,0,0,0,0,0,0,-0,0,0,0,0,0,0,0,0,0,False,1,99558.900479056625,team-10-v3-controlled,0,1,0.011605399825042606,0.00075342078031725296,
2022-01-04T00:00:00Z,0,0,0,0,0,0,-0,0,0,0,0,0,0,0,-0,0,0,0,0,0,0,0,0,0,False,1,99558.900479056625,team-10-v3-controlled,0,1,0.011605399825042606,0.00075342078031725296,
2022-01-04T08:00:00Z,0,0,0,0,0,0,-0,0,0,0,0,0,0,0,-0,0,0,0,0,0,0,0,0,0,False,1,99558.900479056625,team-10-v3-controlled,0,1,0.011605399825042606,0.00075342078031725296,
2022-01-04T16:00:00Z,0,0,0,0,0,0,-0,0,0,0,0,0,0,0,-0,0,0,0,0,0,0,0,0,0,False,1,99558.900479056625,team-10-v3-controlled,0,1,0.011605399825042606,0.00075342078031725296,
2022-01-05T00:00:00Z,0,0,0,0,0,0,-0,0,0,0,0,0,0,0,-0,0,0,0,0,0,0,0,0,0,False,1,99558.900479056625,team-10-v3-controlled,0,1,0.011605399825042606,0.00075342078031725296,
2022-01-05T08:00:00Z,0,0,0,0,0,0,-0,0,0,0,0,0,0,0,-0,0,0,0,0,0,0,0,0,0,False,1,99558.900479056625,team-10-v3-controlled,0,1,0.011605399825042606,0.00075342078031725296,
2022-01-05T16:00:00Z,0,0,0,0,0,0,-0,0,0,0,0,0,0,0,-0,0,0,0,0,0,0,0,0,0,False,1,99558.900479056625,team-10-v3-controlled,0,1,0.011605399825042606,0.00075342078031725296,
2022-01-06T00:00:00Z,0,0,0,0,0,0,-0,0,0,0,0,0,0,0,-0,0,0,0,0,0,0,0,0,0,False,1,99558.900479056625,team-10-v3-controlled,0,1,0.011605399825042606,0.00075342078031725296,
2022-01-06T08:00:00Z,0,0,0,0,0,0,-0,0,0,0,0,0,0,0,-0,0,0,0,0,0,0,0,0,0,False,1,99558.900479056625,team-10-v3-controlled,0,1,0.011605399825042606,0.00075342078031725296,
2022-01-06T16:00:00Z,0,0,0,0,0,0,-0,0,0,0,0,0,0,0,-0,0,0,0,0,0,0,0,0,0,False,1,99558.900479056625,team-10-v3-controlled,0,1,0.011605399825042606,0.00075342078031725296,
2022-01-07T00:00:00Z,0,0,0,0,0,0,-0,0,0,0,0,0,0,0,-0,0,0,0,0,0,0,0,0,0,False,1,99558.900479056625,team-10-v3-controlled,0,1,0.011605399825042606,0.00075342078031725296,
2022-01-07T08:00:00Z,0,0,0,0,0,0,-0,0,0,0,0,0,0,0,-0,0,0,0,0,0,0,0,0,0,False,1,99558.900479056625,team-10-v3-controlled,0,1,0.011605399825042606,0.00075342078031725296,
2022-01-07T16:00:00Z,0,0,0,0,0,0,-0,0,0,0,0,0,0,0,-0,0,0,0,0,0,0,0,0,0,False,1,99558.900479056625,team-10-v3-controlled,0,1,0.011605399825042606,0.00075342078031725296,
2022-01-08T00:00:00Z,0,0,0,0,0,0,-0,0,0,0,0,0,0,0,-0,0,0,0,0,0,0,0,0,0,False,1,99558.900479056625,team-10-v3-controlled,0,1,0.011605399825042606,0.00075342078031725296,
2022-01-08T08:00:00Z,0,0,0,0,0,0,-0,0,0,0,0,0,0,0,-0,0,0,0,0,0,0,0,0,0,False,1,99558.900479056625,team-10-v3-controlled,0,1,0.011605399825042606,0.00075342078031725296,
2022-01-08T16:00:00Z,0,0,0,0,0,0,-0,0,0,0,0,0,0,0,-0,0,0,0,0,0,0,0,0,0,False,1,99558.900479056625,team-10-v3-controlled,0,1,0.011605399825042606,0.00075342078031725296,
2022-01-09T00:00:00Z,0,0,0,0,0,0,-0,0,0,0,0,0,0,0,-0,0,0,0,0,0,0,0,0,0,False,1,99558.900479056625,team-10-v3-controlled,0,1,0.011605399825042606,0.00075342078031725296,
2022-01-09T08:00:00Z,0,0,0,0,0,0,-0,0,0,0,0,0,0,0,-0,0,0,0,0,0,0,0,0,0,False,1,99558.900479056625,team-10-v3-controlled,0,1,0.011605399825042606,0.00075342078031725296,
2022-01-09T16:00:00Z,0,0,0,0,0,0,-0,0,0,0,0,0,0,0,-0,0,0,0,0,0,0,0,0,0,False,1,99558.900479056625,team-10-v3-controlled,0,1,0.011605399825042606,0.00075342078031725296,
2022-01-10T00:00:00Z,0,0,0,0,0,0,-0,0,0,0,0,0,0,0,-0,0,0,0,0,0,0,0,0,0,False,1,99558.900479056625,team-10-v3-controlled,0,1,0.011605399825042606,0.00075342078031725296,
2022-01-10T08:00:00Z,0,0,0,0,0,0,-0,0,0,0,0,0,0,0,-0,0,0,0,0,0,0,0,0,0,False,1,99558.900479056625,team-10-v3-controlled,0,1,0.011605399825042606,0.00075342078031725296,
2022-01-10T16:00:00Z,0,0,0,0,0,0,-0,0,0,0,0,0,0,0,-0,0,0,0,0,0,0,0,0,0,False,1,99558.900479056625,team-10-v3-controlled,0,1,0.011605399825042606,0.00075342078031725296,
2022-01-11T00:00:00Z,0,0,0,0,0,0,-0,0,0,0,0,0,0,0,-0,0,0,0,0,0,0,0,0,0,False,1,99558.900479056625,team-10-v3-controlled,0,1,0.011605399825042606,0.00075342078031725296,
2022-01-11T08:00:00Z,0,0,0,0,0,0,-0,0,0,0,0,0,0,0,-0,0,0,0,0,0,0,0,0,0,False,1,99558.900479056625,team-10-v3-controlled,0,1,0.011605399825042606,0.00075342078031725296,
2022-01-11T16:00:00Z,0,0,0,0,0,0,-0,0,0,0,0,0,0,0,-0,0,0,0,0,0,0,0,0,0,False,1,99558.900479056625,team-10-v3-controlled,0,1,0.011605399825042606,0.00075342078031725296,
2022-01-12T00:00:00Z,0,0,0,0,0,0,-0,0,0,0,0,0,0,0,-0,0,0,0,0,0,0,0,0,0,False,1,99558.900479056625,team-10-v3-controlled,0,1,0.011605399825042606,0.00075342078031725296,
2022-01-12T08:00:00Z,0,0,0,0,0,0,-0,0,0,0,0,0,0,0,-0,0,0,0,0,0,0,0,0,0,False,1,99558.900479056625,team-10-v3-controlled,0,1,0.011605399825042606,0.00075342078031725296,
2022-01-12T16:00:00Z,0,0,0,0,0,0,-0,0,0,0,0,0,0,0,-0,0,0,0,0,0,0,0,0,0,False,1,99558.900479056625,team-10-v3-controlled,0,1,0.011605399825042606,0.00075342078031725296,
2022-01-13T00:00:00Z,0,0,0,0,0,0,-0,0,0,0,0,0,0,0,-0,0,0,0,0,0,0,0,0,0,False,1,99558.900479056625,team-10-v3-controlled,0,1,0.011605399825042606,0.00075342078031725296,
2022-01-13T08:00:00Z,0,0,0,0,0,0,-0,0,0,0,0,0,0,0,-0,0,0,0,0,0,0,0,0,0,False,1,99558.900479056625,team-10-v3-controlled,0,1,0.011605399825042606,0.00075342078031725296,
2022-01-13T16:00:00Z,0,0,0,0,0,0,-0,0,0,0,0,0,0,0,-0,0,0,0,0,0,0,0,0,0,False,1,99558.900479056625,team-10-v3-controlled,0,1,0.011605399825042606,0.00075342078031725296,
2022-01-14T00:00:00Z,0,0,0,0,0,0,-0,0,0,0,0,0,0,0,-0,0,0,0,0,0,0,0,0,0,False,1,99558.900479056625,team-10-v3-controlled,0,1,0.011605399825042606,0.00075342078031725296,
2022-01-14T08:00:00Z,0,0,0,0,0,0,-0,0,0,0,0,0,0,0,-0,0,0,0,0,0,0,0,0,0,False,1,99558.900479056625,team-10-v3-controlled,0,1,0.011605399825042606,0.00075342078031725296,
2022-01-14T16:00:00Z,0,0,0,0,0,0,-0,0,0,0,0,0,0,0,-0,0,0,0,0,0,0,0,0,0,False,1,99558.900479056625,team-10-v3-controlled,0,1,0.011605399825042606,0.00075342078031725296,
2022-01-15T00:00:00Z,0,0,0,0,0,0,-0,0,0,0,0,0,0,0,-0,0,0,0,0,0,0,0,0,0,False,1,99558.900479056625,team-10-v3-controlled,0,1,0.011605399825042606,0.00075342078031725296,
2022-01-15T08:00:00Z,0,0,0,0,0,0,-0,0,0,0,0,0,0,0,-0,0,0,0,0,0,0,0,0,0,False,1,99558.900479056625,team-10-v3-controlled,0,1,0.011605399825042606,0.0005357546128698928,
2022-01-15T16:00:00Z,0,0,0,0,0,0,-0,0,0,0,0,0,0,0,-0,0,0,0,0,0,0,0,0,0,False,1,99558.900479056625,team-10-v3-controlled,0,1,0.011605399825042606,0,
2022-01-16T00:00:00Z,0,0,0,0,0,0,-0,0,0,0,0,0,0,0,-0,0,0,0,0,0,0,0,0,0,False,1,99558.900479056625,team-10-v3-controlled,0,1,0.011605399825042606,0,
2022-01-16T08:00:00Z,0,0,0,0,0,0,-0,0,0,0,0,0,0,0,-0,0,0,0,0,0,0,0,0,0,False,1,99558.900479056625,team-10-v3-controlled,0,1,0.011605399825042606,0,
2022-01-16T16:00:00Z,0,0,0,0,0,0,-0,0,0,0,0,0,0,0,-0,0,0,0,0,0,0,0,0,0,False,1,99558.900479056625,team-10-v3-controlled,0,1,0.011605399825042606,0,
2022-01-17T00:00:00Z,0,0,0,0,0,0,-0,0,0,0,0,0,0,0,-0,0,0,0,0,0,0,0,0,0,False,1,99558.900479056625,team-10-v3-controlled,0,1,0.011605399825042606,0,
2022-01-17T08:00:00Z,0,0,0,0,0,0,-0,0,0,0,0,0,0,0,-0,0,0,0,0,0,0,0,0,0,False,1,99558.900479056625,team-10-v3-controlled,0,1,0.011605399825042606,0,
2022-01-17T16:00:00Z,0,0,0,0,0,0,-0,0,0,0,0,0,0,0,-0,0,0,0,0,0,0,0,0,0,False,1,99558.900479056625,team-10-v3-controlled,0,1,0.011605399825042606,0,
2022-01-18T00:00:00Z,0,0,0,0,0,0,-0,0,0,0,0,0,0,0,-0,0,0,0,0,0,0,0,0,0,False,1,99558.900479056625,team-10-v3-controlled,0,1,0.011605399825042606,0,
2022-01-18T08:00:00Z,0,0,0,0,0,0,-0,0,0,0,0,0,0,0,-0,0,0,0,0,0,0,0,0,0,False,1,99558.900479056625,team-10-v3-controlled,0,1,0.011605399825042606,0,
2022-01-18T16:00:00Z,0,0,0,0,0,0,-0,0,0,0,0,0,0,0,-0,0,0,0,0,0,0,0,0,0,False,1,99558.900479056625,team-10-v3-controlled,0,1,0.011605399825042606,0,
2022-01-19T00:00:00Z,0,0,0,0,0,0,-0,0,0,0,0,0,0,0,-0,0,0,0,0,0,0,0,0,0,False,1,99558.900479056625,team-10-v3-controlled,0,1,0.011605399825042606,0,
2022-01-19T08:00:00Z,0,0,0,0,0,0,-0,0,0,0,0,0,0,0,-0,0,0,0,0,0,0,0,0,0,False,1,99558.900479056625,team-10-v3-controlled,0,1,0.011605399825042606,0,
2022-01-19T16:00:00Z,0,0,0,0,0,0,-0,0,0,0,0,0,0,0,-0,0,0,0,0,0,0,0,0,0,False,1,99558.900479056625,team-10-v3-controlled,0,1,0.011605399825042606,0,
2022-01-20T00:00:00Z,0,0,0,0,0,0,-0,0,0,0,0,0,0,0,-0,0,0,0,0,0,0,0,0,0,False,1,99558.900479056625,team-10-v3-controlled,0,1,0.011605399825042606,0,
2022-01-20T08:00:00Z,0,0,0,0,0,0,-0,0,0,0,0,0,0,0,-0,0,0,0,0,0,0,0,0,0,False,1,99558.900479056625,team-10-v3-controlled,0,1,0.011605399825042606,0,
2022-01-20T16:00:00Z,0,0,0,0,0,0,-0,0,0,0,0,0,0,0,-0,0,0,0,0,0,0,0,0,0,False,1,99558.900479056625,team-10-v3-controlled,0,1,0.011605399825042606,0,
2022-01-21T00:00:00Z,0,0,0,0,0,0,-0,0,0,0,0,0,0,0,-0,0,0,0,0,0,0,0,0,0,False,1,99558.900479056625,team-10-v3-controlled,0,1,0.011605399825042606,0,
2022-01-21T08:00:00Z,0,0,0,0,0,0,-0,0,0,0,0,0,0,0,-0,0,0,0,0,0,0,0,0,0,False,1,99558.900479056625,team-10-v3-controlled,0,1,0.011605399825042606,0,
2022-01-21T16:00:00Z,0,0,0,0,0,0,-0,0,0,0,0,0,0,0,-0,0,0,0,0,0,0,0,0,0,False,1,99558.900479056625,team-10-v3-controlled,0,1,0.011605399825042606,0,
2022-01-22T00:00:00Z,0,0,0,0,0,0,-0,0,0,0,0,0,0,0,-0,0,0,0,0,0,0,0,0,0,False,1,99558.900479056625,team-10-v3-controlled,0,1,0.011605399825042606,0,
2022-01-22T08:00:00Z,0,0,0,0,0,0,-0,0,0,0,0,0,0,0,-0,0,0,0,0,0,0,0,0,0,False,1,99558.900479056625,team-10-v3-controlled,0,1,0.011605399825042606,0,
2022-01-22T16:00:00Z,0,0,0,0,0,0,-0,0,0,0,0,0,0,0,-0,0,0,0,0,0,0,0,0,0,False,1,99558.900479056625,team-10-v3-controlled,0,1,0.011605399825042606,0,
2022-01-23T00:00:00Z,0,0,0,0,0,0,-0,0,0,0,0,0,0,0,-0,0,0,0,0,0,0,0,0,0,False,1,99558.900479056625,team-10-v3-controlled,0,1,0.011605399825042606,0,
2022-01-23T08:00:00Z,0,0,0,0,0,0,-0,0,0,0,0,0,0,0,-0,0,0,0,0,0,0,0,0,0,False,1,99558.900479056625,team-10-v3-controlled,0,1,0.011605399825042606,0,
2022-01-23T16:00:00Z,0,0,0,0,0,0,-0,0,0,0,0,0,0,0,-0,0,0,0,0,0,0,0,0,0,False,1,99558.900479056625,team-10-v3-controlled,0,1,0.011605399825042606,0,
2022-01-24T00:00:00Z,0,0,0,0,0,0,-0,0,0,0,0,0,0,0,-0,0,0,0,0,0,0,0,0,0,False,1,99558.900479056625,team-10-v3-controlled,0,1,0.011605399825042606,0,
2022-01-24T08:00:00Z,0,0,0,0,0,0,-0,0,0,0,0,0,0,0,-0,0,0,0,0,0,0,0,0,0,False,1,99558.900479056625,team-10-v3-controlled,0,1,0.011605399825042606,0,
2022-01-24T16:00:00Z,0,0,0,0,0,0,-0,0,0,0,0,0,0,0,-0,0,0,0,0,0,0,0,0,0,False,1,99558.900479056625,team-10-v3-controlled,0,1,0.011605399825042606,0,
2022-01-25T00:00:00Z,0,0,0,0,0,0,-0,0,0,0,0,0,0,0,-0,0,0,0,0,0,0,0,0,0,False,1,99558.900479056625,team-10-v3-controlled,0,1,0.011605399825042606,0,
2022-01-25T08:00:00Z,0,0,0,0,0,0,-0,0,0,0,0,0,0,0,-0,0,0,0,0,0,0,0,0,0,False,1,99558.900479056625,team-10-v3-controlled,0,1,0.011605399825042606,0,
2022-01-25T16:00:00Z,0,0,0,0,0,0,-0,0,0,0,0,0,0,0,-0,0,0,0,0,0,0,0,0,0,False,1,99558.900479056625,team-10-v3-controlled,0,1,0.011605399825042606,0,
2022-01-26T00:00:00Z,0,0,0,0,0,0,-0,0,0,0,0,0,0,0,-0,0,0,0,0,0,0,0,0,0,False,1,99558.900479056625,team-10-v3-controlled,0,1,0.011605399825042606,0,
2022-01-26T08:00:00Z,0,0,0,0,0,0,-0,0,0,0,0,0,0,0,-0,0,0,0,0,0,0,0,0,0,False,1,99558.900479056625,team-10-v3-controlled,0,1,0.011605399825042606,0,
2022-01-26T16:00:00Z,0,0,0,0,0,0,-0,0,0,0,0,0,0,0,-0,0,0,0,0,0,0,0,0,0,False,1,99558.900479056625,team-10-v3-controlled,0,1,0.011605399825042606,0,
2022-01-27T00:00:00Z,0,0,0,0,0,0,-0,0,0,0,0,0,0,0,-0,0,0,0,0,0,0,0,0,0,False,1,99558.900479056625,team-10-v3-controlled,0,1,0.011605399825042606,0,
2022-01-27T08:00:00Z,0,0,0,0,0,0,-0,0,0,0,0,0,0,0,-0,0,0,0,0,0,0,0,0,0,False,1,99558.900479056625,team-10-v3-controlled,0,1,0.011605399825042606,0,
2022-01-27T16:00:00Z,0,0,0,0,0,0,-0,0,0,0,0,0,0,0,-0,0,0,0,0,0,0,0,0,0,False,1,99558.900479056625,team-10-v3-controlled,0,1,0.011605399825042606,0,
2022-01-28T00:00:00Z,0,0,0,0,0,0,-0,0,0,0,0,0,0,0,-0,0,0,0,0,0,0,0,0,0,False,1,99558.900479056625,team-10-v3-controlled,0,1,0.011605399825042606,0,
2022-01-28T08:00:00Z,0,0,0,0,0,0,-0,0,0,0,0,0,0,0,-0,0,0,0,0,0,0,0,0,0,False,1,99558.900479056625,team-10-v3-controlled,0,1,0.011605399825042606,0,
2022-01-28T16:00:00Z,0,0,0,0,0,0,-0,0,0,0,0,0,0,0,-0,0,0,0,0,0,0,0,0,0,False,1,99558.900479056625,team-10-v3-controlled,0,1,0.011605399825042606,0,
2022-01-29T00:00:00Z,0,0,0,0,0,0,-0,0,0,0,0,0,0,0,-0,0,0,0,0,0,0,0,0,0,False,1,99558.900479056625,team-10-v3-controlled,0,1,0.011605399825042606,0,
2022-01-29T08:00:00Z,0,0,0,0,0,0,-0,0,0,0,0,0,0,0,-0,0,0,0,0,0,0,0,0,0,False,1,99558.900479056625,team-10-v3-controlled,0,1,0.011605399825042606,0,
2022-01-29T16:00:00Z,0,0,0,0,0,0,-0,0,0,0,0,0,0,0,-0,0,0,0,0,0,0,0,0,0,False,1,99558.900479056625,team-10-v3-controlled,0,1,0.011605399825042606,0,
2022-01-30T00:00:00Z,0,0,0,0,0,0,-0,0,0,0,0,0,0,0,-0,0,0,0,0,0,0,0,0,0,False,1,99558.900479056625,team-10-v3-controlled,0,1,0.011605399825042606,0,
2022-01-30T08:00:00Z,0,0,0,0,0,0,-0,0,0,0,0,0,0,0,-0,0,0,0,0,0,0,0,0,0,False,1,99558.900479056625,team-10-v3-controlled,0,1,0.011605399825042606,0,
2022-01-30T16:00:00Z,0,0,0,0,0,0,-0,0,0,0,0,0,0,0,-0,0,0,0,0,0,0,0,0,0,False,1,99558.900479056625,team-10-v3-controlled,0,1,0.011605399825042606,0,
2022-01-31T00:00:00Z,0,0,0,0,0,0,-0,0,0,0,0,0,0,0,-0,0,0,0,0,0,0,0,0,0,False,1,99558.900479056625,team-10-v3-controlled,0,1,0.011605399825042606,0,
2022-01-31T08:00:00Z,0,0,0,0,0,0,-0,0,0,0,0,0,0,0,-0,0,0,0,0,0,0,0,0,0,False,1,99558.900479056625,team-10-v3-controlled,0,1,0.011605399825042606,0,
2022-01-31T16:00:00Z,0,0,0,0,0,0,-0,0,0,0,0,0,0,0,-0,0,0,0,0,0,0,0,0,0,False,1,99558.900479056625,team-10-v3-controlled,0,1,0.011605399825042606,0,
2022-02-01T00:00:00Z,0,0,0,0,0,0,-0,0,0,0,0,0,0,0,-0,0,0,0,0,0,0,0,0,0,False,1,99558.900479056625,team-10-v3-controlled,0,1,0.011605399825042606,0,
2022-02-01T08:00:00Z,0,0,0,0,0,0,-0,0,0,0,0,0,0,0,-0,0,0,0,0,0,0,0,0,0,False,1,99558.900479056625,team-10-v3-controlled,0,1,0.011605399825042606,0,
2022-02-01T16:00:00Z,0,0,0,0,0,0,-0,0,0,0,0,0,0,0,-0,0,0,0,0,0,0,0,0,0,False,1,99558.900479056625,team-10-v3-controlled,0,1,0.011605399825042606,0,
2022-02-02T00:00:00Z,0,0,0,0,0,0,-0,0,0,0,0,0,0,0,-0,0,0,0,0,0,0,0,0,0,False,1,99558.900479056625,team-10-v3-controlled,0,1,0.011605399825042606,0,
2022-02-02T08:00:00Z,0,0,0,0,0,0,-0,0,0,0,0,0,0,0,-0,0,0,0,0,0,0,0,0,0,False,1,99558.900479056625,team-10-v3-controlled,0,1,0.011605399825042606,0,
2022-02-02T16:00:00Z,0,0,0,0,0,0,-0,0,0,0,0,0,0,0,-0,0,0,0,0,0,0,0,0,0,False,1,99558.900479056625,team-10-v3-controlled,0,1,0.011605399825042606,0,
2022-02-03T00:00:00Z,0,0,0,0,0,0,-0,0,0,0,0,0,0,0,-0,0,0,0,0,0,0,0,0,0,False,1,99558.900479056625,team-10-v3-controlled,0,1,0.011605399825042606,0,
2022-02-03T08:00:00Z,0,0,0,0,0,0,-0,0,0,0,0,0,0,0,-0,0,0,0,0,0,0,0,0,0,False,1,99558.900479056625,team-10-v3-controlled,0,1,0.011605399825042606,0,
2022-02-03T16:00:00Z,0,0,0,0,0,0,-0,0,0,0,0,0,0,0,-0,0,0,0,0,0,0,0,0,0,False,1,99558.900479056625,team-10-v3-controlled,0,1,0.011605399825042606,0,
2022-02-04T00:00:00Z,0,0,0,0,0,0,-0,0,0,0,0,0,0,0,-0,0,0,0,0,0,0,0,0,0,False,1,99558.900479056625,team-10-v3-controlled,0,1,0.011605399825042606,0,
2022-02-04T08:00:00Z,0,0,0,0,0,0,-0,0,0,0,0,0,0,0,-0,0,0,0,0,0,0,0,0,0,False,1,99558.900479056625,team-10-v3-controlled,0,1,0.011605399825042606,0,
2022-02-04T16:00:00Z,0,0,0,0,0,0,-0,0,0,0,0,0,0,0,-0,0,0,0,0,0,0,0,0,0,False,1,99558.900479056625,team-10-v3-controlled,0,1,0.011605399825042606,0,
2022-02-05T00:00:00Z,0,0,0,0,0,0,-0,0,0,0,0,0,0,0,-0,0,0,0,0,0,0,0,0,0,False,1,99558.900479056625,team-10-v3-controlled,0,1,0.011605399825042606,0,
2022-02-05T08:00:00Z,0,0,0,0,0,0,-0,0,0,0,0,0,0,0,-0,0,0,0,0,0,0,0,0,0,False,1,99558.900479056625,team-10-v3-controlled,0,1,0.011605399825042606,0,
2022-02-05T16:00:00Z,0,0,0,0,0,0,-0,0,0,0,0,0,0,0,-0,0,0,0,0,0,0,0,0,0,False,1,99558.900479056625,team-10-v3-controlled,0,1,0.011605399825042606,0,
2022-02-06T00:00:00Z,0,0,0,0,0,0,-0,0,0,0,0,0,0,0,-0,0,0,0,0,0,0,0,0,0,False,1,99558.900479056625,team-10-v3-controlled,0,1,0.011605399825042606,0,
2022-02-06T08:00:00Z,0,0,0,0,0,0,-0,0,0,0,0,0,0,0,-0,0,0,0,0,0,0,0,0,0,False,1,99558.900479056625,team-10-v3-controlled,0,1,0.011605399825042606,0,
2022-02-06T16:00:00Z,0,0,0,0,0,0,-0,0,0,0,0,0,0,0,-0,0,0,0,0,0,0,0,0,0,False,1,99558.900479056625,team-10-v3-controlled,0,1,0.011605399825042606,0,
2022-02-07T00:00:00Z,0,0,0,0,0,0,-0,0,0,0,0,0,0,0,-0,0,0,0,0,0,0,0,0,0,False,1,99558.900479056625,team-10-v3-controlled,0,1,0.011605399825042606,0,
2022-02-07T08:00:00Z,0,0,0,0,0,0,-0,0,0,0,0,0,0,0,-0,0,0,0,0,0,0,0,0,0,False,1,99558.900479056625,team-10-v3-controlled,0,1,0.011605399825042606,0,
2022-02-07T16:00:00Z,0,0,0,0,0,0,-0,0,0,0,0,0,0,0,-0,0,0,0,0,0,0,0,0,0,False,1,99558.900479056625,team-10-v3-controlled,0,1,0.011605399825042606,0,
2022-02-08T00:00:00Z,0,0,0,0,0,0,-0,0,0,0,0,0,0,0,-0,0,0,0,0,0,0,0,0,0,False,1,99558.900479056625,team-10-v3-controlled,0,1,0.011605399825042606,0,
2022-02-08T08:00:00Z,0,0,0,0,0,0,-0,0,0,0,0,0,0,0,-0,0,0,0,0,0,0,0,0,0,False,1,99558.900479056625,team-10-v3-controlled,0,1,0.011605399825042606,0,
2022-02-08T16:00:00Z,0,0,0,0,0,0,-0,0,0,0,0,0,0,0,-0,0,0,0,0,0,0,0,0,0,False,1,99558.900479056625,team-10-v3-controlled,0,1,0.011605399825042606,0,
2022-02-09T00:00:00Z,0,0,0,0,0,0,-0,0,0,0,0,0,0,0,-0,0,0,0,0,0,0,0,0,0,False,1,99558.900479056625,team-10-v3-controlled,0,1,0.011605399825042606,0,
2022-02-09T08:00:00Z,0,0,0,0,0,0,-0,0,0,0,0,0,0,0,-0,0,0,0,0,0,0,0,0,0,False,1,99558.900479056625,team-10-v3-controlled,0,1,0.011605399825042606,0,
2022-02-09T16:00:00Z,0,0,0,0,0,0,-0,0,0,0,0,0,0,0,-0,0,0,0,0,0,0,0,0,0,False,1,99558.900479056625,team-10-v3-controlled,0,1,0.011605399825042606,0,
2022-02-10T00:00:00Z,0,0,0,0,0,0,-0,0,0,0,0,0,0,0,-0,0,0,0,0,0,0,0,0,0,False,1,99558.900479056625,team-10-v3-controlled,0,1,0.011605399825042606,0,
2022-02-10T08:00:00Z,0,0,0,0,0,0,-0,0,0,0,0,0,0,0,-0,0,0,0,0,0,0,0,0,0,False,1,99558.900479056625,team-10-v3-controlled,0,1,0.011605399825042606,0,
2022-02-10T16:00:00Z,0,0,0,0,0,0,-0,0,0,0,0,0,0,0,-0,0,0,0,0,0,0,0,0,0,False,1,99558.900479056625,team-10-v3-controlled,0,1,0.011605399825042606,0,
2022-02-11T00:00:00Z,0,0,0,0,0,0,-0,0,0,0,0,0,0,0,-0,0,0,0,0,0,0,0,0,0,False,1,99558.900479056625,team-10-v3-controlled,0,1,0.011605399825042606,0,
2022-02-11T08:00:00Z,0,0,0,0,0,0,-0,0,0,0,0,0,0,0,-0,0,0,0,0,0,0,0,0,0,False,1,99558.900479056625,team-10-v3-controlled,0,1,0.011605399825042606,0,
2022-02-11T16:00:00Z,0,0,0,0,0,0,-0,0,0,0,0,0,0,0,-0,0,0,0,0,0,0,0,0,0,False,1,99558.900479056625,team-10-v3-controlled,0,1,0.011605399825042606,0,
2022-02-12T00:00:00Z,0,0,0,0,0,0,-0,0,0,0,0,0,0,0,-0,0,0,0,0,0,0,0,0,0,False,1,99558.900479056625,team-10-v3-controlled,0,1,0.011605399825042606,0,
2022-02-12T08:00:00Z,0,0,0,0,0,0,-0,0,0,0,0,0,0,0,-0,0,0,0,0,0,0,0,0,0,False,1,99558.900479056625,team-10-v3-controlled,0,1,0.011605399825042606,0,
2022-02-12T16:00:00Z,0,0,0,0,0,0,-0,0,0,0,0,0,0,0,-0,0,0,0,0,0,0,0,0,0,False,1,99558.900479056625,team-10-v3-controlled,0,1,0.011605399825042606,0,
2022-02-13T00:00:00Z,0,0,0,0,0,0,-0,0,0,0,0,0,0,0,-0,0,0,0,0,0,0,0,0,0,False,1,99558.900479056625,team-10-v3-controlled,0,1,0.011605399825042606,0,
2022-02-13T08:00:00Z,0,0,0,0,0,0,-0,0,0,0,0,0,0,0,-0,0,0,0,0,0,0,0,0,0,False,1,99558.900479056625,team-10-v3-controlled,0,1,0.011605399825042606,0,
2022-02-13T16:00:00Z,0,0,0,0,0,0,-0,0,0,0,0,0,0,0,-0,0,0,0,0,0,0,0,0,0,False,1,99558.900479056625,team-10-v3-controlled,0,1,0.011605399825042606,0,
2022-02-14T00:00:00Z,0,0,0,0,0,0,-0,0,0,0,0,0,0,0,-0,0,0,0,0,0,0,0,0,0,False,1,99558.900479056625,team-10-v3-controlled,0,1,0.011605399825042606,0,
2022-02-14T08:00:00Z,0,0,0,0,0,0,-0,0,0,0,0,0,0,0,-0,0,0,0,0,0,0,0,0,0,False,1,99558.900479056625,team-10-v3-controlled,0,1,0.011605399825042606,0,
2022-02-14T16:00:00Z,0,0,0,0,0,0,-0,0,0,0,0,0,0,0,-0,0,0,0,0,0,0,0,0,0,False,1,99558.900479056625,team-10-v3-controlled,0,1,0.011605399825042606,0,
2022-02-15T00:00:00Z,0,0,0,0,0,0,-0,0,0,0,0,0,0,0,-0,0,0,0,0,0,0,0,0,0,False,1,99558.900479056625,team-10-v3-controlled,0,1,0.011605399825042606,0,
2022-02-15T08:00:00Z,0,0,0,0,0,0,-0,0,0,0,0,0,0,0,-0,0,0,0,0,0,0,0,0,0,False,1,99558.900479056625,team-10-v3-controlled,0,1,0.011605399825042606,0,
2022-02-15T16:00:00Z,0,0,0,0,0,0,-0,0,0,0,0,0,0,0,-0,0,0,0,0,0,0,0,0,0,False,1,99558.900479056625,team-10-v3-controlled,0,1,0.011605399825042606,0,
2022-02-16T00:00:00Z,0,0,0,0,0,0,-0,0,0,0,0,0,0,0,-0,0,0,0,0,0,0,0,0,0,False,1,99558.900479056625,team-10-v3-controlled,0,1,0.011605399825042606,0,
2022-02-16T08:00:00Z,0,0,0,0,0,0,-0,0,0,0,0,0,0,0,-0,0,0,0,0,0,0,0,0,0,False,1,99558.900479056625,team-10-v3-controlled,0,1,0.011605399825042606,0,
2022-02-16T16:00:00Z,0,0,0,0,0,0,-0,0,0,0,0,0,0,0,-0,0,0,0,0,0,0,0,0,0,False,1,99558.900479056625,team-10-v3-controlled,0,1,0.011605399825042606,0,
2022-02-17T00:00:00Z,0,0,0,0,0,0,-0,0,0,0,0,0,0,0,-0,0,0,0,0,0,0,0,0,0,False,1,99558.900479056625,team-10-v3-controlled,0,1,0.011605399825042606,0,
2022-02-17T08:00:00Z,0,0,0,0,0,0,-0,0,0,0,0,0,0,0,-0,0,0,0,0,0,0,0,0,0,False,1,99558.900479056625,team-10-v3-controlled,0,1,0.011605399825042606,0,
2022-02-17T16:00:00Z,0,0,0,0,0,0,-0,0,0,0,0,0,0,0,-0,0,0,0,0,0,0,0,0,0,False,1,99558.900479056625,team-10-v3-controlled,0,1,0.011605399825042606,0,
2022-02-18T00:00:00Z,0,0,0,0,0,0,-0,0,0,0,0,0,0,0,-0,0,0,0,0,0,0,0,0,0,False,1,99558.900479056625,team-10-v3-controlled,0,1,0.011605399825042606,0,
2022-02-18T08:00:00Z,0,0,0,0,0,0,-0,0,0,0,0,0,0,0,-0,0,0,0,0,0,0,0,0,0,False,1,99558.900479056625,team-10-v3-controlled,0,1,0.011605399825042606,0,
2022-02-18T16:00:00Z,0,0,0,0,0,0,-0,0,0,0,0,0,0,0,-0,0,0,0,0,0,0,0,0,0,False,1,99558.900479056625,team-10-v3-controlled,0,1,0.011605399825042606,0,
2022-02-19T00:00:00Z,0,0,0,0,0,0,-0,0,0,0,0,0,0,0,-0,0,0,0,0,0,0,0,0,0,False,1,99558.900479056625,team-10-v3-controlled,0,1,0.011605399825042606,0,
2022-02-19T08:00:00Z,0,0,0,0,0,0,-0,0,0,0,0,0,0,0,-0,0,0,0,0,0,0,0,0,0,False,1,99558.900479056625,team-10-v3-controlled,0,1,0.011605399825042606,0,
2022-02-19T16:00:00Z,0,0,0,0,0,0,-0,0,0,0,0,0,0,0,-0,0,0,0,0,0,0,0,0,0,False,1,99558.900479056625,team-10-v3-controlled,0,1,0.011605399825042606,0,
2022-02-20T00:00:00Z,0,0,0,0,0,0,-0,0,0,0,0,0,0,0,-0,0,0,0,0,0,0,0,0,0,False,1,99558.900479056625,team-10-v3-controlled,0,1,0.011605399825042606,0,
2022-02-20T08:00:00Z,0,0,0,0,0,0,-0,0,0,0,0,0,0,0,-0,0,0,0,0,0,0,0,0,0,False,1,99558.900479056625,team-10-v3-controlled,0,1,0.011605399825042606,0,
2022-02-20T16:00:00Z,0,0,0,0,0,0,-0,0,0,0,0,0,0,0,-0,0,0,0,0,0,0,0,0,0,False,1,99558.900479056625,team-10-v3-controlled,0,1,0.011605399825042606,0,
2022-02-21T00:00:00Z,0,0,0,0,0,0,-0,0,0,0,0,0,0,0,-0,0,0,0,0,0,0,0,0,0,False,1,99558.900479056625,team-10-v3-controlled,0,1,0.011605399825042606,0,
2022-02-21T08:00:00Z,0,0,0,0,0,0,-0,0,0,0,0,0,0,0,-0,0,0,0,0,0,0,0,0,0,False,1,99558.900479056625,team-10-v3-controlled,0,1,0.011605399825042606,0,
2022-02-21T16:00:00Z,0,0,0,0,0,0,-0,0,0,0,0,0,0,0,-0,0,0,0,0,0,0,0,0,0,False,1,99558.900479056625,team-10-v3-controlled,0,1,0.011605399825042606,0,
2022-02-22T00:00:00Z,0,0,0,0,0,0,-0,0,0,0,0,0,0,0,-0,0,0,0,0,0,0,0,0,0,False,1,99558.900479056625,team-10-v3-controlled,0,1,0.011605399825042606,0,
2022-02-22T08:00:00Z,0,0,0,0,0,0,-0,0,0,0,0,0,0,0,-0,0,0,0,0,0,0,0,0,0,False,1,99558.900479056625,team-10-v3-controlled,0,1,0.011605399825042606,0,
2022-02-22T16:00:00Z,0,0,0,0,0,0,-0,0,0,0,0,0,0,0,-0,0,0,0,0,0,0,0,0,0,False,1,99558.900479056625,team-10-v3-controlled,0,1,0.011605399825042606,0,
2022-02-23T00:00:00Z,0,0,0,0,0,0,-0,0,0,0,0,0,0,0,-0,0,0,0,0,0,0,0,0,0,False,1,99558.900479056625,team-10-v3-controlled,0,1,0.011605399825042606,0,
2022-02-23T08:00:00Z,0,0,0,0,0,0,-0,0,0,0,0,0,0,0,-0,0,0,0,0,0,0,0,0,0,False,1,99558.900479056625,team-10-v3-controlled,0,1,0.011605399825042606,0,
2022-02-23T16:00:00Z,0,0,0,0,0,0,-0,0,0,0,0,0,0,0,-0,0,0,0,0,0,0,0,0,0,False,1,99558.900479056625,team-10-v3-controlled,0,1,0.011605399825042606,0,
2022-02-24T00:00:00Z,0,0,0,0,0,0,-0,0,0,0,0,0,0,0,-0,0,0,0,0,0,0,0,0,0,False,1,99558.900479056625,team-10-v3-controlled,0,1,0.011605399825042606,0,
2022-02-24T08:00:00Z,0,0,0,0,0,0,-0,0,0,0,0,0,0,0,-0,0,0,0,0,0,0,0,0,0,False,1,99558.900479056625,team-10-v3-controlled,0,1,0.011605399825042606,0,
2022-02-24T16:00:00Z,0,0,0,0,0,0,-0,0,0,0,0,0,0,0,-0,0,0,0,0,0,0,0,0,0,False,1,99558.900479056625,team-10-v3-controlled,0,1,0.011605399825042606,0,
2022-02-25T00:00:00Z,0,0,0,0,0,0,-0,0,0,0,0,0,0,0,-0,0,0,0,0,0,0,0,0,0,False,1,99558.900479056625,team-10-v3-controlled,0,1,0.011605399825042606,0,
2022-02-25T08:00:00Z,0,0,0,0,0,0,-0,0,0,0,0,0,0,0,-0,0,0,0,0,0,0,0,0,0,False,1,99558.900479056625,team-10-v3-controlled,0,1,0.011605399825042606,0,
2022-02-25T16:00:00Z,0,0,0,0,0,0,-0,0,0,0,0,0,0,0,-0,0,0,0,0,0,0,0,0,0,False,1,99558.900479056625,team-10-v3-controlled,0,1,0.011605399825042606,0,
2022-02-26T00:00:00Z,0,0,0,0,0,0,-0,0,0,0,0,0,0,0,-0,0,0,0,0,0,0,0,0,0,False,1,99558.900479056625,team-10-v3-controlled,0,1,0.011605399825042606,0,
2022-02-26T08:00:00Z,0,0,0,0,0,0,-0,0,0,0,0,0,0,0,-0,0,0,0,0,0,0,0,0,0,False,1,99558.900479056625,team-10-v3-controlled,0,1,0.011605399825042606,0,
2022-02-26T16:00:00Z,0,0,0,0,0,0,-0,0,0,0,0,0,0,0,-0,0,0,0,0,0,0,0,0,0,False,1,99558.900479056625,team-10-v3-controlled,0,1,0.011605399825042606,0,
2022-02-27T00:00:00Z,0,0,0,0,0,0,-0,0,0,0,0,0,0,0,-0,0,0,0,0,0,0,0,0,0,False,1,99558.900479056625,team-10-v3-controlled,0,1,0.011605399825042606,0,
2022-02-27T08:00:00Z,0,0,0,0,0,0,-0,0,0,0,0,0,0,0,-0,0,0,0,0,0,0,0,0,0,False,1,99558.900479056625,team-10-v3-controlled,0,1,0.011605399825042606,0,
2022-02-27T16:00:00Z,0,0,0,0,0,0,-0,0,0,0,0,0,0,0,-0,0,0,0,0,0,0,0,0,0,False,1,99558.900479056625,team-10-v3-controlled,0,1,0.011605399825042606,0,
2022-02-28T00:00:00Z,0,0,0,0,0,0,-0,0,0,0,0,0,0,0,-0,0,0,0,0,0,0,0,0,0,False,1,99558.900479056625,team-10-v3-controlled,0,1,0.011605399825042606,0,
2022-02-28T08:00:00Z,0,0,0,0,0,0,-0,0,0,0,0,0,0,0,-0,0,0,0,0,0,0,0,0,0,False,1,99558.900479056625,team-10-v3-controlled,0,1,0.011605399825042606,0,
2022-02-28T16:00:00Z,0,0,0,0,0,0,-0,0,0,0,0,0,0,0,-0,0,0,0,0,0,0,0,0,0,False,1,99558.900479056625,team-10-v3-controlled,0,1,0.011605399825042606,0,
2022-03-01T00:00:00Z,0,0,0,0,0,0,-0,0,0,0,0,0,0,0,-0,0,0,0,0,0,0,0,0,0,False,1,99558.900479056625,team-10-v3-controlled,0,1,0.011605399825042606,0,
2022-03-01T08:00:00Z,0,0,0,0,0,0,-0,0,0,0,0,0,0,0,-0,0,0,0,0,0,0,0,0,0,False,1,99558.900479056625,team-10-v3-controlled,0,1,0.011605399825042606,0,
2022-03-01T16:00:00Z,0,0,0,0,0,0,-0,0,0,0,0,0,0,0,-0,0,0,0,0,0,0,0,0,0,False,1,99558.900479056625,team-10-v3-controlled,0,1,0.011605399825042606,0,
2022-03-02T00:00:00Z,0,0,0,0,0,0,-0,0,0,0,0,0,0,0,-0,0,0,0,0,0,0,0,0,0,False,1,99558.900479056625,team-10-v3-controlled,0,1,0.011605399825042606,0,
2022-03-02T08:00:00Z,0,0,0,0,0,0,-0,0,0,0,0,0,0,0,-0,0,0,0,0,0,0,0,0,0,False,1,99558.900479056625,team-10-v3-controlled,0,1,0.011605399825042606,0,
2022-03-02T16:00:00Z,0,0,0,0,0,0,-0,0,0,0,0,0,0,0,-0,0,0,0,0,0,0,0,0,0,False,1,99558.900479056625,team-10-v3-controlled,0,1,0.011605399825042606,0,
2022-03-03T00:00:00Z,0,0,0,0,0,0,-0,0,0,0,0,0,0,0,-0,0,0,0,0,0,0,0,0,0,False,1,99558.900479056625,team-10-v3-controlled,0,1,0.011605399825042606,0,
2022-03-03T08:00:00Z,0,0,0,0,0,0,-0,0,0,0,0,0,0,0,-0,0,0,0,0,0,0,0,0,0,False,1,99558.900479056625,team-10-v3-controlled,0,1,0.011605399825042606,0,
2022-03-03T16:00:00Z,0,0,0,0,0,0,-0,0,0,0,0,0,0,0,-0,0,0,0,0,0,0,0,0,0,False,1,99558.900479056625,team-10-v3-controlled,0,1,0.011605399825042606,0,
2022-03-04T00:00:00Z,0,0,0,0,0,0,-0,0,0,0,0,0,0,0,-0,0,0,0,0,0,0,0,0,0,False,1,99558.900479056625,team-10-v3-controlled,0,1,0.011605399825042606,0,
2022-03-04T08:00:00Z,0,0,0,0,0,0,-0,0,0,0,0,0,0,0,-0,0,0,0,0,0,0,0,0,0,False,1,99558.900479056625,team-10-v3-controlled,0,1,0.011605399825042606,0,
2022-03-04T16:00:00Z,0,0,0,0,0,0,-0,0,0,0,0,0,0,0,-0,0,0,0,0,0,0,0,0,0,False,1,99558.900479056625,team-10-v3-controlled,0,1,0.011605399825042606,0,
2022-03-05T00:00:00Z,0,0,0,0,0,0,-0,0,0,0,0,0,0,0,-0,0,0,0,0,0,0,0,0,0,False,1,99558.900479056625,team-10-v3-controlled,0,1,0.011605399825042606,0,
2022-03-05T08:00:00Z,0,0,0,0,0,0,-0,0,0,0,0,0,0,0,-0,0,0,0,0,0,0,0,0,0,False,1,99558.900479056625,team-10-v3-controlled,0,1,0.011605399825042606,0,
2022-03-05T16:00:00Z,0,0,0,0,0,0,-0,0,0,0,0,0,0,0,-0,0,0,0,0,0,0,0,0,0,False,1,99558.900479056625,team-10-v3-controlled,0,1,0.011605399825042606,0,
2022-03-06T00:00:00Z,0,0,0,0,0,0,-0,0,0,0,0,0,0,0,-0,0,0,0,0,0,0,0,0,0,False,1,99558.900479056625,team-10-v3-controlled,0,1,0.011605399825042606,0,
2022-03-06T08:00:00Z,0,0,0,0,0,0,-0,0,0,0,0,0,0,0,-0,0,0,0,0,0,0,0,0,0,False,1,99558.900479056625,team-10-v3-controlled,0,1,0.011605399825042606,0,
2022-03-06T16:00:00Z,0,0,0,0,0,0,-0,0,0,0,0,0,0,0,-0,0,0,0,0,0,0,0,0,0,False,1,99558.900479056625,team-10-v3-controlled,0,1,0.011605399825042606,0,
2022-03-07T00:00:00Z,0,0,0,0,0,0,-0,0,0,0,0,0,0,0,-0,0,0,0,0,0,0,0,0,0,False,1,99558.900479056625,team-10-v3-controlled,0,1,0.011605399825042606,0,
2022-03-07T08:00:00Z,0,0,0,0,0,0,-0,0,0,0,0,0,0,0,-0,0,0,0,0,0,0,0,0,0,False,1,99558.900479056625,team-10-v3-controlled,0,1,0.011605399825042606,0,
2022-03-07T16:00:00Z,0,0,0,0,0,0,-0,0,0,0,0,0,0,0,-0,0,0,0,0,0,0,0,0,0,False,1,99558.900479056625,team-10-v3-controlled,0,1,0.011605399825042606,0,
2022-03-08T00:00:00Z,0,0,0,0,0,0,-0,0,0,0,0,0,0,0,-0,0,0,0,0,0,0,0,0,0,False,1,99558.900479056625,team-10-v3-controlled,0,1,0.011605399825042606,0,
2022-03-08T08:00:00Z,0,0,0,0,0,0,-0,0,0,0,0,0,0,0,-0,0,0,0,0,0,0,0,0,0,False,1,99558.900479056625,team-10-v3-controlled,0,1,0.011605399825042606,0,
2022-03-08T16:00:00Z,0,0,0,0,0,0,-0,0,0,0,0,0,0,0,-0,0,0,0,0,0,0,0,0,0,False,1,99558.900479056625,team-10-v3-controlled,0,1,0.011605399825042606,0,
2022-03-09T00:00:00Z,0,0,0,0,0,0,-0,0,0,0,0,0,0,0,-0,0,0,0,0,0,0,0,0,0,False,1,99558.900479056625,team-10-v3-controlled,0,1,0.011605399825042606,0,
2022-03-09T08:00:00Z,0,0,0,0,0,0,-0,0,0,0,0,0,0,0,-0,0,0,0,0,0,0,0,0,0,False,1,99558.900479056625,team-10-v3-controlled,0,1,0.011605399825042606,0,
2022-03-09T16:00:00Z,0,0,0,0,0,0,-0,0,0,0,0,0,0,0,-0,0,0,0,0,0,0,0,0,0,False,1,99558.900479056625,team-10-v3-controlled,0,1,0.011605399825042606,0,
2022-03-10T00:00:00Z,0,0,0,0,0,0,-0,0,0,0,0,0,0,0,-0,0,0,0,0,0,0,0,0,0,False,1,99558.900479056625,team-10-v3-controlled,0,1,0.011605399825042606,0,
2022-03-10T08:00:00Z,0,0,0,0,0,0,-0,0,0,0,0,0,0,0,-0,0,0,0,0,0,0,0,0,0,False,1,99558.900479056625,team-10-v3-controlled,0,1,0.011605399825042606,0,
2022-03-10T16:00:00Z,0,0,0,0,0,0,-0,0,0,0,0,0,0,0,-0,0,0,0,0,0,0,0,0,0,False,1,99558.900479056625,team-10-v3-controlled,0,1,0.011605399825042606,0,
2022-03-11T00:00:00Z,0,0,0,0,0,0,-0,0,0,0,0,0,0,0,-0,0,0,0,0,0,0,0,0,0,False,1,99558.900479056625,team-10-v3-controlled,0,1,0.011605399825042606,0,
2022-03-11T08:00:00Z,0,0,0,0,0,0,-0,0,0,0,0,0,0,0,-0,0,0,0,0,0,0,0,0,0,False,1,99558.900479056625,team-10-v3-controlled,0,1,0.011605399825042606,0,
2022-03-11T16:00:00Z,0,0,0,0,0,0,-0,0,0,0,0,0,0,0,-0,0,0,0,0,0,0,0,0,0,False,1,99558.900479056625,team-10-v3-controlled,0,1,0.011605399825042606,0,
2022-03-12T00:00:00Z,0,0,0,0,0,0,-0,0,0,0,0,0,0,0,-0,0,0,0,0,0,0,0,0,0,False,1,99558.900479056625,team-10-v3-controlled,0,1,0.011605399825042606,0,
2022-03-12T08:00:00Z,0,0,0,0,0,0,-0,0,0,0,0,0,0,0,-0,0,0,0,0,0,0,0,0,0,False,1,99558.900479056625,team-10-v3-controlled,0,1,0.011605399825042606,0,
2022-03-12T16:00:00Z,0,0,0,0,0,0,-0,0,0,0,0,0,0,0,-0,0,0,0,0,0,0,0,0,0,False,1,99558.900479056625,team-10-v3-controlled,0,1,0.011605399825042606,0,
2022-03-13T00:00:00Z,0,0,0,0,0,0,-0,0,0,0,0,0,0,0,-0,0,0,0,0,0,0,0,0,0,False,1,99558.900479056625,team-10-v3-controlled,0,1,0.011605399825042606,0,
2022-03-13T08:00:00Z,0,0,0,0,0,0,-0,0,0,0,0,0,0,0,-0,0,0,0,0,0,0,0,0,0,False,1,99558.900479056625,team-10-v3-controlled,0,1,0.011605399825042606,0,
2022-03-13T16:00:00Z,0,0,0,0,0,0,-0,0,0,0,0,0,0,0,-0,0,0,0,0,0,0,0,0,0,False,1,99558.900479056625,team-10-v3-controlled,0,1,0.011605399825042606,0,
2022-03-14T00:00:00Z,0,0,0,0,0,0,-0,0,0,0,0,0,0,0,-0,0,0,0,0,0,0,0,0,0,False,1,99558.900479056625,team-10-v3-controlled,0,1,0.011605399825042606,0,
2022-03-14T08:00:00Z,0,0,0,0,0,0,-0,0,0,0,0,0,0,0,-0,0,0,0,0,0,0,0,0,0,False,1,99558.900479056625,team-10-v3-controlled,0,1,0.011605399825042606,0,
2022-03-14T16:00:00Z,0,0,0,0,0,0,-0,0,0,0,0,0,0,0,-0,0,0,0,0,0,0,0,0,0,False,1,99558.900479056625,team-10-v3-controlled,0,1,0.011605399825042606,0,
2022-03-15T00:00:00Z,0,0,0,0,0,0,-0,0,0,0,0,0,0,0,-0,0,0,0,0,0,0,0,0,0,False,1,99558.900479056625,team-10-v3-controlled,0,1,0.011605399825042606,0,
2022-03-15T08:00:00Z,0,0,0,0,0,0,-0,0,0,0,0,0,0,0,-0,0,0,0,0,0,0,0,0,0,False,1,99558.900479056625,team-10-v3-controlled,0,1,0.011605399825042606,0,
2022-03-15T16:00:00Z,0,0,0,0,0,0,-0,0,0,0,0,0,0,0,-0,0,0,0,0,0,0,0,0,0,False,1,99558.900479056625,team-10-v3-controlled,0,1,0.011605399825042606,0,
2022-03-16T00:00:00Z,0,0,0,0,0,0,-0,0,0,0,0,0,0,0,-0,0,0,0,0,0,0,0,0,0,False,1,99558.900479056625,team-10-v3-controlled,0,1,0.011605399825042606,0,
2022-03-16T08:00:00Z,0,0,0,0,0,0,-0,0,0,0,0,0,0,0,-0,0,0,0,0,0,0,0,0,0,False,1,99558.900479056625,team-10-v3-controlled,0,1,0.011605399825042606,0,
2022-03-16T16:00:00Z,0,0,0,0,0,0,-0,0,0,0,0,0,0,0,-0,0,0,0,0,0,0,0,0,0,False,1,99558.900479056625,team-10-v3-controlled,0,1,0.011605399825042606,0,
2022-03-17T00:00:00Z,0,0,0,0,0,0,-0,0,0,0,0,0,0,0,-0,0,0,0,0,0,0,0,0,0,False,1,99558.900479056625,team-10-v3-controlled,0,1,0.011605399825042606,0,
2022-03-17T08:00:00Z,0,0,0,0,0,0,-0,0,0,0,0,0,0,0,-0,0,0,0,0,0,0,0,0,0,False,1,99558.900479056625,team-10-v3-controlled,0,1,0.011605399825042606,0,
2022-03-17T16:00:00Z,0,0,0,0,0,0,-0,0,0,0,0,0,0,0,-0,0,0,0,0,0,0,0,0,0,False,1,99558.900479056625,team-10-v3-controlled,0,1,0.011605399825042606,0,
2022-03-18T00:00:00Z,0,0,0,0,0,0,-0,0,0,0,0,0,0,0,-0,0,0,0,0,0,0,0,0,0,False,1,99558.900479056625,team-10-v3-controlled,0,1,0.011605399825042606,0,
2022-03-18T08:00:00Z,0,0,0,0,0,0,-0,0,0,0,0,0,0,0,-0,0,0,0,0,0,0,0,0,0,False,1,99558.900479056625,team-10-v3-controlled,0,1,0.011605399825042606,0,
2022-03-18T16:00:00Z,0,0,0,0,0,0,-0,0,0,0,0,0,0,0,-0,0,0,0,0,0,0,0,0,0,False,1,99558.900479056625,team-10-v3-controlled,0,1,0.011605399825042606,0,
2022-03-19T00:00:00Z,0,0,0,0,0,0,-0,0,0,0,0,0,0,0,-0,0,0,0,0,0,0,0,0,0,False,1,99558.900479056625,team-10-v3-controlled,0,1,0.011605399825042606,0,
2022-03-19T08:00:00Z,0,0,0,0,0,0,-0,0,0,0,0,0,0,0,-0,0,0,0,0,0,0,0,0,0,False,1,99558.900479056625,team-10-v3-controlled,0,1,0.011605399825042606,0,
2022-03-19T16:00:00Z,0,0,0,0,0,0,-0,0,0,0,0,0,0,0,-0,0,0,0,0,0,0,0,0,0,False,1,99558.900479056625,team-10-v3-controlled,0,1,0.011605399825042606,0,
2022-03-20T00:00:00Z,0,0,0,0,0,0,-0,0,0,0,0,0,0,0,-0,0,0,0,0,0,0,0,0,0,False,1,99558.900479056625,team-10-v3-controlled,0,1,0.011605399825042606,0,
2022-03-20T08:00:00Z,0,0,0,0,0,0,-0,0,0,0,0,0,0,0,-0,0,0,0,0,0,0,0,0,0,False,1,99558.900479056625,team-10-v3-controlled,0,1,0.011605399825042606,0,
2022-03-20T16:00:00Z,0,0,0,0,0,0,-0,0,0,0,0,0,0,0,-0,0,0,0,0,0,0,0,0,0,False,1,99558.900479056625,team-10-v3-controlled,0,1,0.011605399825042606,0,
2022-03-21T00:00:00Z,0,0,0,0,0,0,-0,0,0,0,0,0,0,0,-0,0,0,0,0,0,0,0,0,0,False,1,99558.900479056625,team-10-v3-controlled,0,1,0.011605399825042606,0,
2022-03-21T08:00:00Z,0,0,0,0,0,0,-0,0,0,0,0,0,0,0,-0,0,0,0,0,0,0,0,0,0,False,1,99558.900479056625,team-10-v3-controlled,0,1,0.011605399825042606,0,
2022-03-21T16:00:00Z,0,0,0,0,0,0,-0,0,0,0,0,0,0,0,-0,0,0,0,0,0,0,0,0,0,False,1,99558.900479056625,team-10-v3-controlled,0,1,0.011605399825042606,0,
2022-03-22T00:00:00Z,0,0,0,0,0,0,-0,0,0,0,0,0,0,0,-0,0,0,0,0,0,0,0,0,0,False,1,99558.900479056625,team-10-v3-controlled,0,1,0.011605399825042606,0,
2022-03-22T08:00:00Z,0,0,0,0,0,0,-0,0,0,0,0,0,0,0,-0,0,0,0,0,0,0,0,0,0,False,1,99558.900479056625,team-10-v3-controlled,0,1,0.011605399825042606,0,
2022-03-22T16:00:00Z,0,0,0,0,0,0,-0,0,0,0,0,0,0,0,-0,0,0,0,0,0,0,0,0,0,False,1,99558.900479056625,team-10-v3-controlled,0,1,0.011605399825042606,0,
2022-03-23T00:00:00Z,0,0,0,0,0,0,-0,0,0,0,0,0,0,0,-0,0,0,0,0,0,0,0,0,0,False,1,99558.900479056625,team-10-v3-controlled,0,1,0.011605399825042606,0,
2022-03-23T08:00:00Z,0,0,0,0,0,0,-0,0,0,0,0,0,0,0,-0,0,0,0,0,0,0,0,0,0,False,1,99558.900479056625,team-10-v3-controlled,0,1,0.011605399825042606,0,
2022-03-23T16:00:00Z,0,0,0,0,0,0,-0,0,0,0,0,0,0,0,-0,0,0,0,0,0,0,0,0,0,False,1,99558.900479056625,team-10-v3-controlled,0,1,0.011605399825042606,0,
2022-03-24T00:00:00Z,0,0,0,0,0,0,-0,0,0,0,0,0,0,0,-0,0,0,0,0,0,0,0,0,0,False,1,99558.900479056625,team-10-v3-controlled,0,1,0.011605399825042606,0,
2022-03-24T08:00:00Z,0,0,0,0,0,0,-0,0,0,0,0,0,0,0,-0,0,0,0,0,0,0,0,0,0,False,1,99558.900479056625,team-10-v3-controlled,0,1,0.011605399825042606,0,
2022-03-24T16:00:00Z,0,0,0,0,0,0,-0,0,0,0,0,0,0,0,-0,0,0,0,0,0,0,0,0,0,False,1,99558.900479056625,team-10-v3-controlled,0,1,0.011605399825042606,0,
2022-03-25T00:00:00Z,0,0,0,0,0,0,-0,0,0,0,0,0,0,0,-0,0,0,0,0,0,0,0,0,0,False,1,99558.900479056625,team-10-v3-controlled,0,1,0.011605399825042606,0,
2022-03-25T08:00:00Z,0,0,0,0,0,0,-0,0,0,0,0,0,0,0,-0,0,0,0,0,0,0,0,0,0,False,1,99558.900479056625,team-10-v3-controlled,0,1,0.011605399825042606,0,
2022-03-25T16:00:00Z,0,0,0,0,0,0,-0,0,0,0,0,0,0,0,-0,0,0,0,0,0,0,0,0,0,False,1,99558.900479056625,team-10-v3-controlled,0,1,0.011605399825042606,0,
2022-03-26T00:00:00Z,0,0,0,0,0,0,-0,0,0,0,0,0,0,0,-0,0,0,0,0,0,0,0,0,0,False,1,99558.900479056625,team-10-v3-controlled,0,1,0.011605399825042606,0,
2022-03-26T08:00:00Z,0,0,0,0,0,0,-0,0,0,0,0,0,0,0,-0,0,0,0,0,0,0,0,0,0,False,1,99558.900479056625,team-10-v3-controlled,0,1,0.011605399825042606,0,
2022-03-26T16:00:00Z,0,0,0,0,0,0,-0,0,0,0,0,0,0,0,-0,0,0,0,0,0,0,0,0,0,False,1,99558.900479056625,team-10-v3-controlled,0,1,0.011605399825042606,0,
2022-03-27T00:00:00Z,0,0,0,0,0,0,-0,0,0,0,0,0,0,0,-0,0,0,0,0,0,0,0,0,0,False,1,99558.900479056625,team-10-v3-controlled,0,1,0.011605399825042606,0,
2022-03-27T08:00:00Z,0,0,0,0,0,0,-0,0,0,0,0,0,0,0,-0,0,0,0,0,0,0,0,0,0,False,1,99558.900479056625,team-10-v3-controlled,0,1,0.011605399825042606,0,
2022-03-27T16:00:00Z,0,0,0,0,0,0,-0,0,0,0,0,0,0,0,-0,0,0,0,0,0,0,0,0,0,False,1,99558.900479056625,team-10-v3-controlled,0,1,0.011605399825042606,0,
2022-03-28T00:00:00Z,0,0,0,0,0,0,-0,0,0,0,0,0,0,0,-0,0,0,0,0,0,0,0,0,0,False,1,99558.900479056625,team-10-v3-controlled,0,1,0.011605399825042606,0,
2022-03-28T08:00:00Z,0,0,0,0,0,0,-0,0,0,0,0,0,0,0,-0,0,0,0,0,0,0,0,0,0,False,1,99558.900479056625,team-10-v3-controlled,0,1,0.011605399825042606,0,
2022-03-28T16:00:00Z,0,0,0,0,0,0,-0,0,0,0,0,0,0,0,-0,0,0,0,0,0,0,0,0,0,False,1,99558.900479056625,team-10-v3-controlled,0,1,0.011605399825042606,0,
2022-03-29T00:00:00Z,0,0,0,0,0,0,-0,0,0,0,0,0,0,0,-0,0,0,0,0,0,0,0,0,0,False,1,99558.900479056625,team-10-v3-controlled,0,1,0.011605399825042606,0,
2022-03-29T08:00:00Z,0,0,0,0,0,0,-0,0,0,0,0,0,0,0,-0,0,0,0,0,0,0,0,0,0,False,1,99558.900479056625,team-10-v3-controlled,0,1,0.011605399825042606,0,
2022-03-29T16:00:00Z,0,0,0,0,0,0,-0,0,0,0,0,0,0,0,-0,0,0,0,0,0,0,0,0,0,False,1,99558.900479056625,team-10-v3-controlled,0,1,0.011605399825042606,0,
2022-03-30T00:00:00Z,0,0,0,0,0,0,-0,0,0,0,0,0,0,0,-0,0,0,0,0,0,0,0,0,0,False,1,99558.900479056625,team-10-v3-controlled,0,1,0.011605399825042606,0,
2022-03-30T08:00:00Z,0,0,0,0,0,0,-0,0,0,0,0,0,0,0,-0,0,0,0,0,0,0,0,0,0,False,1,99558.900479056625,team-10-v3-controlled,0,1,0.011605399825042606,0,
2022-03-30T16:00:00Z,0,0,0,0,0,0,-0,0,0,0,0,0,0,0,-0,0,0,0,0,0,0,0,0,0,False,1,99558.900479056625,team-10-v3-controlled,0,1,0.011605399825042606,0,
2022-03-31T00:00:00Z,0,0,0,0,0,0,-0,0,0,0,0,0,0,0,-0,0,0,0,0,0,0,0,0,0,False,1,99558.900479056625,team-10-v3-controlled,0,1,0.011605399825042606,0,
2022-03-31T08:00:00Z,0,0,0,0,0,0,-0,0,0,0,0,0,0,0,-0,0,0,0,0,0,0,0,0,0,False,1,99558.900479056625,team-10-v3-controlled,0,1,0.011605399825042606,0,
2022-03-31T16:00:00Z,0,0,0,0,0,0,-0,0,0,0,0,0,0,0,-0,0,0,0,0,0,0,0,0,0,False,1,99558.900479056625,team-10-v3-controlled,0,1,0.011605399825042606,0,
2022-04-01T00:00:00Z,0,0,0,0,0,0,-0,0,0,0,0,0,0,0,-0,0,0,0,0,0,0,0,0,0,False,1,99558.900479056625,team-10-v3-controlled,0,1,0.011605399825042606,0,
2022-04-01T08:00:00Z,0,0,0,0,0,0,-0,0,0,0,0,0,0,0,-0,0,0,0,0,0,0,0,0,0,False,1,99558.900479056625,team-10-v3-controlled,0,1,0.011605399825042606,0,
2022-04-01T16:00:00Z,0,0,0,0,0,0,-0,0,0,0,0,0,0,0,-0,0,0,0,0,0,0,0,0,0,False,1,99558.900479056625,team-10-v3-controlled,0,1,0.011605399825042606,0,
2022-04-02T00:00:00Z,0,0,0,0,0,0,-0,0,0,0,0,0,0,0,-0,0,0,0,0,0,0,0,0,0,False,1,99558.900479056625,team-10-v3-controlled,0,1,0.011605399825042606,0,
2022-04-02T08:00:00Z,0,0,0,0,0,0,-0,0,0,0,0,0,0,0,-0,0,0,0,0,0,0,0,0,0,False,1,99558.900479056625,team-10-v3-controlled,0,1,0.011605399825042606,0,
2022-04-02T16:00:00Z,0,0,0,0,0,0,-0,0,0,0,0,0,0,0,-0,0,0,0,0,0,0,0,0,0,False,1,99558.900479056625,team-10-v3-controlled,0,1,0.011605399825042606,0,
2022-04-03T00:00:00Z,0,0,0,0,0,0,-0,0,0,0,0,0,0,0,-0,0,0,0,0,0,0,0,0,0,False,1,99558.900479056625,team-10-v3-controlled,0,1,0.011605399825042606,0,
2022-04-03T08:00:00Z,0,0,0,0,0,0,-0,0,0,0,0,0,0,0,-0,0,0,0,0,0,0,0,0,0,False,1,99558.900479056625,team-10-v3-controlled,0,1,0.011605399825042606,0,
2022-04-03T16:00:00Z,0,0,0,0,0,0,-0,0,0,0,0,0,0,0,-0,0,0,0,0,0,0,0,0,0,False,1,99558.900479056625,team-10-v3-controlled,0,1,0.011605399825042606,0,
2022-04-04T00:00:00Z,0,0,0,0,0,0,-0,0,0,0,0,0,0,0,-0,0,0,0,0,0,0,0,0,0,False,1,99558.900479056625,team-10-v3-controlled,0,1,0.011605399825042606,0,
2022-04-04T08:00:00Z,0,0,0,0,0,0,-0,0,0,0,0,0,0,0,-0,0,0,0,0,0,0,0,0,0,False,1,99558.900479056625,team-10-v3-controlled,0,1,0.011605399825042606,0,
2022-04-04T16:00:00Z,0,0,0,0,0,0,-0,0,0,0,0,0,0,0,-0,0,0,0,0,0,0,0,0,0,False,1,99558.900479056625,team-10-v3-controlled,0,1,0.011605399825042606,0,
2022-04-05T00:00:00Z,0,0,0,0,0,0,-0,0,0,0,0,0,0,0,-0,0,0,0,0,0,0,0,0,0,False,1,99558.900479056625,team-10-v3-controlled,0,1,0.011605399825042606,0,
2022-04-05T08:00:00Z,0,0,0,0,0,0,-0,0,0,0,0,0,0,0,-0,0,0,0,0,0,0,0,0,0,False,1,99558.900479056625,team-10-v3-controlled,0,1,0.011605399825042606,0,
2022-04-05T16:00:00Z,0,0,0,0,0,0,-0,0,0,0,0,0,0,0,-0,0,0,0,0,0,0,0,0,0,False,1,99558.900479056625,team-10-v3-controlled,0,1,0.011605399825042606,0,
2022-04-06T00:00:00Z,0,0,0,0,0,0,-0,0,0,0,0,0,0,0,-0,0,0,0,0,0,0,0,0,0,False,1,99558.900479056625,team-10-v3-controlled,0,1,0.011605399825042606,0,
2022-04-06T08:00:00Z,0,0,0,0,0,0,-0,0,0,0,0,0,0,0,-0,0,0,0,0,0,0,0,0,0,False,1,99558.900479056625,team-10-v3-controlled,0,1,0.011605399825042606,0,
2022-04-06T16:00:00Z,0,0,0,0,0,0,-0,0,0,0,0,0,0,0,-0,0,0,0,0,0,0,0,0,0,False,1,99558.900479056625,team-10-v3-controlled,0,1,0.011605399825042606,0,
2022-04-07T00:00:00Z,0,0,0,0,0,0,-0,0,0,0,0,0,0,0,-0,0,0,0,0,0,0,0,0,0,False,1,99558.900479056625,team-10-v3-controlled,0,1,0.011605399825042606,0,
2022-04-07T08:00:00Z,0,0,0,0,0,0,-0,0,0,0,0,0,0,0,-0,0,0,0,0,0,0,0,0,0,False,1,99558.900479056625,team-10-v3-controlled,0,1,0.011605399825042606,0,
2022-04-07T16:00:00Z,0,0,0,0,0,0,-0,0,0,0,0,0,0,0,-0,0,0,0,0,0,0,0,0,0,False,1,99558.900479056625,team-10-v3-controlled,0,1,0.011605399825042606,0,
2022-04-08T00:00:00Z,0,0,0,0,0,0,-0,0,0,0,0,0,0,0,-0,0,0,0,0,0,0,0,0,0,False,1,99558.900479056625,team-10-v3-controlled,0,1,0.011605399825042606,0,
2022-04-08T08:00:00Z,0,0,0,0,0,0,-0,0,0,0,0,0,0,0,-0,0,0,0,0,0,0,0,0,0,False,1,99558.900479056625,team-10-v3-controlled,0,1,0.011605399825042606,0,
2022-04-08T16:00:00Z,0,0,0,0,0,0,-0,0,0,0,0,0,0,0,-0,0,0,0,0,0,0,0,0,0,False,1,99558.900479056625,team-10-v3-controlled,0,1,0.011605399825042606,0,
2022-04-09T00:00:00Z,0,0,0,0,0,0,-0,0,0,0,0,0,0,0,-0,0,0,0,0,0,0,0,0,0,False,1,99558.900479056625,team-10-v3-controlled,0,1,0.011605399825042606,0,
2022-04-09T08:00:00Z,0,0,0,0,0,0,-0,0,0,0,0,0,0,0,-0,0,0,0,0,0,0,0,0,0,False,1,99558.900479056625,team-10-v3-controlled,0,1,0.011605399825042606,0,
2022-04-09T16:00:00Z,0,0,0,0,0,0,-0,0,0,0,0,0,0,0,-0,0,0,0,0,0,0,0,0,0,False,1,99558.900479056625,team-10-v3-controlled,0,1,0.011605399825042606,0,
2022-04-10T00:00:00Z,0,0,0,0,0,0,-0,0,0,0,0,0,0,0,-0,0,0,0,0,0,0,0,0,0,False,1,99558.900479056625,team-10-v3-controlled,0,1,0.011605399825042606,0,
2022-04-10T08:00:00Z,0,0,0,0,0,0,-0,0,0,0,0,0,0,0,-0,0,0,0,0,0,0,0,0,0,False,1,99558.900479056625,team-10-v3-controlled,0,1,0.011605399825042606,0,
2022-04-10T16:00:00Z,0,0,0,0,0,0,-0,0,0,0,0,0,0,0,-0,0,0,0,0,0,0,0,0,0,False,1,99558.900479056625,team-10-v3-controlled,0,1,0.011605399825042606,0,
2022-04-11T00:00:00Z,0,0,0,0,0,0,-0,0,0,0,0,0,0,0,-0,0,0,0,0,0,0,0,0,0,False,1,99558.900479056625,team-10-v3-controlled,0,1,0.011605399825042606,0,
2022-04-11T08:00:00Z,0,0,0,0,0,0,-0,0,0,0,0,0,0,0,-0,0,0,0,0,0,0,0,0,0,False,1,99558.900479056625,team-10-v3-controlled,0,1,0.011605399825042606,0,
2022-04-11T16:00:00Z,0,0,0,0,0,0,-0,0,0,0,0,0,0,0,-0,0,0,0,0,0,0,0,0,0,False,1,99558.900479056625,team-10-v3-controlled,0,1,0.011605399825042606,0,
2022-04-12T00:00:00Z,0,0,0,0,0,0,-0,0,0,0,0,0,0,0,-0,0,0,0,0,0,0,0,0,0,False,1,99558.900479056625,team-10-v3-controlled,0,1,0.011605399825042606,0,
2022-04-12T08:00:00Z,0,0,0,0,0,0,-0,0,0,0,0,0,0,0,-0,0,0,0,0,0,0,0,0,0,False,1,99558.900479056625,team-10-v3-controlled,0,1,0.011605399825042606,0,
2022-04-12T16:00:00Z,0,0,0,0,0,0,-0,0,0,0,0,0,0,0,-0,0,0,0,0,0,0,0,0,0,False,1,99558.900479056625,team-10-v3-controlled,0,1,0.011605399825042606,0,
2022-04-13T00:00:00Z,0,0,0,0,0,0,-0,0,0,0,0,0,0,0,-0,0,0,0,0,0,0,0,0,0,False,1,99558.900479056625,team-10-v3-controlled,0,1,0.011605399825042606,0,
2022-04-13T08:00:00Z,0,0,0,0,0,0,-0,0,0,0,0,0,0,0,-0,0,0,0,0,0,0,0,0,0,False,1,99558.900479056625,team-10-v3-controlled,0,1,0.011605399825042606,0,
2022-04-13T16:00:00Z,0,0,0,0,0,0,-0,0,0,0,0,0,0,0,-0,0,0,0,0,0,0,0,0,0,False,1,99558.900479056625,team-10-v3-controlled,0,1,0.011605399825042606,0,
2022-04-14T00:00:00Z,0,0,0,0,0,0,-0,0,0,0,0,0,0,0,-0,0,0,0,0,0,0,0,0,0,False,1,99558.900479056625,team-10-v3-controlled,0,1,0.011605399825042606,0,
2022-04-14T08:00:00Z,0,0,0,0,0,0,-0,0,0,0,0,0,0,0,-0,0,0,0,0,0,0,0,0,0,False,1,99558.900479056625,team-10-v3-controlled,0,1,0.011605399825042606,0,
2022-04-14T16:00:00Z,0,0,0,0,0,0,-0,0,0,0,0,0,0,0,-0,0,0,0,0,0,0,0,0,0,False,1,99558.900479056625,team-10-v3-controlled,0,1,0.011605399825042606,0,
2022-04-15T00:00:00Z,0,0,0,0,0,0,-0,0,0,0,0,0,0,0,-0,0,0,0,0,0,0,0,0,0,False,1,99558.900479056625,team-10-v3-controlled,0,1,0.011605399825042606,0,
2022-04-15T08:00:00Z,0,0,0,0,0,0,-0,0,0,0,0,0,0,0,-0,0,0,0,0,0,0,0,0,0,False,1,99558.900479056625,team-10-v3-controlled,0,1,0.011605399825042606,0,
2022-04-15T16:00:00Z,0,0,0,0,0,0,-0,0,0,0,0,0,0,0,-0,0,0,0,0,0,0,0,0,0,False,1,99558.900479056625,team-10-v3-controlled,0,1,0.011605399825042606,0,
2022-04-16T00:00:00Z,0,0,0,0,0,0,-0,0,0,0,0,0,0,0,-0,0,0,0,0,0,0,0,0,0,False,1,99558.900479056625,team-10-v3-controlled,0,1,0.011605399825042606,0,
2022-04-16T08:00:00Z,0,0,0,0,0,0,-0,0,0,0,0,0,0,0,-0,0,0,0,0,0,0,0,0,0,False,1,99558.900479056625,team-10-v3-controlled,0,1,0.011605399825042606,0,
2022-04-16T16:00:00Z,0,0,0,0,0,0,-0,0,0,0,0,0,0,0,-0,0,0,0,0,0,0,0,0,0,False,1,99558.900479056625,team-10-v3-controlled,0,1,0.011605399825042606,0,
2022-04-17T00:00:00Z,0,0,0,0,0,0,-0,0,0,0,0,0,0,0,-0,0,0,0,0,0,0,0,0,0,False,1,99558.900479056625,team-10-v3-controlled,0,1,0.011605399825042606,0,
2022-04-17T08:00:00Z,0,0,0,0,0,0,-0,0,0,0,0,0,0,0,-0,0,0,0,0,0,0,0,0,0,False,1,99558.900479056625,team-10-v3-controlled,0,1,0.011605399825042606,0,
2022-04-17T16:00:00Z,0,0,0,0,0,0,-0,0,0,0,0,0,0,0,-0,0,0,0,0,0,0,0,0,0,False,1,99558.900479056625,team-10-v3-controlled,0,1,0.011605399825042606,0,
2022-04-18T00:00:00Z,0,0,0,0,0,0,-0,0,0,0,0,0,0,0,-0,0,0,0,0,0,0,0,0,0,False,1,99558.900479056625,team-10-v3-controlled,0,1,0.011605399825042606,0,
2022-04-18T08:00:00Z,0,0,0,0,0,0,-0,0,0,0,0,0,0,0,-0,0,0,0,0,0,0,0,0,0,False,1,99558.900479056625,team-10-v3-controlled,0,1,0.011605399825042606,0,
2022-04-18T16:00:00Z,0,0,0,0,0,0,-0,0,0,0,0,0,0,0,-0,0,0,0,0,0,0,0,0,0,False,1,99558.900479056625,team-10-v3-controlled,0,1,0.011605399825042606,0,
2022-04-19T00:00:00Z,0,0,0,0,0,0,-0,0,0,0,0,0,0,0,-0,0,0,0,0,0,0,0,0,0,False,1,99558.900479056625,team-10-v3-controlled,0,1,0.011605399825042606,0,
2022-04-19T08:00:00Z,0,0,0,0,0,0,-0,0,0,0,0,0,0,0,-0,0,0,0,0,0,0,0,0,0,False,1,99558.900479056625,team-10-v3-controlled,0,1,0.011605399825042606,0,
2022-04-19T16:00:00Z,0,0,0,0,0,0,-0,0,0,0,0,0,0,0,-0,0,0,0,0,0,0,0,0,0,False,1,99558.900479056625,team-10-v3-controlled,0,1,0.011605399825042606,0,
2022-04-20T00:00:00Z,0,0,0,0,0,0,-0,0,0,0,0,0,0,0,-0,0,0,0,0,0,0,0,0,0,False,1,99558.900479056625,team-10-v3-controlled,0,1,0.011605399825042606,0,
2022-04-20T08:00:00Z,0,0,0,0,0,0,-0,0,0,0,0,0,0,0,-0,0,0,0,0,0,0,0,0,0,False,1,99558.900479056625,team-10-v3-controlled,0,1,0.011605399825042606,0,
2022-04-20T16:00:00Z,0,0,0,0,0,0,-0,0,0,0,0,0,0,0,-0,0,0,0,0,0,0,0,0,0,False,1,99558.900479056625,team-10-v3-controlled,0,1,0.011605399825042606,0,
2022-04-21T00:00:00Z,0,0,0,0,0,0,-0,0,0,0,0,0,0,0,-0,0,0,0,0,0,0,0,0,0,False,1,99558.900479056625,team-10-v3-controlled,0,1,0.011605399825042606,0,
2022-04-21T08:00:00Z,0,0,0,0,0,0,-0,0,0,0,0,0,0,0,-0,0,0,0,0,0,0,0,0,0,False,1,99558.900479056625,team-10-v3-controlled,0,1,0.011605399825042606,0,
2022-04-21T16:00:00Z,0,0,0,0,0,0,-0,0,0,0,0,0,0,0,-0,0,0,0,0,0,0,0,0,0,False,1,99558.900479056625,team-10-v3-controlled,0,1,0.011605399825042606,0,
2022-04-22T00:00:00Z,0,0,0,0,0,0,-0,0,0,0,0,0,0,0,-0,0,0,0,0,0,0,0,0,0,False,1,99558.900479056625,team-10-v3-controlled,0,1,0.011605399825042606,0,
2022-04-22T08:00:00Z,0,0,0,0,0,0,-0,0,0,0,0,0,0,0,-0,0,0,0,0,0,0,0,0,0,False,1,99558.900479056625,team-10-v3-controlled,0,1,0.011605399825042606,0,
2022-04-22T16:00:00Z,0,0,0,0,0,0,-0,0,0,0,0,0,0,0,-0,0,0,0,0,0,0,0,0,0,False,1,99558.900479056625,team-10-v3-controlled,0,1,0.011605399825042606,0,
2022-04-23T00:00:00Z,0,0,0,0,0,0,-0,0,0,0,0,0,0,0,-0,0,0,0,0,0,0,0,0,0,False,1,99558.900479056625,team-10-v3-controlled,0,1,0.011605399825042606,0,
2022-04-23T08:00:00Z,0,0,0,0,0,0,-0,0,0,0,0,0,0,0,-0,0,0,0,0,0,0,0,0,0,False,1,99558.900479056625,team-10-v3-controlled,0,1,0.011605399825042606,0,
2022-04-23T16:00:00Z,0,0,0,0,0,0,-0,0,0,0,0,0,0,0,-0,0,0,0,0,0,0,0,0,0,False,1,99558.900479056625,team-10-v3-controlled,0,1,0.011605399825042606,0,
2022-04-24T00:00:00Z,0,0,0,0,0,0,-0,0,0,0,0,0,0,0,-0,0,0,0,0,0,0,0,0,0,False,1,99558.900479056625,team-10-v3-controlled,0,1,0.011605399825042606,0,
2022-04-24T08:00:00Z,0,0,0,0,0,0,-0,0,0,0,0,0,0,0,-0,0,0,0,0,0,0,0,0,0,False,1,99558.900479056625,team-10-v3-controlled,0,1,0.011605399825042606,0,
2022-04-24T16:00:00Z,0,0,0,0,0,0,-0,0,0,0,0,0,0,0,-0,0,0,0,0,0,0,0,0,0,False,1,99558.900479056625,team-10-v3-controlled,0,1,0.011605399825042606,0,
2022-04-25T00:00:00Z,0,0,0,0,0,0,-0,0,0,0,0,0,0,0,-0,0,0,0,0,0,0,0,0,0,False,1,99558.900479056625,team-10-v3-controlled,0,1,0.011605399825042606,0,
2022-04-25T08:00:00Z,0,0,0,0,0,0,-0,0,0,0,0,0,0,0,-0,0,0,0,0,0,0,0,0,0,False,1,99558.900479056625,team-10-v3-controlled,0,1,0.011605399825042606,0,
2022-04-25T16:00:00Z,0,0,0,0,0,0,-0,0,0,0,0,0,0,0,-0,0,0,0,0,0,0,0,0,0,False,1,99558.900479056625,team-10-v3-controlled,0,1,0.011605399825042606,0,
2022-04-26T00:00:00Z,0,0,0,0,0,0,-0,0,0,0,0,0,0,0,-0,0,0,0,0,0,0,0,0,0,False,1,99558.900479056625,team-10-v3-controlled,0,1,0.011605399825042606,0,
2022-04-26T08:00:00Z,0,0,0,0,0,0,-0,0,0,0,0,0,0,0,-0,0,0,0,0,0,0,0,0,0,False,1,99558.900479056625,team-10-v3-controlled,0,1,0.011605399825042606,0,
2022-04-26T16:00:00Z,0,0,0,0,0,0,-0,0,0,0,0,0,0,0,-0,0,0,0,0,0,0,0,0,0,False,1,99558.900479056625,team-10-v3-controlled,0,1,0.011605399825042606,0,
2022-04-27T00:00:00Z,0,0,0,0,0,0,-0,0,0,0,0,0,0,0,-0,0,0,0,0,0,0,0,0,0,False,1,99558.900479056625,team-10-v3-controlled,0,1,0.011605399825042606,0,
2022-04-27T08:00:00Z,0,0,0,0,0,0,-0,0,0,0,0,0,0,0,-0,0,0,0,0,0,0,0,0,0,False,1,99558.900479056625,team-10-v3-controlled,0,1,0.011605399825042606,0,
2022-04-27T16:00:00Z,0,0,0,0,0,0,-0,0,0,0,0,0,0,0,-0,0,0,0,0,0,0,0,0,0,False,1,99558.900479056625,team-10-v3-controlled,0,1,0.011605399825042606,0,
2022-04-28T00:00:00Z,0,0,0,0,0,0,-0,0,0,0,0,0,0,0,-0,0,0,0,0,0,0,0,0,0,False,1,99558.900479056625,team-10-v3-controlled,0,1,0.011605399825042606,0,
2022-04-28T08:00:00Z,0,0,0,0,0,0,-0,0,0,0,0,0,0,0,-0,0,0,0,0,0,0,0,0,0,False,1,99558.900479056625,team-10-v3-controlled,0,1,0.011605399825042606,0,
2022-04-28T16:00:00Z,0,0,0,0,0,0,-0,0,0,0,0,0,0,0,-0,0,0,0,0,0,0,0,0,0,False,1,99558.900479056625,team-10-v3-controlled,0,1,0.011605399825042606,0,
2022-04-29T00:00:00Z,0,0,0,0,0,0,-0,0,0,0,0,0,0,0,-0,0,0,0,0,0,0,0,0,0,False,1,99558.900479056625,team-10-v3-controlled,0,1,0.011605399825042606,0,
2022-04-29T08:00:00Z,0,0,0,0,0,0,-0,0,0,0,0,0,0,0,-0,0,0,0,0,0,0,0,0,0,False,1,99558.900479056625,team-10-v3-controlled,0,1,0.011605399825042606,0,
2022-04-29T16:00:00Z,0,0,0,0,0,0,-0,0,0,0,0,0,0,0,-0,0,0,0,0,0,0,0,0,0,False,1,99558.900479056625,team-10-v3-controlled,0,1,0.011605399825042606,0,
2022-04-30T00:00:00Z,0,0,0,0,0,0,-0,0,0,0,0,0,0,0,-0,0,0,0,0,0,0,0,0,0,False,1,99558.900479056625,team-10-v3-controlled,0,1,0.011605399825042606,0,
2022-04-30T08:00:00Z,0,0,0,0,0,0,-0,0,0,0,0,0,0,0,-0,0,0,0,0,0,0,0,0,0,False,1,99558.900479056625,team-10-v3-controlled,0,1,0.011605399825042606,0,
2022-04-30T16:00:00Z,0,0,0,0,0,0,-0,0,0,0,0,0,0,0,-0,0,0,0,0,0,0,0,0,0,False,1,99558.900479056625,team-10-v3-controlled,0,1,0.011605399825042606,0,
2022-05-01T00:00:00Z,0,0,0,0,0,0,-0,0,0,0,0,0,0,0,-0,0,0,0,0,0,0,0,0,0,False,1,99558.900479056625,team-10-v3-controlled,0,1,0.011605399825042606,0,
2022-05-01T08:00:00Z,0,0,0,0,0,0,-0,0,0,0,0,0,0,0,-0,0,0,0,0,0,0,0,0,0,False,1,99558.900479056625,team-10-v3-controlled,0,1,0.011605399825042606,0,
2022-05-01T16:00:00Z,0,0,0,0,0,0,-0,0,0,0,0,0,0,0,-0,0,0,0,0,0,0,0,0,0,False,1,99558.900479056625,team-10-v3-controlled,0,1,0.011605399825042606,0,
2022-05-02T00:00:00Z,0,0,0,0,0,0,-0,0,0,0,0,0,0,0,-0,0,0,0,0,0,0,0,0,0,False,1,99558.900479056625,team-10-v3-controlled,0,1,0.011605399825042606,0,
2022-05-02T08:00:00Z,0,0,0,0,0,0,-0,0,0,0,0,0,0,0,-0,0,0,0,0,0,0,0,0,0,False,1,99558.900479056625,team-10-v3-controlled,0,1,0.011605399825042606,0,
2022-05-02T16:00:00Z,0,0,0,0,0,0,-0,0,0,0,0,0,0,0,-0,0,0,0,0,0,0,0,0,0,False,1,99558.900479056625,team-10-v3-controlled,0,1,0.011605399825042606,0,
2022-05-03T00:00:00Z,0,0,0,0,0,0,-0,0,0,0,0,0,0,0,-0,0,0,0,0,0,0,0,0,0,False,1,99558.900479056625,team-10-v3-controlled,0,1,0.011605399825042606,0,
2022-05-03T08:00:00Z,0,0,0,0,0,0,-0,0,0,0,0,0,0,0,-0,0,0,0,0,0,0,0,0,0,False,1,99558.900479056625,team-10-v3-controlled,0,1,0.011605399825042606,0,
2022-05-03T16:00:00Z,0,0,0,0,0,0,-0,0,0,0,0,0,0,0,-0,0,0,0,0,0,0,0,0,0,False,1,99558.900479056625,team-10-v3-controlled,0,1,0.011605399825042606,0,
2022-05-04T00:00:00Z,0,0,0,0,0,0,-0,0,0,0,0,0,0,0,-0,0,0,0,0,0,0,0,0,0,False,1,99558.900479056625,team-10-v3-controlled,0,1,0.011605399825042606,0,
2022-05-04T08:00:00Z,0,0,0,0,0,0,-0,0,0,0,0,0,0,0,-0,0,0,0,0,0,0,0,0,0,False,1,99558.900479056625,team-10-v3-controlled,0,1,0.011605399825042606,0,
2022-05-04T16:00:00Z,0,0,0,0,0,0,-0,0,0,0,0,0,0,0,-0,0,0,0,0,0,0,0,0,0,False,1,99558.900479056625,team-10-v3-controlled,0,1,0.011605399825042606,0,
2022-05-05T00:00:00Z,0,0,0,0,0,0,-0,0,0,0,0,0,0,0,-0,0,0,0,0,0,0,0,0,0,False,1,99558.900479056625,team-10-v3-controlled,0,1,0.011605399825042606,0,
2022-05-05T08:00:00Z,0,0,0,0,0,0,-0,0,0,0,0,0,0,0,-0,0,0,0,0,0,0,0,0,0,False,1,99558.900479056625,team-10-v3-controlled,0,1,0.011605399825042606,0,
2022-05-05T16:00:00Z,0,0,0,0,0,0,-0,0,0,0,0,0,0,0,-0,0,0,0,0,0,0,0,0,0,False,1,99558.900479056625,team-10-v3-controlled,0,1,0.011605399825042606,0,
2022-05-06T00:00:00Z,0,0,0,0,0,0,-0,0,0,0,0,0,0,0,-0,0,0,0,0,0,0,0,0,0,False,1,99558.900479056625,team-10-v3-controlled,0,1,0.011605399825042606,0,
2022-05-06T08:00:00Z,0,0,0,0,0,0,-0,0,0,0,0,0,0,0,-0,0,0,0,0,0,0,0,0,0,False,1,99558.900479056625,team-10-v3-controlled,0,1,0.011605399825042606,0,
2022-05-06T16:00:00Z,0,0,0,0,0,0,-0,0,0,0,0,0,0,0,-0,0,0,0,0,0,0,0,0,0,False,1,99558.900479056625,team-10-v3-controlled,0,1,0.011605399825042606,0,
2022-05-07T00:00:00Z,0,0,0,0,0,0,-0,0,0,0,0,0,0,0,-0,0,0,0,0,0,0,0,0,0,False,1,99558.900479056625,team-10-v3-controlled,0,1,0.011605399825042606,0,
2022-05-07T08:00:00Z,0,0,0,0,0,0,-0,0,0,0,0,0,0,0,-0,0,0,0,0,0,0,0,0,0,False,1,99558.900479056625,team-10-v3-controlled,0,1,0.011605399825042606,0,
2022-05-07T16:00:00Z,0,0,0,0,0,0,-0,0,0,0,0,0,0,0,-0,0,0,0,0,0,0,0,0,0,False,1,99558.900479056625,team-10-v3-controlled,0,1,0.011605399825042606,0,
2022-05-08T00:00:00Z,0,0,0,0,0,0,-0,0,0,0,0,0,0,0,-0,0,0,0,0,0,0,0,0,0,False,1,99558.900479056625,team-10-v3-controlled,0,1,0.011605399825042606,0,
2022-05-08T08:00:00Z,0,0,0,0,0,0,-0,0,0,0,0,0,0,0,-0,0,0,0,0,0,0,0,0,0,False,1,99558.900479056625,team-10-v3-controlled,0,1,0.011605399825042606,0,
2022-05-08T16:00:00Z,0,0,0,0,0,0,-0,0,0,0,0,0,0,0,-0,0,0,0,0,0,0,0,0,0,False,1,99558.900479056625,team-10-v3-controlled,0,1,0.011605399825042606,0,
2022-05-09T00:00:00Z,0,0,0,0,0,0,-0,0,0,0,0,0,0,0,-0,0,0,0,0,0,0,0,0,0,False,1,99558.900479056625,team-10-v3-controlled,0,1,0.011605399825042606,0,
2022-05-09T08:00:00Z,0,0,0,0,0,0,-0,0,0,0,0,0,0,0,-0,0,0,0,0,0,0,0,0,0,False,1,99558.900479056625,team-10-v3-controlled,0,1,0.011605399825042606,0,
2022-05-09T16:00:00Z,0,0,0,0,0,0,-0,0,0,0,0,0,0,0,-0,0,0,0,0,0,0,0,0,0,False,1,99558.900479056625,team-10-v3-controlled,0,1,0.011605399825042606,0,
2022-05-10T00:00:00Z,0,0,0,0,0,0,-0,0,0,0,0,0,0,0,-0,0,0,0,0,0,0,0,0,0,False,1,99558.900479056625,team-10-v3-controlled,0,1,0.011605399825042606,0,
2022-05-10T08:00:00Z,0,0,0,0,0,0,-0,0,0,0,0,0,0,0,-0,0,0,0,0,0,0,0,0,0,False,1,99558.900479056625,team-10-v3-controlled,0,1,0.011605399825042606,0,
2022-05-10T16:00:00Z,0,0,0,0,0,0,-0,0,0,0,0,0,0,0,-0,0,0,0,0,0,0,0,0,0,False,1,99558.900479056625,team-10-v3-controlled,0,1,0.011605399825042606,0,
2022-05-11T00:00:00Z,0,0,0,0,0,0,-0,0,0,0,0,0,0,0,-0,0,0,0,0,0,0,0,0,0,False,1,99558.900479056625,team-10-v3-controlled,0,1,0.011605399825042606,0,
2022-05-11T08:00:00Z,0,0,0,0,0,0,-0,0,0,0,0,0,0,0,-0,0,0,0,0,0,0,0,0,0,False,1,99558.900479056625,team-10-v3-controlled,0,1,0.011605399825042606,0,
2022-05-11T16:00:00Z,0,0,0,0,0,0,-0,0,0,0,0,0,0,0,-0,0,0,0,0,0,0,0,0,0,False,1,99558.900479056625,team-10-v3-controlled,0,1,0.011605399825042606,0,
2022-05-12T00:00:00Z,0,0,0,0,0,0,-0,0,0,0,0,0,0,0,-0,0,0,0,0,0,0,0,0,0,False,1,99558.900479056625,team-10-v3-controlled,0,1,0.011605399825042606,0,
2022-05-12T08:00:00Z,0,0,0,0,0,0,-0,0,0,0,0,0,0,0,-0,0,0,0,0,0,0,0,0,0,False,1,99558.900479056625,team-10-v3-controlled,0,1,0.011605399825042606,0,
2022-05-12T16:00:00Z,0,0,0,0,0,0,-0,0,0,0,0,0,0,0,-0,0,0,0,0,0,0,0,0,0,False,1,99558.900479056625,team-10-v3-controlled,0,1,0.011605399825042606,0,
2022-05-13T00:00:00Z,0,0,0,0,0,0,-0,0,0,0,0,0,0,0,-0,0,0,0,0,0,0,0,0,0,False,1,99558.900479056625,team-10-v3-controlled,0,1,0.011605399825042606,0,
2022-05-13T08:00:00Z,0,0,0,0,0,0,-0,0,0,0,0,0,0,0,-0,0,0,0,0,0,0,0,0,0,False,1,99558.900479056625,team-10-v3-controlled,0,1,0.011605399825042606,0,
2022-05-13T16:00:00Z,0,0,0,0,0,0,-0,0,0,0,0,0,0,0,-0,0,0,0,0,0,0,0,0,0,False,1,99558.900479056625,team-10-v3-controlled,0,1,0.011605399825042606,0,
2022-05-14T00:00:00Z,0,0,0,0,0,0,-0,0,0,0,0,0,0,0,-0,0,0,0,0,0,0,0,0,0,False,1,99558.900479056625,team-10-v3-controlled,0,1,0.011605399825042606,0,
2022-05-14T08:00:00Z,0,0,0,0,0,0,-0,0,0,0,0,0,0,0,-0,0,0,0,0,0,0,0,0,0,False,1,99558.900479056625,team-10-v3-controlled,0,1,0.011605399825042606,0,
2022-05-14T16:00:00Z,0,0,0,0,0,0,-0,0,0,0,0,0,0,0,-0,0,0,0,0,0,0,0,0,0,False,1,99558.900479056625,team-10-v3-controlled,0,1,0.011605399825042606,0,
2022-05-15T00:00:00Z,0,0,0,0,0,0,-0,0,0,0,0,0,0,0,-0,0,0,0,0,0,0,0,0,0,False,1,99558.900479056625,team-10-v3-controlled,0,1,0.011605399825042606,0,
2022-05-15T08:00:00Z,0,0,0,0,0,0,-0,0,0,0,0,0,0,0,-0,0,0,0,0,0,0,0,0,0,False,1,99558.900479056625,team-10-v3-controlled,0,1,0.011605399825042606,0,
2022-05-15T16:00:00Z,0,0,0,0,0,0,-0,0,0,0,0,0,0,0,-0,0,0,0,0,0,0,0,0,0,False,1,99558.900479056625,team-10-v3-controlled,0,1,0.011605399825042606,0,
2022-05-16T00:00:00Z,0,0,0,0,0,0,-0,0,0,0,0,0,0,0,-0,0,0,0,0,0,0,0,0,0,False,1,99558.900479056625,team-10-v3-controlled,0,1,0.011605399825042606,0,
2022-05-16T08:00:00Z,0,0,0,0,0,0,-0,0,0,0,0,0,0,0,-0,0,0,0,0,0,0,0,0,0,False,1,99558.900479056625,team-10-v3-controlled,0,1,0.011605399825042606,0,
2022-05-16T16:00:00Z,0,0,0,0,0,0,-0,0,0,0,0,0,0,0,-0,0,0,0,0,0,0,0,0,0,False,1,99558.900479056625,team-10-v3-controlled,0,1,0.011605399825042606,0,
2022-05-17T00:00:00Z,0,0,0,0,0,0,-0,0,0,0,0,0,0,0,-0,0,0,0,0,0,0,0,0,0,False,1,99558.900479056625,team-10-v3-controlled,0,1,0.011605399825042606,0,
2022-05-17T08:00:00Z,0,0,0,0,0,0,-0,0,0,0,0,0,0,0,-0,0,0,0,0,0,0,0,0,0,False,1,99558.900479056625,team-10-v3-controlled,0,1,0.011605399825042606,0,
2022-05-17T16:00:00Z,0,0,0,0,0,0,-0,0,0,0,0,0,0,0,-0,0,0,0,0,0,0,0,0,0,False,1,99558.900479056625,team-10-v3-controlled,0,1,0.011605399825042606,0,
2022-05-18T00:00:00Z,0,0,0,0,0,0,-0,0,0,0,0,0,0,0,-0,0,0,0,0,0,0,0,0,0,False,1,99558.900479056625,team-10-v3-controlled,0,1,0.011605399825042606,0,
2022-05-18T08:00:00Z,0,0,0,0,0,0,-0,0,0,0,0,0,0,0,-0,0,0,0,0,0,0,0,0,0,False,1,99558.900479056625,team-10-v3-controlled,0,1,0.011605399825042606,0,
2022-05-18T16:00:00Z,0,0,0,0,0,0,-0,0,0,0,0,0,0,0,-0,0,0,0,0,0,0,0,0,0,False,1,99558.900479056625,team-10-v3-controlled,0,1,0.011605399825042606,0,
2022-05-19T00:00:00Z,0,0,0,0,0,0,-0,0,0,0,0,0,0,0,-0,0,0,0,0,0,0,0,0,0,False,1,99558.900479056625,team-10-v3-controlled,0,1,0.011605399825042606,0,
2022-05-19T08:00:00Z,0,0,0,0,0,0,-0,0,0,0,0,0,0,0,-0,0,0,0,0,0,0,0,0,0,False,1,99558.900479056625,team-10-v3-controlled,0,1,0.011605399825042606,0,
2022-05-19T16:00:00Z,0,0,0,0,0,0,-0,0,0,0,0,0,0,0,-0,0,0,0,0,0,0,0,0,0,False,1,99558.900479056625,team-10-v3-controlled,0,1,0.011605399825042606,0,
2022-05-20T00:00:00Z,0,0,0,0,0,0,-0,0,0,0,0,0,0,0,-0,0,0,0,0,0,0,0,0,0,False,1,99558.900479056625,team-10-v3-controlled,0,1,0.011605399825042606,0,
2022-05-20T08:00:00Z,0,0,0,0,0,0,-0,0,0,0,0,0,0,0,-0,0,0,0,0,0,0,0,0,0,False,1,99558.900479056625,team-10-v3-controlled,0,1,0.011605399825042606,0,
2022-05-20T16:00:00Z,0,0,0,0,0,0,-0,0,0,0,0,0,0,0,-0,0,0,0,0,0,0,0,0,0,False,1,99558.900479056625,team-10-v3-controlled,0,1,0.011605399825042606,0,
2022-05-21T00:00:00Z,0,0,0,0,0,0,-0,0,0,0,0,0,0,0,-0,0,0,0,0,0,0,0,0,0,False,1,99558.900479056625,team-10-v3-controlled,0,1,0.011605399825042606,0,
2022-05-21T08:00:00Z,0,0,0,0,0,0,-0,0,0,0,0,0,0,0,-0,0,0,0,0,0,0,0,0,0,False,1,99558.900479056625,team-10-v3-controlled,0,1,0.011605399825042606,0,
2022-05-21T16:00:00Z,0,0,0,0,0,0,-0,0,0,0,0,0,0,0,-0,0,0,0,0,0,0,0,0,0,False,1,99558.900479056625,team-10-v3-controlled,0,1,0.011605399825042606,0,
2022-05-22T00:00:00Z,0,0,0,0,0,0,-0,0,0,0,0,0,0,0,-0,0,0,0,0,0,0,0,0,0,False,1,99558.900479056625,team-10-v3-controlled,0,1,0.011605399825042606,0,
2022-05-22T08:00:00Z,0,0,0,0,0,0,-0,0,0,0,0,0,0,0,-0,0,0,0,0,0,0,0,0,0,False,1,99558.900479056625,team-10-v3-controlled,0,1,0.011605399825042606,0,
2022-05-22T16:00:00Z,0,0,0,0,0,0,-0,0,0,0,0,0,0,0,-0,0,0,0,0,0,0,0,0,0,False,1,99558.900479056625,team-10-v3-controlled,0,1,0.011605399825042606,0,
2022-05-23T00:00:00Z,0,0,0,0,0,0,-0,0,0,0,0,0,0,0,-0,0,0,0,0,0,0,0,0,0,False,1,99558.900479056625,team-10-v3-controlled,0,1,0.011605399825042606,0,
2022-05-23T08:00:00Z,0,0,0,0,0,0,-0,0,0,0,0,0,0,0,-0,0,0,0,0,0,0,0,0,0,False,1,99558.900479056625,team-10-v3-controlled,0,1,0.011605399825042606,0,
2022-05-23T16:00:00Z,0,0,0,0,0,0,-0,0,0,0,0,0,0,0,-0,0,0,0,0,0,0,0,0,0,False,1,99558.900479056625,team-10-v3-controlled,0,1,0.011605399825042606,0,
2022-05-24T00:00:00Z,0,0,0,0,0,0,-0,0,0,0,0,0,0,0,-0,0,0,0,0,0,0,0,0,0,False,1,99558.900479056625,team-10-v3-controlled,0,1,0.011605399825042606,0,
2022-05-24T08:00:00Z,0,0,0,0,0,0,-0,0,0,0,0,0,0,0,-0,0,0,0,0,0,0,0,0,0,False,1,99558.900479056625,team-10-v3-controlled,0,1,0.011605399825042606,0,
2022-05-24T16:00:00Z,0,0,0,0,0,0,-0,0,0,0,0,0,0,0,-0,0,0,0,0,0,0,0,0,0,False,1,99558.900479056625,team-10-v3-controlled,0,1,0.011605399825042606,0,
2022-05-25T00:00:00Z,0,0,0,0,0,0,-0,0,0,0,0,0,0,0,-0,0,0,0,0,0,0,0,0,0,False,1,99558.900479056625,team-10-v3-controlled,0,1,0.011605399825042606,0,
2022-05-25T08:00:00Z,0,0,0,0,0,0,-0,0,0,0,0,0,0,0,-0,0,0,0,0,0,0,0,0,0,False,1,99558.900479056625,team-10-v3-controlled,0,1,0.011605399825042606,0,
2022-05-25T16:00:00Z,0,0,0,0,0,0,-0,0,0,0,0,0,0,0,-0,0,0,0,0,0,0,0,0,0,False,1,99558.900479056625,team-10-v3-controlled,0,1,0.011605399825042606,0,
2022-05-26T00:00:00Z,0,0,0,0,0,0,-0,0,0,0,0,0,0,0,-0,0,0,0,0,0,0,0,0,0,False,1,99558.900479056625,team-10-v3-controlled,0,1,0.011605399825042606,0,
2022-05-26T08:00:00Z,0,0,0,0,0,0,-0,0,0,0,0,0,0,0,-0,0,0,0,0,0,0,0,0,0,False,1,99558.900479056625,team-10-v3-controlled,0,1,0.011605399825042606,0,
2022-05-26T16:00:00Z,0,0,0,0,0,0,-0,0,0,0,0,0,0,0,-0,0,0,0,0,0,0,0,0,0,False,1,99558.900479056625,team-10-v3-controlled,0,1,0.011605399825042606,0,
2022-05-27T00:00:00Z,0,0,0,0,0,0,-0,0,0,0,0,0,0,0,-0,0,0,0,0,0,0,0,0,0,False,1,99558.900479056625,team-10-v3-controlled,0,1,0.011605399825042606,0,
2022-05-27T08:00:00Z,0,0,0,0,0,0,-0,0,0,0,0,0,0,0,-0,0,0,0,0,0,0,0,0,0,False,1,99558.900479056625,team-10-v3-controlled,0,1,0.011605399825042606,0,
2022-05-27T16:00:00Z,0,0,0,0,0,0,-0,0,0,0,0,0,0,0,-0,0,0,0,0,0,0,0,0,0,False,1,99558.900479056625,team-10-v3-controlled,0,1,0.011605399825042606,0,
2022-05-28T00:00:00Z,0,0,0,0,0,0,-0,0,0,0,0,0,0,0,-0,0,0,0,0,0,0,0,0,0,False,1,99558.900479056625,team-10-v3-controlled,0,1,0.011605399825042606,0,
2022-05-28T08:00:00Z,0,0,0,0,0,0,-0,0,0,0,0,0,0,0,-0,0,0,0,0,0,0,0,0,0,False,1,99558.900479056625,team-10-v3-controlled,0,1,0.011605399825042606,0,
2022-05-28T16:00:00Z,0,0,0,0,0,0,-0,0,0,0,0,0,0,0,-0,0,0,0,0,0,0,0,0,0,False,1,99558.900479056625,team-10-v3-controlled,0,1,0.011605399825042606,0,
2022-05-29T00:00:00Z,0,0,0,0,0,0,-0,0,0,0,0,0,0,0,-0,0,0,0,0,0,0,0,0,0,False,1,99558.900479056625,team-10-v3-controlled,0,1,0.011605399825042606,0,
2022-05-29T08:00:00Z,0,0,0,0,0,0,-0,0,0,0,0,0,0,0,-0,0,0,0,0,0,0,0,0,0,False,1,99558.900479056625,team-10-v3-controlled,0,1,0.011605399825042606,0,
2022-05-29T16:00:00Z,0,0,0,0,0,0,-0,0,0,0,0,0,0,0,-0,0,0,0,0,0,0,0,0,0,False,1,99558.900479056625,team-10-v3-controlled,0,1,0.011605399825042606,0,
2022-05-30T00:00:00Z,0,0,0,0,0,0,-0,0,0,0,0,0,0,0,-0,0,0,0,0,0,0,0,0,0,False,1,99558.900479056625,team-10-v3-controlled,0,1,0.011605399825042606,0,
2022-05-30T08:00:00Z,0,0,0,0,0,0,-0,0,0,0,0,0,0,0,-0,0,0,0,0,0,0,0,0,0,False,1,99558.900479056625,team-10-v3-controlled,0,1,0.011605399825042606,0,
2022-05-30T16:00:00Z,0,0,0,0,0,0,-0,0,0,0,0,0,0,0,-0,0,0,0,0,0,0,0,0,0,False,1,99558.900479056625,team-10-v3-controlled,0,1,0.011605399825042606,0,
2022-05-31T00:00:00Z,0,0,0,0,0,0,-0,0,0,0,0,0,0,0,-0,0,0,0,0,0,0,0,0,0,False,1,99558.900479056625,team-10-v3-controlled,0,1,0.011605399825042606,0,
2022-05-31T08:00:00Z,0,0,0,0,0,0,-0,0,0,0,0,0,0,0,-0,0,0,0,0,0,0,0,0,0,False,1,99558.900479056625,team-10-v3-controlled,0,1,0.011605399825042606,0,
2022-05-31T16:00:00Z,0,0,0,0,0,0,-0,0,0,0,0,0,0,0,-0,0,0,0,0,0,0,0,0,0,False,1,99558.900479056625,team-10-v3-controlled,0,1,0.011605399825042606,0,
2022-06-01T00:00:00Z,0,0,0,0,0,0,-0,0,0,0,0,0,0,0,-0,0,0,0,0,0,0,0,0,0,False,1,99558.900479056625,team-10-v3-controlled,0,1,0.011605399825042606,0,
2022-06-01T08:00:00Z,0,0,0,0,0,0,-0,0,0,0,0,0,0,0,-0,0,0,0,0,0,0,0,0,0,False,1,99558.900479056625,team-10-v3-controlled,0,1,0.011605399825042606,0,
2022-06-01T16:00:00Z,0,0,0,0,0,0,-0,0,0,0,0,0,0,0,-0,0,0,0,0,0,0,0,0,0,False,1,99558.900479056625,team-10-v3-controlled,0,1,0.011605399825042606,0,
2022-06-02T00:00:00Z,0,0,0,0,0,0,-0,0,0,0,0,0,0,0,-0,0,0,0,0,0,0,0,0,0,False,1,99558.900479056625,team-10-v3-controlled,0,1,0.011605399825042606,0,
2022-06-02T08:00:00Z,0,0,0,0,0,0,-0,0,0,0,0,0,0,0,-0,0,0,0,0,0,0,0,0,0,False,1,99558.900479056625,team-10-v3-controlled,0,1,0.011605399825042606,0,
2022-06-02T16:00:00Z,0,0,0,0,0,0,-0,0,0,0,0,0,0,0,-0,0,0,0,0,0,0,0,0,0,False,1,99558.900479056625,team-10-v3-controlled,0,1,0.011605399825042606,0,
2022-06-03T00:00:00Z,0,0,0,0,0,0,-0,0,0,0,0,0,0,0,-0,0,0,0,0,0,0,0,0,0,False,1,99558.900479056625,team-10-v3-controlled,0,1,0.011605399825042606,0,
2022-06-03T08:00:00Z,0,0,0,0,0,0,-0,0,0,0,0,0,0,0,-0,0,0,0,0,0,0,0,0,0,False,1,99558.900479056625,team-10-v3-controlled,0,1,0.011605399825042606,0,
2022-06-03T16:00:00Z,0,0,0,0,0,0,-0,0,0,0,0,0,0,0,-0,0,0,0,0,0,0,0,0,0,False,1,99558.900479056625,team-10-v3-controlled,0,1,0.011605399825042606,0,
2022-06-04T00:00:00Z,0,0,0,0,0,0,-0,0,0,0,0,0,0,0,-0,0,0,0,0,0,0,0,0,0,False,1,99558.900479056625,team-10-v3-controlled,0,1,0.011605399825042606,0,
2022-06-04T08:00:00Z,0,0,0,0,0,0,-0,0,0,0,0,0,0,0,-0,0,0,0,0,0,0,0,0,0,False,1,99558.900479056625,team-10-v3-controlled,0,1,0.011605399825042606,0,
2022-06-04T16:00:00Z,0,0,0,0,0,0,-0,0,0,0,0,0,0,0,-0,0,0,0,0,0,0,0,0,0,False,1,99558.900479056625,team-10-v3-controlled,0,1,0.011605399825042606,0,
2022-06-05T00:00:00Z,0,0,0,0,0,0,-0,0,0,0,0,0,0,0,-0,0,0,0,0,0,0,0,0,0,False,1,99558.900479056625,team-10-v3-controlled,0,1,0.011605399825042606,0,
2022-06-05T08:00:00Z,0,0,0,0,0,0,-0,0,0,0,0,0,0,0,-0,0,0,0,0,0,0,0,0,0,False,1,99558.900479056625,team-10-v3-controlled,0,1,0.011605399825042606,0,
2022-06-05T16:00:00Z,0,0,0,0,0,0,-0,0,0,0,0,0,0,0,-0,0,0,0,0,0,0,0,0,0,False,1,99558.900479056625,team-10-v3-controlled,0,1,0.011605399825042606,0,
2022-06-06T00:00:00Z,0,0,0,0,0,0,-0,0,0,0,0,0,0,0,-0,0,0,0,0,0,0,0,0,0,False,1,99558.900479056625,team-10-v3-controlled,0,1,0.011605399825042606,0,
2022-06-06T08:00:00Z,0,0,0,0,0,0,-0,0,0,0,0,0,0,0,-0,0,0,0,0,0,0,0,0,0,False,1,99558.900479056625,team-10-v3-controlled,0,1,0.011605399825042606,0,
2022-06-06T16:00:00Z,0,0,0,0,0,0,-0,0,0,0,0,0,0,0,-0,0,0,0,0,0,0,0,0,0,False,1,99558.900479056625,team-10-v3-controlled,0,1,0.011605399825042606,0,
2022-06-07T00:00:00Z,0,0,0,0,0,0,-0,0,0,0,0,0,0,0,-0,0,0,0,0,0,0,0,0,0,False,1,99558.900479056625,team-10-v3-controlled,0,1,0.011605399825042606,0,
2022-06-07T08:00:00Z,0,0,0,0,0,0,-0,0,0,0,0,0,0,0,-0,0,0,0,0,0,0,0,0,0,False,1,99558.900479056625,team-10-v3-controlled,0,1,0.011605399825042606,0,
2022-06-07T16:00:00Z,0,0,0,0,0,0,-0,0,0,0,0,0,0,0,-0,0,0,0,0,0,0,0,0,0,False,1,99558.900479056625,team-10-v3-controlled,0,1,0.011605399825042606,0,
2022-06-08T00:00:00Z,0,0,0,0,0,0,-0,0,0,0,0,0,0,0,-0,0,0,0,0,0,0,0,0,0,False,1,99558.900479056625,team-10-v3-controlled,0,1,0.011605399825042606,0,
2022-06-08T08:00:00Z,0,0,0,0,0,0,-0,0,0,0,0,0,0,0,-0,0,0,0,0,0,0,0,0,0,False,1,99558.900479056625,team-10-v3-controlled,0,1,0.011605399825042606,0,
2022-06-08T16:00:00Z,0,0,0,0,0,0,-0,0,0,0,0,0,0,0,-0,0,0,0,0,0,0,0,0,0,False,1,99558.900479056625,team-10-v3-controlled,0,1,0.011605399825042606,0,
2022-06-09T00:00:00Z,0,0,0,0,0,0,-0,0,0,0,0,0,0,0,-0,0,0,0,0,0,0,0,0,0,False,1,99558.900479056625,team-10-v3-controlled,0,1,0.011605399825042606,0,
2022-06-09T08:00:00Z,0,0,0,0,0,0,-0,0,0,0,0,0,0,0,-0,0,0,0,0,0,0,0,0,0,False,1,99558.900479056625,team-10-v3-controlled,0,1,0.011605399825042606,0,
2022-06-09T16:00:00Z,0,0,0,0,0,0,-0,0,0,0,0,0,0,0,-0,0,0,0,0,0,0,0,0,0,False,1,99558.900479056625,team-10-v3-controlled,0,1,0.011605399825042606,0,
2022-06-10T00:00:00Z,0,0,0,0,0,0,-0,0,0,0,0,0,0,0,-0,0,0,0,0,0,0,0,0,0,False,1,99558.900479056625,team-10-v3-controlled,0,1,0.011605399825042606,0,
2022-06-10T08:00:00Z,0,0,0,0,0,0,-0,0,0,0,0,0,0,0,-0,0,0,0,0,0,0,0,0,0,False,1,99558.900479056625,team-10-v3-controlled,0,1,0.011605399825042606,0,
2022-06-10T16:00:00Z,0,0,0,0,0,0,-0,0,0,0,0,0,0,0,-0,0,0,0,0,0,0,0,0,0,False,1,99558.900479056625,team-10-v3-controlled,0,1,0.011605399825042606,0,
2022-06-11T00:00:00Z,0,0,0,0,0,0,-0,0,0,0,0,0,0,0,-0,0,0,0,0,0,0,0,0,0,False,1,99558.900479056625,team-10-v3-controlled,0,1,0.011605399825042606,0,
2022-06-11T08:00:00Z,0,0,0,0,0,0,-0,0,0,0,0,0,0,0,-0,0,0,0,0,0,0,0,0,0,False,1,99558.900479056625,team-10-v3-controlled,0,1,0.011605399825042606,0,
2022-06-11T16:00:00Z,0,0,0,0,0,0,-0,0,0,0,0,0,0,0,-0,0,0,0,0,0,0,0,0,0,False,1,99558.900479056625,team-10-v3-controlled,0,1,0.011605399825042606,0,
2022-06-12T00:00:00Z,0,0,0,0,0,0,-0,0,0,0,0,0,0,0,-0,0,0,0,0,0,0,0,0,0,False,1,99558.900479056625,team-10-v3-controlled,0,1,0.011605399825042606,0,
2022-06-12T08:00:00Z,0,0,0,0,0,0,-0,0,0,0,0,0,0,0,-0,0,0,0,0,0,0,0,0,0,False,1,99558.900479056625,team-10-v3-controlled,0,1,0.011605399825042606,0,
2022-06-12T16:00:00Z,0,0,0,0,0,0,-0,0,0,0,0,0,0,0,-0,0,0,0,0,0,0,0,0,0,False,1,99558.900479056625,team-10-v3-controlled,0,1,0.011605399825042606,0,
2022-06-13T00:00:00Z,0,0,0,0,0,0,-0,0,0,0,0,0,0,0,-0,0,0,0,0,0,0,0,0,0,False,1,99558.900479056625,team-10-v3-controlled,0,1,0.011605399825042606,0,
2022-06-13T08:00:00Z,0,0,0,0,0,0,-0,0,0,0,0,0,0,0,-0,0,0,0,0,0,0,0,0,0,False,1,99558.900479056625,team-10-v3-controlled,0,1,0.011605399825042606,0,
2022-06-13T16:00:00Z,0,0,0,0,0,0,-0,0,0,0,0,0,0,0,-0,0,0,0,0,0,0,0,0,0,False,1,99558.900479056625,team-10-v3-controlled,0,1,0.011605399825042606,0,
2022-06-14T00:00:00Z,0,0,0,0,0,0,-0,0,0,0,0,0,0,0,-0,0,0,0,0,0,0,0,0,0,False,1,99558.900479056625,team-10-v3-controlled,0,1,0.011605399825042606,0,
2022-06-14T08:00:00Z,0,0,0,0,0,0,-0,0,0,0,0,0,0,0,-0,0,0,0,0,0,0,0,0,0,False,1,99558.900479056625,team-10-v3-controlled,0,1,0.011605399825042606,0,
2022-06-14T16:00:00Z,0,0,0,0,0,0,-0,0,0,0,0,0,0,0,-0,0,0,0,0,0,0,0,0,0,False,1,99558.900479056625,team-10-v3-controlled,0,1,0.011605399825042606,0,
2022-06-15T00:00:00Z,0,0,0,0,0,0,-0,0,0,0,0,0,0,0,-0,0,0,0,0,0,0,0,0,0,False,1,99558.900479056625,team-10-v3-controlled,0,1,0.011605399825042606,0,
2022-06-15T08:00:00Z,0,0,0,0,0,0,-0,0,0,0,0,0,0,0,-0,0,0,0,0,0,0,0,0,0,False,1,99558.900479056625,team-10-v3-controlled,0,1,0.011605399825042606,0,
2022-06-15T16:00:00Z,0,0,0,0,0,0,-0,0,0,0,0,0,0,0,-0,0,0,0,0,0,0,0,0,0,False,1,99558.900479056625,team-10-v3-controlled,0,1,0.011605399825042606,0,
2022-06-16T00:00:00Z,0,0,0,0,0,0,-0,0,0,0,0,0,0,0,-0,0,0,0,0,0,0,0,0,0,False,1,99558.900479056625,team-10-v3-controlled,0,1,0.011605399825042606,0,
2022-06-16T08:00:00Z,0,0,0,0,0,0,-0,0,0,0,0,0,0,0,-0,0,0,0,0,0,0,0,0,0,False,1,99558.900479056625,team-10-v3-controlled,0,1,0.011605399825042606,0,
2022-06-16T16:00:00Z,0,0,0,0,0,0,-0,0,0,0,0,0,0,0,-0,0,0,0,0,0,0,0,0,0,False,1,99558.900479056625,team-10-v3-controlled,0,1,0.011605399825042606,0,
2022-06-17T00:00:00Z,0,0,0,0,0,0,-0,0,0,0,0,0,0,0,-0,0,0,0,0,0,0,0,0,0,False,1,99558.900479056625,team-10-v3-controlled,0,1,0.011605399825042606,0,
2022-06-17T08:00:00Z,0,0,0,0,0,0,-0,0,0,0,0,0,0,0,-0,0,0,0,0,0,0,0,0,0,False,1,99558.900479056625,team-10-v3-controlled,0,1,0.011605399825042606,0,
2022-06-17T16:00:00Z,0,0,0,0,0,0,-0,0,0,0,0,0,0,0,-0,0,0,0,0,0,0,0,0,0,False,1,99558.900479056625,team-10-v3-controlled,0,1,0.011605399825042606,0,
2022-06-18T00:00:00Z,0,0,0,0,0,0,-0,0,0,0,0,0,0,0,-0,0,0,0,0,0,0,0,0,0,False,1,99558.900479056625,team-10-v3-controlled,0,1,0.011605399825042606,0,
2022-06-18T08:00:00Z,0,0,0,0,0,0,-0,0,0,0,0,0,0,0,-0,0,0,0,0,0,0,0,0,0,False,1,99558.900479056625,team-10-v3-controlled,0,1,0.011605399825042606,0,
2022-06-18T16:00:00Z,0,0,0,0,0,0,-0,0,0,0,0,0,0,0,-0,0,0,0,0,0,0,0,0,0,False,1,99558.900479056625,team-10-v3-controlled,0,1,0.011605399825042606,0,
2022-06-19T00:00:00Z,0,0,0,0,0,0,-0,0,0,0,0,0,0,0,-0,0,0,0,0,0,0,0,0,0,False,1,99558.900479056625,team-10-v3-controlled,0,1,0.011605399825042606,0,
2022-06-19T08:00:00Z,0,0,0,0,0,0,-0,0,0,0,0,0,0,0,-0,0,0,0,0,0,0,0,0,0,False,1,99558.900479056625,team-10-v3-controlled,0,1,0.011605399825042606,0,
2022-06-19T16:00:00Z,0,0,0,0,0,0,-0,0,0,0,0,0,0,0,-0,0,0,0,0,0,0,0,0,0,False,1,99558.900479056625,team-10-v3-controlled,0,1,0.011605399825042606,0,
2022-06-20T00:00:00Z,0,0,0,0,0,0,-0,0,0,0,0,0,0,0,-0,0,0,0,0,0,0,0,0,0,False,1,99558.900479056625,team-10-v3-controlled,0,1,0.011605399825042606,0,
2022-06-20T08:00:00Z,0,0,0,0,0,0,-0,0,0,0,0,0,0,0,-0,0,0,0,0,0,0,0,0,0,False,1,99558.900479056625,team-10-v3-controlled,0,1,0.011605399825042606,0,
2022-06-20T16:00:00Z,0,0,0,0,0,0,-0,0,0,0,0,0,0,0,-0,0,0,0,0,0,0,0,0,0,False,1,99558.900479056625,team-10-v3-controlled,0,1,0.011605399825042606,0,
2022-06-21T00:00:00Z,0,0,0,0,0,0,-0,0,0,0,0,0,0,0,-0,0,0,0,0,0,0,0,0,0,False,1,99558.900479056625,team-10-v3-controlled,0,1,0.011605399825042606,0,
2022-06-21T08:00:00Z,0,0,0,0,0,0,-0,0,0,0,0,0,0,0,-0,0,0,0,0,0,0,0,0,0,False,1,99558.900479056625,team-10-v3-controlled,0,1,0.011605399825042606,0,
2022-06-21T16:00:00Z,0,0,0,0,0,0,-0,0,0,0,0,0,0,0,-0,0,0,0,0,0,0,0,0,0,False,1,99558.900479056625,team-10-v3-controlled,0,1,0.011605399825042606,0,
2022-06-22T00:00:00Z,0,0,0,0,0,0,-0,0,0,0,0,0,0,0,-0,0,0,0,0,0,0,0,0,0,False,1,99558.900479056625,team-10-v3-controlled,0,1,0.011605399825042606,0,
2022-06-22T08:00:00Z,0,0,0,0,0,0,-0,0,0,0,0,0,0,0,-0,0,0,0,0,0,0,0,0,0,False,1,99558.900479056625,team-10-v3-controlled,0,1,0.011605399825042606,0,
2022-06-22T16:00:00Z,0,0,0,0,0,0,-0,0,0,0,0,0,0,0,-0,0,0,0,0,0,0,0,0,0,False,1,99558.900479056625,team-10-v3-controlled,0,1,0.011605399825042606,0,
2022-06-23T00:00:00Z,0,0,0,0,0,0,-0,0,0,0,0,0,0,0,-0,0,0,0,0,0,0,0,0,0,False,1,99558.900479056625,team-10-v3-controlled,0,1,0.011605399825042606,0,
2022-06-23T08:00:00Z,0,0,0,0,0,0,-0,0,0,0,0,0,0,0,-0,0,0,0,0,0,0,0,0,0,False,1,99558.900479056625,team-10-v3-controlled,0,1,0.011605399825042606,0,
2022-06-23T16:00:00Z,0,0,0,0,0,0,-0,0,0,0,0,0,0,0,-0,0,0,0,0,0,0,0,0,0,False,1,99558.900479056625,team-10-v3-controlled,0,1,0.011605399825042606,0,
2022-06-24T00:00:00Z,0,0,0,0,0,0,-0,0,0,0,0,0,0,0,-0,0,0,0,0,0,0,0,0,0,False,1,99558.900479056625,team-10-v3-controlled,0,1,0.011605399825042606,0,
2022-06-24T08:00:00Z,0,0,0,0,0,0,-0,0,0,0,0,0,0,0,-0,0,0,0,0,0,0,0,0,0,False,1,99558.900479056625,team-10-v3-controlled,0,1,0.011605399825042606,0,
2022-06-24T16:00:00Z,0,0,0,0,0,0,-0,0,0,0,0,0,0,0,-0,0,0,0,0,0,0,0,0,0,False,1,99558.900479056625,team-10-v3-controlled,0,1,0.011605399825042606,0,
2022-06-25T00:00:00Z,0,0,0,0,0,0,-0,0,0,0,0,0,0,0,-0,0,0,0,0,0,0,0,0,0,False,1,99558.900479056625,team-10-v3-controlled,0,1,0.011605399825042606,0,
2022-06-25T08:00:00Z,0,0,0,0,0,0,-0,0,0,0,0,0,0,0,-0,0,0,0,0,0,0,0,0,0,False,1,99558.900479056625,team-10-v3-controlled,0,1,0.011605399825042606,0,
2022-06-25T16:00:00Z,0,0,0,0,0,0,-0,0,0,0,0,0,0,0,-0,0,0,0,0,0,0,0,0,0,False,1,99558.900479056625,team-10-v3-controlled,0,1,0.011605399825042606,0,
2022-06-26T00:00:00Z,0,0,0,0,0,0,-0,0,0,0,0,0,0,0,-0,0,0,0,0,0,0,0,0,0,False,1,99558.900479056625,team-10-v3-controlled,0,1,0.011605399825042606,0,
2022-06-26T08:00:00Z,0,0,0,0,0,0,-0,0,0,0,0,0,0,0,-0,0,0,0,0,0,0,0,0,0,False,1,99558.900479056625,team-10-v3-controlled,0,1,0.011605399825042606,0,
2022-06-26T16:00:00Z,0,0,0,0,0,0,-0,0,0,0,0,0,0,0,-0,0,0,0,0,0,0,0,0,0,False,1,99558.900479056625,team-10-v3-controlled,0,1,0.011605399825042606,0,
2022-06-27T00:00:00Z,0,0,0,0,0,0,-0,0,0,0,0,0,0,0,-0,0,0,0,0,0,0,0,0,0,False,1,99558.900479056625,team-10-v3-controlled,0,1,0.011605399825042606,0,
2022-06-27T08:00:00Z,0,0,0,0,0,0,-0,0,0,0,0,0,0,0,-0,0,0,0,0,0,0,0,0,0,False,1,99558.900479056625,team-10-v3-controlled,0,1,0.011605399825042606,0,
2022-06-27T16:00:00Z,0,0,0,0,0,0,-0,0,0,0,0,0,0,0,-0,0,0,0,0,0,0,0,0,0,False,1,99558.900479056625,team-10-v3-controlled,0,1,0.011605399825042606,0,
2022-06-28T00:00:00Z,0,0,0,0,0,0,-0,0,0,0,0,0,0,0,-0,0,0,0,0,0,0,0,0,0,False,1,99558.900479056625,team-10-v3-controlled,0,1,0.011605399825042606,0,
2022-06-28T08:00:00Z,0,0,0,0,0,0,-0,0,0,0,0,0,0,0,-0,0,0,0,0,0,0,0,0,0,False,1,99558.900479056625,team-10-v3-controlled,0,1,0.011605399825042606,0,
2022-06-28T16:00:00Z,0,0,0,0,0,0,-0,0,0,0,0,0,0,0,-0,0,0,0,0,0,0,0,0,0,False,1,99558.900479056625,team-10-v3-controlled,0,1,0.011605399825042606,0,
2022-06-29T00:00:00Z,0,0,0,0,0,0,-0,0,0,0,0,0,0,0,-0,0,0,0,0,0,0,0,0,0,False,1,99558.900479056625,team-10-v3-controlled,0,1,0.011605399825042606,0,
2022-06-29T08:00:00Z,0,0,0,0,0,0,-0,0,0,0,0,0,0,0,-0,0,0,0,0,0,0,0,0,0,False,1,99558.900479056625,team-10-v3-controlled,0,1,0.011605399825042606,0,
2022-06-29T16:00:00Z,0,0,0,0,0,0,-0,0,0,0,0,0,0,0,-0,0,0,0,0,0,0,0,0,0,False,1,99558.900479056625,team-10-v3-controlled,0,1,0.011605399825042606,0,
2022-06-30T00:00:00Z,0,0,0,0,0,0,-0,0,0,0,0,0,0,0,-0,0,0,0,0,0,0,0,0,0,False,1,99558.900479056625,team-10-v3-controlled,0,1,0.011605399825042606,0,
2022-06-30T08:00:00Z,0,0,0,0,0,0,-0,0,0,0,0,0,0,0,-0,0,0,0,0,0,0,0,0,0,False,1,99558.900479056625,team-10-v3-controlled,0,1,0.011605399825042606,0,
2022-06-30T16:00:00Z,0,0,0,0,0,0,0,0,0,0,0,0,0,0,-0,0,0,0,0,0,0,0,0,0,False,1,99558.900479056625,team-10-v3-controlled,0,1,0.011605399825042606,0,
